romname,missing_name,category,in_controllers_vocab,joycodes,borrowed_p2_slot,existing_names_and_labels,artwork_source_labels
aburner,P1_AD_STICK_Z,high,True,JOYCODE_1_RZAXIS_REVERSE,False,P1_AD_STICK_X=Move; P1_AD_STICK_Y=Move; P1_BUTTON1=Machine Gun; P1_BUTTON2=Missiles; START=Start; COIN=Insert Coin,AxisLeftStick=Move; AxisTriggerLeft=Machine Gun; AxisTriggerRight=Missiles; ButtonA=Missiles; ButtonDpad=Move; ButtonX=Machine Gun; ButtonStart=Start; ButtonBack=Insert Coin
aceattac,P1_POSITIONAL,high,True,JOYCODE_1_BUTTON6 | JOYCODE_1_BUTTON5,False,P1_TRACKBALL_X=Move; P1_TRACKBALL_Y=Move; P1_BUTTON1=Jump / Deflect; START=Start; COIN=Insert Coin,AxisLeftStick=Move; ButtonA=Jump / Deflect; ButtonStart=Start; ButtonBack=Insert Coin
aircomb,P1_AD_STICK_Z,high,True,JOYCODE_1_SLIDER2_NEG_SWITCH | JOYCODE_1_SLIDER1_NEG_SWITCH,False,P1_AD_STICK_X=Move; P1_AD_STICK_Y=Move; P1_BUTTON1=Machine Gun; P1_BUTTON2=Missiles; START=Start; COIN=Insert Coin,AxisLeftStick=Move; AxisTriggerLeft=Throttle Down; AxisTriggerRight=Throttle Up; ButtonA=Missiles; ButtonX=Machine Gun; ButtonStart=Start; ButtonBack=Insert Coin
apache3,P1_AD_STICK_Z,high,True,JOYCODE_1_ZAXIS,False,P1_AD_STICK_X=Move; P1_AD_STICK_Y=Move; P1_BUTTON1=Shoot; P1_BUTTON2=Missile; P1_BUTTON3=Accelerate; START=Start; COIN=Insert Coin,AxisLeftStick=Move; AxisTriggerRight=Accelerate; ButtonA=Missile; ButtonDpad=Move; ButtonX=Shoot; ButtonStart=Start; ButtonBack=Insert Coin
bermudat,P1_POSITIONAL,high,True,JOYCODE_1_ZAXIS_POS_SWITCH OR JOYCODE_1_SLIDER2_NEG_SWITCH | JOYCODE_1_ZAXIS_NEG_SWITCH OR JOYCODE_1_SLIDER1_NEG_SWITCH,False,P1_JOYSTICK=Move; P1_BUTTON1=Shoot; P1_BUTTON2=Shield; START=Start; COIN=Insert Coin,AxisLeftStick=Move; AxisRightStick=Rotate Second Weapon; AxisTriggerLeft=Rotate Left; AxisTriggerRight=Rotate Right; ButtonA=Shield; ButtonDpad=Move; ButtonLeftShoulder=Shield; ButtonRightShoulder=Shoot; ButtonX=Shoot; ButtonStart=Start; ButtonBack=Insert Coin
boothill,P1_POSITIONAL_V,high,True,JOYCODE_1_RZAXIS_REVERSE,False,P1_JOYSTICK=Move; P1_BUTTON1=Shoot; START=Start; COIN=Insert Coin,AxisLeftStick=Move; AxisRightStick=Move Shoot Postiton Up/Down; AxisTriggerRight=Shoot; ButtonA=Shoot; ButtonDpad=Move; ButtonStart=Start; ButtonBack=Insert Coin
bradley,P1_AD_STICK_Z,high,True,JOYCODE_1_RZAXIS_POS_SWITCH | JOYCODE_1_RZAXIS_NEG_SWITCH,False,P1_AD_STICK_X=Move; P1_AD_STICK_Y=Move; P1_BUTTON1=Shoot; P1_BUTTON10=Zoom In; P1_BUTTON2=Single Armor Peircing; P1_BUTTON3=Single Explosive Shot; P1_BUTTON4=Low Rate Armor Peircing; P1_BUTTON5=Low Rate Explosive Shot; P1_BUTTON6=High Rate Armor Peircing; P1_BUTTON7=High Rate Explosive Shot; P1_BUTTON8=7.62mm Machine Gun; P1_BUTTON9=TOW Missile; START=Start; COIN=Insert Coin,AxisLeftStick=Move; AxisRightStick=Change Range UP/DOWN; AxisTriggerLeft=Zoom In; AxisTriggerRight=Shoot; ButtonA=Single Explosive Shot; ButtonB=Low Rate Explosive Shot; ButtonDpadDown=Single Armor Peircing; ButtonDpadLeft=Low Rate Armor Peircing; ButtonDpadUp=High Rate Armor Peircing; ButtonLeftShoulder=TOW Missile; ButtonRightShoulder=7.62mm Machine Gun; ButtonY=High Rate Explosive Shot; ButtonStart=Start; ButtonBack=Insert Coin
citybomb,P1_PEDAL,high,True,JOYCODE_1_SLIDER2_NEG,False,P1_JOYSTICK=Move; P1_PADDLE=Move; P1_BUTTON1=Shoot; P1_BUTTON2=Jump; P1_BUTTON3=Brake; START=Start; COIN=Insert Coin,AxisLeftStick=Move; ButtonA=Jump; ButtonB=Brake; ButtonDpad=Move; ButtonX=Shoot; ButtonStart=Start; ButtonBack=Insert Coin
clowns,P1_PADDLE,high,True,JOYCODE_1_XAXIS_RIGHT_SWITCH | JOYCODE_1_XAXIS_LEFT_SWITCH,False,START=Start; COIN=Insert Coin,AxisLeftStick=Move; ButtonDpad=Move; ButtonStart=Start; ButtonBack=Insert Coin
copsnrob,P1_POSITIONAL_V,high,True,JOYCODE_1_YAXIS_DOWN_SWITCH | JOYCODE_1_YAXIS_UP_SWITCH,False,P1_BUTTON1=Shoot; P1_BUTTON2=Accelerate; START=Start; COIN=Insert Coin,AxisLeftStick=Move Gun Up / Down; AxisTriggerRight=Accelerate; ButtonA=Shoot; ButtonStart=Start; ButtonBack=Insert Coin
dendego,P1_PADDLE,high,True,JOYCODE_1_ZAXIS_POS_SWITCH | JOYCODE_1_ZAXIS_NEG_SWITCH,False,P1_BUTTON1=Horn; START=Start; COIN=Insert Coin,AxisLeftStick=Throttle (Up/Down); AxisRightStick=Brake (Left/Right); ButtonA=Horn; ButtonStart=Start; ButtonBack=Insert Coin
dendego,P1_POSITIONAL_V,high,True,JOYCODE_1_YAXIS_UP_SWITCH | JOYCODE_1_YAXIS_DOWN_SWITCH,False,P1_BUTTON1=Horn; START=Start; COIN=Insert Coin,AxisLeftStick=Throttle (Up/Down); AxisRightStick=Brake (Left/Right); ButtonA=Horn; ButtonStart=Start; ButtonBack=Insert Coin
dendego2,P1_PADDLE,high,True,JOYCODE_1_ZAXIS_POS_SWITCH | JOYCODE_1_ZAXIS_NEG_SWITCH,False,P1_BUTTON1=Horn; START=Start; COIN=Insert Coin,AxisLeftStick=Throttle (Up/Down); AxisRightStick=Brake (Left/Right); ButtonA=Horn; ButtonStart=Start; ButtonBack=Insert Coin
dendego2,P1_POSITIONAL_V,high,True,JOYCODE_1_YAXIS_UP_SWITCH | JOYCODE_1_YAXIS_DOWN_SWITCH,False,P1_BUTTON1=Horn; START=Start; COIN=Insert Coin,AxisLeftStick=Throttle (Up/Down); AxisRightStick=Brake (Left/Right); ButtonA=Horn; ButtonStart=Start; ButtonBack=Insert Coin
dendegox,P1_PADDLE,high,True,JOYCODE_1_ZAXIS_POS_SWITCH | JOYCODE_1_ZAXIS_NEG_SWITCH,False,P1_BUTTON1=Horn; START=Start; COIN=Insert Coin,AxisLeftStick=Throttle (Up/Down); AxisRightStick=Brake (Left/Right); ButtonA=Horn; ButtonStart=Start; ButtonBack=Insert Coin
dendegox,P1_POSITIONAL_V,high,True,JOYCODE_1_YAXIS_UP_SWITCH | JOYCODE_1_YAXIS_DOWN_SWITCH,False,P1_BUTTON1=Horn; START=Start; COIN=Insert Coin,AxisLeftStick=Throttle (Up/Down); AxisRightStick=Brake (Left/Right); ButtonA=Horn; ButtonStart=Start; ButtonBack=Insert Coin
dogpatch,P1_POSITIONAL_V,high,True,JOYCODE_1_YAXIS_REVERSE,False,P1_BUTTON1=Shoot; START=Start; COIN=Insert Coin,AxisLeftStick=Move; AxisTriggerRight=Shoot; ButtonA=Shoot; ButtonStart=Start; ButtonBack=Insert Coin
downtown,P1_POSITIONAL,high,True,JOYCODE_1_ZAXIS_POS_SWITCH OR JOYCODE_1_SLIDER2_NEG_SWITCH | JOYCODE_1_ZAXIS_NEG_SWITCH OR JOYCODE_1_SLIDER1_NEG_SWITCH,False,P1_JOYSTICK=Move; P1_BUTTON1=Punch; P1_BUTTON2=Kick; START=Start; COIN=Insert Coin,AxisLeftStick=Move; AxisRightStick=Rotate; AxisTriggerLeft=Rotate Left; AxisTriggerRight=Rotate Right; ButtonA=Kick; ButtonDpad=Move; ButtonLeftShoulder=Kick; ButtonRightShoulder=Punch; ButtonX=Punch; ButtonStart=Start; ButtonBack=Insert Coin
downtownj,P1_POSITIONAL,high,True,JOYCODE_1_ZAXIS_POS_SWITCH OR JOYCODE_1_SLIDER2_NEG_SWITCH | JOYCODE_1_ZAXIS_NEG_SWITCH OR JOYCODE_1_SLIDER1_NEG_SWITCH,False,P1_JOYSTICK=Move; P1_BUTTON1=Punch; P1_BUTTON2=Kick; START=Start; COIN=Insert Coin,AxisLeftStick=Move; AxisRightStick=Rotate; AxisTriggerLeft=Rotate Left; AxisTriggerRight=Rotate Right; ButtonA=Kick; ButtonDpad=Move; ButtonLeftShoulder=Kick; ButtonRightShoulder=Punch; ButtonX=Punch; ButtonStart=Start; ButtonBack=Insert Coin
exctleag,P1_POSITIONAL_V,high,True,JOYCODE_1_SLIDER2_NEG,False,P1_TRACKBALL_X=Pitch / Throw / Run; P1_TRACKBALL_Y=Pitch / Throw / Run; P1_BUTTON1=Change; P1_BUTTON2=Select; P1_BUTTON3=Chase; START=Start; COIN=Insert Coin,AxisLeftStick=Pitch / Throw / Run; AxisRightStick=Bat; ButtonA=Select; ButtonB=Chase; ButtonX=Change; ButtonStart=Start; ButtonBack=Insert Coin
exctleag,P1_POSITIONAL_V,high,True,JOYCODE_1_RZAXIS,False,P1_TRACKBALL_X=Pitch / Throw / Run; P1_TRACKBALL_Y=Pitch / Throw / Run; P1_BUTTON1=Change; P1_BUTTON2=Select; P1_BUTTON3=Chase; START=Start; COIN=Insert Coin,AxisLeftStick=Pitch / Throw / Run; AxisRightStick=Bat; ButtonA=Select; ButtonB=Chase; ButtonX=Change; ButtonStart=Start; ButtonBack=Insert Coin
exctleag,P1_POSITIONAL_V,high,True,JOYCODE_1_YAXIS_REVERSE,False,P1_TRACKBALL_X=Pitch / Throw / Run; P1_TRACKBALL_Y=Pitch / Throw / Run; P1_BUTTON1=Change; P1_BUTTON2=Select; P1_BUTTON3=Chase; START=Start; COIN=Insert Coin,AxisLeftStick=Pitch / Throw / Run; AxisRightStick=Bat; ButtonA=Select; ButtonB=Chase; ButtonX=Change; ButtonStart=Start; ButtonBack=Insert Coin
glfgreat,P1_PEDAL,high,True,JOYCODE_1_SLIDER2,False,P1_JOYSTICK=Move; P1_BUTTON1=Draw / Fade; P1_BUTTON2=Shot; START=Start; COIN=Insert Coin,AxisLeftStick=Move; ButtonA=Shot; ButtonDpad=Move; ButtonX=Draw / Fade; ButtonStart=Start; ButtonBack=Insert Coin
gobyrc,P1_PADDLE_V,high,True,JOYCODE_1_SLIDER1_NEG_SWITCH | JOYCODE_1_SLIDER2_NEG_SWITCH,False,P1_PADDLE=Steering; START=Start; COIN=Insert Coin,AxisLeftStick=Steering; AxisTriggerLeft=Brake; AxisTriggerRight=Accelerate; ButtonStart=Start; ButtonBack=Insert Coin
gondo,P1_POSITIONAL,high,True,JOYCODE_1_ZAXIS_POS_SWITCH OR JOYCODE_1_SLIDER2_NEG_SWITCH | JOYCODE_1_ZAXIS_NEG_SWITCH OR JOYCODE_1_SLIDER1_NEG_SWITCH,False,P1_JOYSTICK=Move; P1_BUTTON1=Shoot; P1_BUTTON2=Alt Fire; START=Start; COIN=Insert Coin,AxisLeftStick=Move; AxisRightStick=Aim Direction / Rotate Left & Right; AxisTriggerLeft=Rotate Left; AxisTriggerRight=Rotate Right; ButtonA=Alt Fire; ButtonDpad=Move; ButtonLeftShoulder=Alt Fire; ButtonRightShoulder=Shoot; ButtonX=Shoot; ButtonStart=Start; ButtonBack=Insert Coin
gunfight,P1_POSITIONAL_V,high,True,JOYCODE_1_RZAXIS_REVERSE,False,P1_JOYSTICK=Move; P1_BUTTON1=Shoot; START=Start; COIN=Insert Coin,AxisLeftStick=Move; AxisRightStick=Move Shoot Postiton Up/Down; AxisTriggerRight=Shoot; ButtonDpad=Move; ButtonStart=Start; ButtonBack=Insert Coin
gwar,P1_POSITIONAL,high,True,JOYCODE_1_ZAXIS_POS_SWITCH OR JOYCODE_1_SLIDER2_NEG_SWITCH | JOYCODE_1_ZAXIS_NEG_SWITCH OR JOYCODE_1_SLIDER1_NEG_SWITCH,False,P1_JOYSTICK=Move; P1_BUTTON1=Shoot; P1_BUTTON2=Grenade; START=Start; COIN=Insert Coin,AxisLeftStick=Move; ButtonA=Grenade; ButtonDpad=Move; ButtonX=Shoot; ButtonStart=Start; ButtonBack=Insert Coin
harddriv,P1_AD_STICK_X,high,True,JOYCODE_1_ZAXIS,False,P1_PEDAL=Accelerate; P1_PEDAL2=Brake; P1_PADDLE=Steering; START=Start / Key; COIN=Insert Coin,AxisLeftStick=Steering; AxisTriggerLeft=Brake; AxisTriggerRight=Accelerate; ButtonStart=Start / Key; ButtonBack=Insert Coin
harddriv,P1_AD_STICK_Y,high,True,JOYCODE_1_RZAXIS,False,P1_PEDAL=Accelerate; P1_PEDAL2=Brake; P1_PADDLE=Steering; START=Start / Key; COIN=Insert Coin,AxisLeftStick=Steering; AxisTriggerLeft=Brake; AxisTriggerRight=Accelerate; ButtonStart=Start / Key; ButtonBack=Insert Coin
hbarrel,P1_POSITIONAL,high,True,JOYCODE_1_ZAXIS_POS_SWITCH | JOYCODE_1_ZAXIS_NEG_SWITCH,False,P1_JOYSTICK=Move; P1_BUTTON1=Shoot; P1_BUTTON2=Grenade; START=Start; COIN=Insert Coin,AxisLeftStick=Move; AxisRightStick=Aim Direction / Spin Left & Right; ButtonA=Grenade; ButtonDpad=Move; ButtonX=Shoot; ButtonStart=Start; ButtonBack=Insert Coin
ikari,P1_POSITIONAL,high,True,JOYCODE_1_ZAXIS_POS_SWITCH OR JOYCODE_1_SLIDER2_NEG_SWITCH | JOYCODE_1_ZAXIS_NEG_SWITCH OR JOYCODE_1_SLIDER1_NEG_SWITCH,False,P1_JOYSTICK=Move; P1_BUTTON1=Shoot; P1_BUTTON2=Grenade; START=Start; COIN=Insert Coin,AxisLeftStick=Move; AxisRightStick=Rotate Shoot Position; AxisTriggerLeft=Rotate Left; AxisTriggerRight=Rotate Right; ButtonA=Grenade; ButtonDpad=Move; ButtonLeftShoulder=Grenade; ButtonRightShoulder=Shoot; ButtonX=Shoot; ButtonStart=Start; ButtonBack=Insert Coin
ikari3w,P1_POSITIONAL,high,True,JOYCODE_1_ZAXIS_POS_SWITCH OR JOYCODE_1_SLIDER2_NEG_SWITCH | JOYCODE_1_ZAXIS_NEG_SWITCH OR JOYCODE_1_SLIDER1_NEG_SWITCH,False,P1_JOYSTICK=Move; P1_BUTTON1=Kick; P1_BUTTON2=Punch; P1_BUTTON3=Jump; START=Start; COIN=Insert Coin,AxisLeftStick=Move; AxisRightStick=Rotate Attack Position; AxisTriggerLeft=Rotate Left; AxisTriggerRight=Rotate Right; ButtonA=Jump; ButtonB=Kick; ButtonDpad=Move; ButtonX=Punch; ButtonY=Kick; ButtonStart=Start; ButtonBack=Insert Coin
jackalr,P1_POSITIONAL,high,True,JOYCODE_1_SLIDER2_NEG_SWITCH OR JOYCODE_1_ZAXIS_POS_SWITCH | JOYCODE_1_SLIDER1_NEG_SWITCH OR JOYCODE_1_ZAXIS_NEG_SWITCH,False,P1_JOYSTICK=Move; P1_BUTTON1=Shoot; P1_BUTTON2=Grenade; START=Start; COIN=Insert Coin,AxisLeftStick=Move; AxisRightStick=Rotate Turret; AxisTriggerLeft=Rotate Left; AxisTriggerRight=Rotate Right; ButtonA=Grenade; ButtonDpad=Move; ButtonLeftShoulder=Grenade; ButtonRightShoulder=Shoot; ButtonX=Shoot; ButtonStart=Start; ButtonBack=Insert Coin
jetwave,P1_PEDAL,high,True,JOYCODE_1_SLIDER2_NEG,False,P1_JOYSTICK_LEFT=Turn Harder; P1_JOYSTICK_RIGHT=Turn Harder; P1_PADDLE=Turn; P1_BUTTON6=Accelerate; START=Start / View; COIN=Insert Coin,AxisLeftStick=Turn; AxisRightStick=Turn Harder; ButtonRightShoulder=Accelerate; ButtonStart=Start / View; ButtonBack=Insert Coin
lastsurv,P1_POSITIONAL,high,True,JOYCODE_1_ZAXIS_POS_SWITCH OR JOYCODE_1_BUTTON6 | JOYCODE_1_ZAXIS_NEG_SWITCH OR JOYCODE_1_BUTTON5,False,P1_BUTTON1=Shoot / Select; COIN=Insert Coin,AxisLeftStick=Move; AxisRightStick=Turn; AxisTriggerRight=Shoot; ButtonA=Shoot / Select; ButtonLeftShoulder=Turn Left; ButtonRightShoulder=Turn Right; ButtonStart=Start; ButtonBack=Insert Coin
luckywld,P1_PEDAL2,high,True,JOYCODE_1_SLIDER1_NEG,False,P1_PEDAL=Accelerate; P1_PADDLE=P1 Steer / P2 Crosshair; P1_LIGHTGUN_X=P1 Move Crosshair; P1_LIGHTGUN_Y=P1 Move Crosshair; P1_BUTTON1=P1 Shoot; START=Start; COIN=Insert Coin,AxisLeftStick=P1 Steer / P2 Crosshair; AxisRightStick=P1 Move Crosshair; AxisTriggerRight=Accelerate; ButtonA=P2 Shoot; ButtonLeftShoulder=Brake; ButtonRightShoulder=P1 Shoot; ButtonStart=Start; ButtonBack=Insert Coin
mazeinv,P1_AD_STICK_X,high,True,JOYCODE_1_XAXIS_RIGHT_SWITCH | JOYCODE_1_XAXIS_LEFT_SWITCH,False,P1_BUTTON1=Reverse; P1_BUTTON2=Shoot; START=Start; COIN=Insert Coin,AxisLeftStick=Move; ButtonA=Shoot; ButtonDpad=Move; ButtonX=Reverse; ButtonStart=Start; ButtonBack=Insert Coin
mazeinv,P1_AD_STICK_Y,high,True,JOYCODE_1_YAXIS_DOWN_SWITCH | JOYCODE_1_YAXIS_UP_SWITCH,False,P1_BUTTON1=Reverse; P1_BUTTON2=Shoot; START=Start; COIN=Insert Coin,AxisLeftStick=Move; ButtonA=Shoot; ButtonDpad=Move; ButtonX=Reverse; ButtonStart=Start; ButtonBack=Insert Coin
mechatt,P1_LIGHTGUN_Y,high,True,JOYCODE_1_RZAXIS OR MOUSECODE_1_YAXIS,False,P1_LIGHTGUN_X=Move Crosshair; P1_BUTTON1=Shoot; P1_BUTTON2=Grenade; START=Start; COIN=Insert Coin,AxisLeftStick=Move Crosshair; AxisTriggerLeft=Grenade; AxisTriggerRight=Shoot; ButtonA=Grenade; ButtonDpad=Move; ButtonX=Shoot; ButtonStart=Start; ButtonBack=Insert Coin
micon2,P1_PADDLE,high,True,JOYCODE_1_XAXIS_RIGHT_SWITCH | JOYCODE_1_XAXIS_LEFT_SWITCH,False,START=Start; COIN=Insert Coin,AxisLeftStick=Move; ButtonDpad=Move; ButtonX=Button; ButtonStart=Start; ButtonBack=Insert Coin
midres,P1_POSITIONAL,high,True,JOYCODE_1_ZAXIS_POS_SWITCH OR JOYCODE_1_SLIDER2_NEG_SWITCH | JOYCODE_1_ZAXIS_NEG_SWITCH OR JOYCODE_1_SLIDER1_NEG_SWITCH,False,P1_JOYSTICK=Move; P1_BUTTON1=Shoot; P1_BUTTON2=Jump; START=Start; COIN=Insert Coin,AxisLeftStick=Move; AxisRightStick=Aim Direction / Rotate Left & Right; AxisTriggerLeft=Rotate Left; AxisTriggerRight=Rotate Right; ButtonA=Jump; ButtonDpad=Move; ButtonLeftShoulder=Jump; ButtonRightShoulder=Shoot; ButtonX=Shoot; ButtonStart=Start; ButtonBack=Insert Coin
midresbj,P1_POSITIONAL,high,True,JOYCODE_1_ZAXIS_POS_SWITCH OR JOYCODE_1_SLIDER2_NEG_SWITCH | JOYCODE_1_ZAXIS_NEG_SWITCH OR JOYCODE_1_SLIDER1_NEG_SWITCH,False,P1_JOYSTICK=Move; P1_BUTTON1=Shoot; P1_BUTTON2=Jump,AxisLeftStick=Move; AxisRightStick=Aim Direction / Rotate Left & Right; AxisTriggerLeft=Rotate Left; AxisTriggerRight=Rotate Right; ButtonA=Jump; ButtonDpad=Move; ButtonLeftShoulder=Jump; ButtonRightShoulder=Shoot; ButtonX=Shoot; ButtonStart=Start; ButtonBack=Insert Coin
mlanding,P1_AD_STICK_Z,high,True,JOYCODE_1_RZAXIS_POS_SWITCH | JOYCODE_1_RZAXIS_NEG_SWITCH,False,P1_AD_STICK_X=Yoke; P1_AD_STICK_Y=Yoke; START=Start; COIN=Insert Coin,AxisLeftStick=Yoke; AxisRightStick=Throttle Up / Down; ButtonA=Door; ButtonStart=Start; ButtonBack=Insert Coin
mpumpkin,P1_POSITIONAL,high,True,JOYCODE_1_XAXIS_RIGHT_SWITCH | JOYCODE_1_XAXIS_LEFT_SWITCH,False,P1_BUTTON1=Button 1; P1_BUTTON2=Button 3; P1_BUTTON3=Button 2; COIN=Insert Coin,AxisLeftStick=Move; ButtonA=Button 2; ButtonB=Button 3; ButtonDpad=Move; ButtonX=Button 1; ButtonStart=Start; ButtonBack=Insert Coin
offroadc,P1_PEDAL2,high,True,JOYCODE_1_SLIDER1_NEG,False,P1_PEDAL=Accelerate; P1_PADDLE=Steering; P1_BUTTON1=Change Music; P1_BUTTON2=View 1; P1_BUTTON3=View 2; P1_BUTTON4=View 3; START=Boost; COIN=Insert Coin,AxisLeftStick=Steering; AxisTriggerRight=Accelerate; ButtonA=Boost; ButtonDpadLeft=View 2; ButtonDpadRight=View 3; ButtonDpadUp=View 1; ButtonLeftShoulder=Brake; ButtonY=Change Music; ButtonStart=Start; ButtonBack=Insert Coin
pdrift,P1_PEDAL2,high,True,JOYCODE_1_SLIDER1_NEG,False,P1_PEDAL=Accelerate; P1_PADDLE=Steering; P1_BUTTON3=Change Gear; START=Start; COIN=Insert Coin,AxisLeftStick=Steering; AxisTriggerRight=Accelerate; ButtonA=Change Gear; ButtonLeftShoulder=Brake; ButtonStart=Start; ButtonBack=Insert Coin
pdriftl,P1_PEDAL2,high,True,JOYCODE_1_SLIDER1_NEG,False,P1_PEDAL=Accelerate; P1_PADDLE=Steering; P1_BUTTON3=Change Gear; START=Start; COIN=Insert Coin,AxisLeftStick=Steering; AxisTriggerRight=Accelerate; ButtonA=Change Gear; ButtonLeftShoulder=Brake; ButtonStart=Start; ButtonBack=Insert Coin
racedriv,P1_AD_STICK_X,high,True,JOYCODE_1_ZAXIS,False,P1_PEDAL=Accelerate; P1_PEDAL2=Brake; P1_PADDLE=Steering; START=Start / Key; COIN=Insert Coin,AxisLeftStick=Steering; AxisTriggerLeft=Brake; AxisTriggerRight=Accelerate; ButtonStart=Start / Key; ButtonBack=Insert Coin
racedriv,P1_AD_STICK_Y,high,True,JOYCODE_1_RZAXIS,False,P1_PEDAL=Accelerate; P1_PEDAL2=Brake; P1_PADDLE=Steering; START=Start / Key; COIN=Insert Coin,AxisLeftStick=Steering; AxisTriggerLeft=Brake; AxisTriggerRight=Accelerate; ButtonStart=Start / Key; ButtonBack=Insert Coin
skimaxx,P1_AD_STICK_Y,high,True,JOYCODE_1_ZAXIS,False,P1_AD_STICK_X=Move; P1_BUTTON1=Menu 1; P1_BUTTON2=Menu 2; START=Start; COIN=Insert Coin,AxisLeftStick=Move; ButtonA=Menu 2; ButtonX=Menu 1; ButtonStart=Start; ButtonBack=Insert Coin
spyhunt2,P1_PEDAL,high,True,JOYCODE_1_BUTTON3 OR JOYCODE_1_BUTTON1 OR JOYCODE_1_BUTTON2,False,P1_PADDLE=Steering; P1_BUTTON1=Right Trigger; P1_BUTTON2=Left Button; P1_BUTTON3=Left Trigger; P1_BUTTON4=Right Button; P1_BUTTON5=Gas (1st Gear); P1_BUTTON6=Gas (2nd Gear); P1_BUTTON7=Gas (3rd Gear); START=Start; COIN=Insert Coin,AxisLeftStick=Steering; AxisTriggerLeft=Left Trigger; AxisTriggerRight=Right Trigger; ButtonA=Gas (2nd Gear); ButtonB=Gas (3rd Gear); ButtonLeftShoulder=Left Button; ButtonRightShoulder=Right Button; ButtonX=Gas (1st Gear); ButtonStart=Start; ButtonBack=Insert Coin
suprleag,P1_POSITIONAL_V,high,True,JOYCODE_1_SLIDER2_NEG,False,P1_TRACKBALL_X=Pitch / Throw / Run; P1_TRACKBALL_Y=Pitch / Throw / Run; P1_BUTTON1=Change; P1_BUTTON2=Select; P1_BUTTON3=Chase; START=Start; COIN=Insert Coin,AxisLeftStick=Pitch / Throw / Run; AxisRightStick=Bat; ButtonA=Select; ButtonB=Chase; ButtonX=Change; ButtonStart=Start; ButtonBack=Insert Coin
suprleag,P1_POSITIONAL_V,high,True,JOYCODE_1_RZAXIS,False,P1_TRACKBALL_X=Pitch / Throw / Run; P1_TRACKBALL_Y=Pitch / Throw / Run; P1_BUTTON1=Change; P1_BUTTON2=Select; P1_BUTTON3=Chase; START=Start; COIN=Insert Coin,AxisLeftStick=Pitch / Throw / Run; AxisRightStick=Bat; ButtonA=Select; ButtonB=Chase; ButtonX=Change; ButtonStart=Start; ButtonBack=Insert Coin
suprleag,P1_POSITIONAL_V,high,True,JOYCODE_1_YAXIS_REVERSE,False,P1_TRACKBALL_X=Pitch / Throw / Run; P1_TRACKBALL_Y=Pitch / Throw / Run; P1_BUTTON1=Change; P1_BUTTON2=Select; P1_BUTTON3=Chase; START=Start; COIN=Insert Coin,AxisLeftStick=Pitch / Throw / Run; AxisRightStick=Bat; ButtonA=Select; ButtonB=Chase; ButtonX=Change; ButtonStart=Start; ButtonBack=Insert Coin
tceptor,P1_AD_STICK_X,high,True,JOYCODE_1_XAXIS_RIGHT_SWITCH | JOYCODE_1_XAXIS_LEFT_SWITCH,False,P1_BUTTON1=Shoot; P1_BUTTON2=Missile; COIN=Insert Coin,AxisLeftStick=Move; ButtonA=Missile; ButtonDpad=Move; ButtonX=Shoot; ButtonStart=Start; ButtonBack=Insert Coin
tceptor,P1_AD_STICK_Y,high,True,JOYCODE_1_YAXIS_DOWN_SWITCH | JOYCODE_1_YAXIS_UP_SWITCH,False,P1_BUTTON1=Shoot; P1_BUTTON2=Missile; COIN=Insert Coin,AxisLeftStick=Move; ButtonA=Missile; ButtonDpad=Move; ButtonX=Shoot; ButtonStart=Start; ButtonBack=Insert Coin
tceptor,P1_PEDAL,high,True,JOYCODE_1_SLIDER2_NEG,False,P1_BUTTON1=Shoot; P1_BUTTON2=Missile; COIN=Insert Coin,AxisLeftStick=Move; ButtonA=Missile; ButtonDpad=Move; ButtonX=Shoot; ButtonStart=Start; ButtonBack=Insert Coin
tceptor2,P1_AD_STICK_X,high,True,JOYCODE_1_XAXIS_RIGHT_SWITCH | JOYCODE_1_XAXIS_LEFT_SWITCH,False,P1_BUTTON1=Shoot; P1_BUTTON2=Missile; COIN=Insert Coin,AxisLeftStick=Move; ButtonA=Missile; ButtonDpad=Move; ButtonX=Shoot; ButtonStart=Start; ButtonBack=Insert Coin
tceptor2,P1_AD_STICK_Y,high,True,JOYCODE_1_YAXIS_DOWN_SWITCH | JOYCODE_1_YAXIS_UP_SWITCH,False,P1_BUTTON1=Shoot; P1_BUTTON2=Missile; COIN=Insert Coin,AxisLeftStick=Move; ButtonA=Missile; ButtonDpad=Move; ButtonX=Shoot; ButtonStart=Start; ButtonBack=Insert Coin
tceptor2,P1_PEDAL,high,True,JOYCODE_1_SLIDER2_NEG,False,P1_BUTTON1=Shoot; P1_BUTTON2=Missile; COIN=Insert Coin,AxisLeftStick=Move; ButtonA=Missile; ButtonDpad=Move; ButtonX=Shoot; ButtonStart=Start; ButtonBack=Insert Coin
thegrid,P1_TRACKBALL_X,high,True,JOYCODE_1_ZAXIS,False,P1_AD_STICK_X=Move; P1_AD_STICK_Y=Move; P1_BUTTON1=Jump; P1_BUTTON2=Super Weapon; P1_BUTTON3=Shoot; START=Start; COIN=Insert Coin,AxisLeftStick=Move; AxisTriggerLeft=Super Weapon; AxisTriggerRight=Shoot; ButtonA=Jump; ButtonRightStick=Turn; ButtonStart=Start; ButtonBack=Insert Coin
thegrid,P1_TRACKBALL_Y,high,True,JOYCODE_1_RZAXIS,False,P1_AD_STICK_X=Move; P1_AD_STICK_Y=Move; P1_BUTTON1=Jump; P1_BUTTON2=Super Weapon; P1_BUTTON3=Shoot; START=Start; COIN=Insert Coin,AxisLeftStick=Move; AxisTriggerLeft=Super Weapon; AxisTriggerRight=Shoot; ButtonA=Jump; ButtonRightStick=Turn; ButtonStart=Start; ButtonBack=Insert Coin
thndrbld,P1_AD_STICK_Z,high,True,JOYCODE_1_RZAXIS_REVERSE,False,P1_AD_STICK_X=Move; P1_AD_STICK_Y=Move; P1_BUTTON1=Shoot; P1_BUTTON2=Missiles; START=Start; COIN=Insert Coin,AxisLeftStick=Move; AxisTriggerLeft=Missiles; AxisTriggerRight=Shoot; ButtonA=Missiles; ButtonDpad=Move; ButtonRightStick=Throttle; ButtonX=Shoot; ButtonStart=Start; ButtonBack=Insert Coin
timesold,P1_POSITIONAL,high,True,JOYCODE_1_ZAXIS_POS_SWITCH OR JOYCODE_1_SLIDER2_NEG_SWITCH | JOYCODE_1_ZAXIS_NEG_SWITCH OR JOYCODE_1_SLIDER1_NEG_SWITCH,False,P1_JOYSTICK=Move; P1_BUTTON1=Shoot; P1_BUTTON2=Special Attack; START=Start; COIN=Insert Coin,AxisLeftStick=Move; AxisRightStick=Rotate Shoot Position; AxisTriggerLeft=Rotate Left; AxisTriggerRight=Rotate Right; ButtonA=Special Attack; ButtonDpad=Move; ButtonLeftShoulder=Special Attack; ButtonRightShoulder=Shoot; ButtonX=Shoot; ButtonStart=Start; ButtonBack=Insert Coin
tnk3,P1_POSITIONAL,high,True,JOYCODE_1_ZAXIS_POS_SWITCH OR JOYCODE_1_SLIDER2_NEG_SWITCH | JOYCODE_1_ZAXIS_NEG_SWITCH OR JOYCODE_1_SLIDER1_NEG_SWITCH,False,P1_JOYSTICK=Move; P1_BUTTON1=Canon; P1_BUTTON2=Machine Gun; START=Start; COIN=Insert Coin,AxisLeftStick=Move; ButtonA=Canon; ButtonDpad=Move; ButtonX=Machine Gun; ButtonStart=Start; ButtonBack=Insert Coin
tokyowar,P1_PEDAL,high,True,JOYCODE_1_YAXIS_UP_SWITCH,False,P1_PADDLE=Move; START=View Change; COIN=Insert Coin,AxisLeftStick=Move; ButtonLeftShoulder=Left Gun; ButtonRightShoulder=Right Gun; ButtonY=View Change; ButtonStart=Start; ButtonBack=Insert Coin
tokyowar,P1_PEDAL2,high,True,JOYCODE_1_YAXIS_DOWN_SWITCH,False,P1_PADDLE=Move; START=View Change; COIN=Insert Coin,AxisLeftStick=Move; ButtonLeftShoulder=Left Gun; ButtonRightShoulder=Right Gun; ButtonY=View Change; ButtonStart=Start; ButtonBack=Insert Coin
topgunbl,P1_POSITIONAL,high,True,JOYCODE_1_SLIDER2_NEG_SWITCH OR JOYCODE_1_ZAXIS_POS_SWITCH | JOYCODE_1_SLIDER1_NEG_SWITCH OR JOYCODE_1_ZAXIS_NEG_SWITCH,False,P1_JOYSTICK=Move; P1_BUTTON1=Shoot; P1_BUTTON2=Grenade; START=Start; COIN=Insert Coin,AxisLeftStick=Move; AxisRightStick=Rotate Turret; AxisTriggerLeft=Rotate Left; AxisTriggerRight=Rotate Right; ButtonA=Grenade; ButtonDpad=Move; ButtonLeftShoulder=Grenade; ButtonRightShoulder=Shoot; ButtonX=Shoot; ButtonStart=Start; ButtonBack=Insert Coin
topgunnr,P1_PADDLE,high,True,JOYCODE_1_RZAXIS_NEG_SWITCH | JOYCODE_1_RZAXIS_POS_SWITCH,False,P1_AD_STICK_X=Move; P1_AD_STICK_Y=Move; P1_BUTTON1=Shoot; P1_BUTTON2=Shield; START=Start; COIN=Insert Coin,AxisLeftStick=Move; AxisRightStick=Horizon View; ButtonA=Shield; ButtonX=Shoot; ButtonStart=Start; ButtonBack=Insert Coin
topspeed,P1_PEDAL2,high,True,JOYCODE_1_SLIDER1_NEG,False,P1_PEDAL=Accelerate; P1_PADDLE=Steering; P1_BUTTON3=Turbo; P1_BUTTON4=Change Gear; START=Start; COIN=Insert Coin,AxisLeftStick=Steering; AxisTriggerRight=Accelerate; ButtonA=Turbo; ButtonLeftShoulder=Brake; ButtonX=Change Gear; ButtonStart=Start; ButtonBack=Insert Coin
victroad,P1_POSITIONAL,high,True,JOYCODE_1_ZAXIS_POS_SWITCH OR JOYCODE_1_SLIDER2_NEG_SWITCH | JOYCODE_1_ZAXIS_NEG_SWITCH OR JOYCODE_1_SLIDER1_NEG_SWITCH,False,P1_JOYSTICK=Move; P1_BUTTON1=Shoot; P1_BUTTON2=Grenade; START=Start; COIN=Insert Coin,AxisLeftStick=Move; ButtonA=Grenade; ButtonDpad=Move; ButtonX=Shoot; ButtonStart=Start; ButtonBack=Insert Coin
warfa,P1_AD_STICK_Y,high,True,JOYCODE_1_RZAXIS_NEG_SWITCH | JOYCODE_1_RZAXIS_POS_SWITCH,False,P1_AD_STICK_X=Look; P1_BUTTON2=Shoot; P1_BUTTON4=View; START=Start; COIN=Insert Coin,AxisLeftStick=Move; AxisRightStick=Look; AxisTriggerRight=Shoot; ButtonY=View; ButtonStart=Start; ButtonBack=Insert Coin
wingwar,P1_PEDAL,high,True,JOYCODE_1_RZAXIS,False,P1_AD_STICK_X=Move; P1_AD_STICK_Y=Move; P1_BUTTON1=Machine Gun; P1_BUTTON2=Missiles; P1_BUTTON3=Smoke; P1_BUTTON4=VR1 / RED; P1_BUTTON5=VR2 / BLUE; P1_BUTTON6=VR3 / YELLOW; P1_BUTTON7=VR4 / GREEN; START=Start; COIN=Insert Coin,AxisLeftStick=Move; AxisTriggerLeft=Machine Gun; AxisTriggerRight=Missiles; ButtonA=Missiles; ButtonB=Smoke; ButtonDpadDown=VR2 / BLUE; ButtonDpadLeft=VR3 / YELLOW; ButtonDpadRight=VR4 / GREEN; ButtonDpadUp=VR1 / RED; ButtonRightStick=Throttle; ButtonX=Machine Gun; ButtonStart=Start; ButtonBack=Insert Coin
worldwar,P1_POSITIONAL,high,True,JOYCODE_1_ZAXIS_POS_SWITCH OR JOYCODE_1_SLIDER2_NEG_SWITCH | JOYCODE_1_ZAXIS_NEG_SWITCH OR JOYCODE_1_SLIDER1_NEG_SWITCH,False,P1_JOYSTICK=Move; P1_BUTTON1=Shoot; P1_BUTTON2=Bomb; START=Start; COIN=Insert Coin,AxisLeftStick=Move; AxisRightStick=Rotate Shoot Position; AxisTriggerLeft=Rotate Left; AxisTriggerRight=Rotate Right; ButtonA=Bomb; ButtonDpad=Move; ButtonLeftShoulder=Bomb; ButtonRightShoulder=Shoot; ButtonX=Shoot; ButtonStart=Start; ButtonBack=Insert Coin
zwackery,P1_DIAL,high,True,JOYCODE_1_ZAXIS,False,P1_JOYSTICK=Move; P1_BUTTON1=Attack; P1_BUTTON2=Shield; P1_BUTTON3=Spell Up; P1_BUTTON4=Spell Down / Pick Up; START=Start; COIN=Insert Coin,AxisLeftStick=Move; ButtonA=Spell Down / Pick Up; ButtonDpad=Move; ButtonLeftShoulder=Shield; ButtonRightShoulder=Attack; ButtonRightStick=Attack Position; ButtonX=Spell Up; ButtonStart=Start; ButtonBack=Insert Coin
aceattac,P2_AD_STICK_X,high,False,JOYCODE_1_ZAXIS,True,P1_TRACKBALL_X=Move; P1_TRACKBALL_Y=Move; P1_BUTTON1=Jump / Deflect; START=Start; COIN=Insert Coin,AxisLeftStick=Move; ButtonA=Jump / Deflect; ButtonStart=Start; ButtonBack=Insert Coin
aceattac,P2_PEDAL2,high,False,JOYCODE_1_RZAXIS,True,P1_TRACKBALL_X=Move; P1_TRACKBALL_Y=Move; P1_BUTTON1=Jump / Deflect; START=Start; COIN=Insert Coin,AxisLeftStick=Move; ButtonA=Jump / Deflect; ButtonStart=Start; ButtonBack=Insert Coin
alpinerd,P2_AD_STICK_X,high,False,JOYCODE_1_ZAXIS,True,P1_JOYSTICK_LEFT=Menu LEFT; P1_JOYSTICK_RIGHT=Menu RIGHT; P1_AD_STICK_X=Turn; START=View / Start; COIN=Insert Coin,AxisLeftStick=Turn; AxisRightStick=Turn Harder; ButtonA=View / Start; ButtonDpadLeft=Menu LEFT; ButtonDpadRight=Menu RIGHT; ButtonLeftShoulder=Left Select Button; ButtonRightShoulder=Right Select Button; ButtonStart=Start / View; ButtonBack=Insert Coin
alpines,P2_AD_STICK_X,high,False,JOYCODE_1_ZAXIS,True,P1_JOYSTICK_LEFT=Menu LEFT; P1_JOYSTICK_RIGHT=Menu RIGHT; P1_AD_STICK_X=Turn; START=View / Start; COIN=Insert Coin,AxisLeftStick=Turn; AxisRightStick=Turn Harder; ButtonA=View / Start; ButtonDpadLeft=Menu LEFT; ButtonDpadRight=Menu RIGHT; ButtonLeftShoulder=Left Select Button; ButtonRightShoulder=Right Select Button; ButtonStart=Start / View; ButtonBack=Insert Coin
alpinr2b,P2_AD_STICK_X,high,False,JOYCODE_1_ZAXIS,True,P1_JOYSTICK_LEFT=Menu LEFT; P1_JOYSTICK_RIGHT=Menu RIGHT; P1_AD_STICK_X=Turn; START=View / Start; COIN=Insert Coin,AxisLeftStick=Turn; AxisRightStick=Turn Harder; ButtonA=View / Start; ButtonDpadLeft=Menu LEFT; ButtonDpadRight=Menu RIGHT; ButtonLeftShoulder=Left Select Button; ButtonRightShoulder=Right Select Button; ButtonStart=Start / View; ButtonBack=Insert Coin
bombbee,P2_PADDLE,high,False,JOYCODE_1_XAXIS,True,P1_PADDLE=Move; P1_BUTTON1=Button; START=Start; COIN=Insert Coin,AxisLeftStick=Move; ButtonA=Button; ButtonRightShoulder=Start 2 Players; ButtonStart=Start; ButtonBack=Insert Coin
burgkids,P1_SLOT_STOP4,high,False,JOYCODE_1_HAT1DOWN,False,P1_SLOT_STOP1=1; P1_SLOT_STOP2=2; P1_SLOT_STOP3=3; START=Start,ButtonA=2; ButtonB=3; ButtonX=1; ButtonStart=Start; ButtonBack=Insert Coin
cutieq,P2_PADDLE,high,False,JOYCODE_1_XAXIS,True,P1_PADDLE=Move; P1_BUTTON1=Button; START=Start; COIN=Insert Coin,AxisLeftStick=Move; ButtonA=Button; ButtonRightShoulder=Start 2 Players; ButtonStart=Start; ButtonBack=Insert Coin
cybrcomm,P2_AD_STICK_X,high,False,JOYCODE_1_ZAXIS,True,P1_AD_STICK_X=Left Stick; P1_AD_STICK_Y=Left Stick; P1_BUTTON2=Missiles; P1_BUTTON3=View Change; COIN=Insert Coin,AxisLeftStick=Left Stick; AxisRightStick=Right Stick; AxisTriggerRight=Missiles; ButtonLeftShoulder=Machine Gun; ButtonY=View Change; ButtonStart=Start; ButtonBack=Insert Coin
cybrcomm,P2_AD_STICK_Y,high,False,JOYCODE_1_RZAXIS,True,P1_AD_STICK_X=Left Stick; P1_AD_STICK_Y=Left Stick; P1_BUTTON2=Missiles; P1_BUTTON3=View Change; COIN=Insert Coin,AxisLeftStick=Left Stick; AxisRightStick=Right Stick; AxisTriggerRight=Missiles; ButtonLeftShoulder=Machine Gun; ButtonY=View Change; ButtonStart=Start; ButtonBack=Insert Coin
cybsled,P2_AD_STICK_X,high,False,JOYCODE_1_ZAXIS,True,P1_AD_STICK_X=Left Track; P1_AD_STICK_Y=Left Track; P1_BUTTON1=Missiles; START=Start; COIN=Insert Coin,AxisLeftStick=Left Track; AxisRightStick=Right Track; AxisTriggerRight=Missiles; ButtonLeftShoulder=Machine Gun; ButtonStart=Start; ButtonBack=Insert Coin
cybsled,P2_AD_STICK_Y,high,False,JOYCODE_1_RZAXIS,True,P1_AD_STICK_X=Left Track; P1_AD_STICK_Y=Left Track; P1_BUTTON1=Missiles; START=Start; COIN=Insert Coin,AxisLeftStick=Left Track; AxisRightStick=Right Track; AxisTriggerRight=Missiles; ButtonLeftShoulder=Machine Gun; ButtonStart=Start; ButtonBack=Insert Coin
drivedge,P1_PEDAL3,high,False,JOYCODE_1_BUTTON5,False,P1_PEDAL=Accelerate; P1_PEDAL2=Brake; P1_PADDLE=Steering; P1_BUTTON10=4th Gear; P1_BUTTON2=Turbo; P1_BUTTON3=Fan; P1_BUTTON4=Recover; P1_BUTTON5=Horn; P1_BUTTON7=1st Gear; P1_BUTTON8=2nd Gear; P1_BUTTON9=3rd Gear; START=Start / Key; COIN=Insert Coin,AxisLeftStick=Steering; AxisTriggerLeft=Brake; AxisTriggerRight=Accelerate; ButtonA=Turbo; ButtonB=Horn; ButtonLeftShoulder=Clutch; ButtonX=Fan; ButtonY=Recover; ButtonStart=Start / Key; ButtonBack=Insert Coin
driveyes,P2_JOYSTICK_DOWN,high,False,JOYCODE_1_RZAXIS_POS_SWITCH,True,P1_PEDAL=Accelerate; P1_PEDAL2=Brake; P1_PADDLE=Steering; COIN=Insert Coin; P1_BUTTON2=Green Button; P1_BUTTON1=Red Button,AxisLeftStick=Steering; AxisTriggerLeft=Brake; AxisTriggerRight=Accelerate; ButtonA=Green Button; ButtonRightShoulder=Clutch; ButtonX=Red Button; ButtonY=View Change; ButtonStart=Start; ButtonBack=Insert Coin
driveyes,P2_JOYSTICK_LEFT,high,False,JOYCODE_1_ZAXIS_NEG_SWITCH,True,P1_PEDAL=Accelerate; P1_PEDAL2=Brake; P1_PADDLE=Steering; COIN=Insert Coin; P1_BUTTON2=Green Button; P1_BUTTON1=Red Button,AxisLeftStick=Steering; AxisTriggerLeft=Brake; AxisTriggerRight=Accelerate; ButtonA=Green Button; ButtonRightShoulder=Clutch; ButtonX=Red Button; ButtonY=View Change; ButtonStart=Start; ButtonBack=Insert Coin
driveyes,P2_JOYSTICK_RIGHT,high,False,JOYCODE_1_ZAXIS_POS_SWITCH,True,P1_PEDAL=Accelerate; P1_PEDAL2=Brake; P1_PADDLE=Steering; COIN=Insert Coin; P1_BUTTON2=Green Button; P1_BUTTON1=Red Button,AxisLeftStick=Steering; AxisTriggerLeft=Brake; AxisTriggerRight=Accelerate; ButtonA=Green Button; ButtonRightShoulder=Clutch; ButtonX=Red Button; ButtonY=View Change; ButtonStart=Start; ButtonBack=Insert Coin
driveyes,P2_JOYSTICK_UP,high,False,JOYCODE_1_RZAXIS_NEG_SWITCH,True,P1_PEDAL=Accelerate; P1_PEDAL2=Brake; P1_PADDLE=Steering; COIN=Insert Coin; P1_BUTTON2=Green Button; P1_BUTTON1=Red Button,AxisLeftStick=Steering; AxisTriggerLeft=Brake; AxisTriggerRight=Accelerate; ButtonA=Green Button; ButtonRightShoulder=Clutch; ButtonX=Red Button; ButtonY=View Change; ButtonStart=Start; ButtonBack=Insert Coin
efdt,P1_START,high,False,JOYCODE_1_START,False,P1_JOYSTICK=Move; P1_BUTTON1=Shoot; START=Start; COIN=Insert Coin,AxisLeftStick=Move; ButtonDpad=Move; ButtonX=Shoot; ButtonStart=Start; ButtonBack=Insert Coin
efdt,P2_START,high,False,JOYCODE_1_BUTTON6,True,P1_JOYSTICK=Move; P1_BUTTON1=Shoot; START=Start; COIN=Insert Coin,AxisLeftStick=Move; ButtonDpad=Move; ButtonX=Shoot; ButtonStart=Start; ButtonBack=Insert Coin
f1en,P2_PADDLE,high,False,JOYCODE_1_XAXIS,True,P1_PEDAL=Accelerate; P1_PEDAL2=Brake; P1_PADDLE=Steering; P1_BUTTON1=Shift Up; P1_BUTTON2=Shift Down; START=Start; COIN=Insert Coin,AxisLeftStick=Steering; AxisTriggerLeft=Brake; AxisTriggerRight=Accelerate; ButtonB=Shift Down; ButtonLeftShoulder=Shift Down; ButtonRightShoulder=Shift Up; ButtonX=Shift Up; ButtonStart=Start; ButtonBack=Insert Coin
f1enu,P2_PADDLE,high,False,JOYCODE_1_XAXIS,True,P1_PEDAL=Accelerate; P1_PEDAL2=Brake; P1_PADDLE=Steering; P1_BUTTON1=Shift Up; P1_BUTTON2=Shift Down; START=Start; COIN=Insert Coin,AxisLeftStick=Steering; AxisTriggerLeft=Brake; AxisTriggerRight=Accelerate; ButtonB=Shift Down; ButtonLeftShoulder=Shift Down; ButtonRightShoulder=Shift Up; ButtonX=Shift Up; ButtonStart=Start; ButtonBack=Insert Coin
funcube,P1_GAMBLE_PAYOUT,high,False,JOYCODE_1_BUTTON4,False,P1_BUTTON2=Change Game; COIN=Insert Coin,AxisLeftStick=Move Cursor; AxisTriggerRight=Touch; ButtonA=Touch; ButtonX=Change Game; ButtonStart=Start; ButtonBack=Insert Coin
funcube,P2_JOYSTICK_DOWN,high,False,JOYCODE_1_HAT1DOWN,True,P1_BUTTON2=Change Game; COIN=Insert Coin,AxisLeftStick=Move Cursor; AxisTriggerRight=Touch; ButtonA=Touch; ButtonX=Change Game; ButtonStart=Start; ButtonBack=Insert Coin
funcube,P2_JOYSTICK_LEFT,high,False,JOYCODE_1_HAT1LEFT,True,P1_BUTTON2=Change Game; COIN=Insert Coin,AxisLeftStick=Move Cursor; AxisTriggerRight=Touch; ButtonA=Touch; ButtonX=Change Game; ButtonStart=Start; ButtonBack=Insert Coin
funcube,P2_JOYSTICK_RIGHT,high,False,JOYCODE_1_HAT1RIGHT,True,P1_BUTTON2=Change Game; COIN=Insert Coin,AxisLeftStick=Move Cursor; AxisTriggerRight=Touch; ButtonA=Touch; ButtonX=Change Game; ButtonStart=Start; ButtonBack=Insert Coin
funcube,P2_JOYSTICK_UP,high,False,JOYCODE_1_HAT1UP,True,P1_BUTTON2=Change Game; COIN=Insert Coin,AxisLeftStick=Move Cursor; AxisTriggerRight=Touch; ButtonA=Touch; ButtonX=Change Game; ButtonStart=Start; ButtonBack=Insert Coin
funcube2,P1_GAMBLE_PAYOUT,high,False,JOYCODE_1_BUTTON4,False,P1_BUTTON2=Change Game; COIN=Insert Coin,AxisLeftStick=Move Cursor; AxisTriggerRight=Touch; ButtonA=Touch; ButtonX=Change Game; ButtonStart=Start; ButtonBack=Insert Coin
funcube2,P2_JOYSTICK_DOWN,high,False,JOYCODE_1_HAT1DOWN,True,P1_BUTTON2=Change Game; COIN=Insert Coin,AxisLeftStick=Move Cursor; AxisTriggerRight=Touch; ButtonA=Touch; ButtonX=Change Game; ButtonStart=Start; ButtonBack=Insert Coin
funcube2,P2_JOYSTICK_LEFT,high,False,JOYCODE_1_HAT1LEFT,True,P1_BUTTON2=Change Game; COIN=Insert Coin,AxisLeftStick=Move Cursor; AxisTriggerRight=Touch; ButtonA=Touch; ButtonX=Change Game; ButtonStart=Start; ButtonBack=Insert Coin
funcube2,P2_JOYSTICK_RIGHT,high,False,JOYCODE_1_HAT1RIGHT,True,P1_BUTTON2=Change Game; COIN=Insert Coin,AxisLeftStick=Move Cursor; AxisTriggerRight=Touch; ButtonA=Touch; ButtonX=Change Game; ButtonStart=Start; ButtonBack=Insert Coin
funcube2,P2_JOYSTICK_UP,high,False,JOYCODE_1_HAT1UP,True,P1_BUTTON2=Change Game; COIN=Insert Coin,AxisLeftStick=Move Cursor; AxisTriggerRight=Touch; ButtonA=Touch; ButtonX=Change Game; ButtonStart=Start; ButtonBack=Insert Coin
funcube3,P1_GAMBLE_PAYOUT,high,False,JOYCODE_1_BUTTON4,False,P1_BUTTON2=Change Game; COIN=Insert Coin,AxisLeftStick=Move Cursor; AxisTriggerRight=Touch; ButtonA=Touch; ButtonX=Change Game; ButtonStart=Start; ButtonBack=Insert Coin
funcube3,P2_JOYSTICK_DOWN,high,False,JOYCODE_1_HAT1DOWN,True,P1_BUTTON2=Change Game; COIN=Insert Coin,AxisLeftStick=Move Cursor; AxisTriggerRight=Touch; ButtonA=Touch; ButtonX=Change Game; ButtonStart=Start; ButtonBack=Insert Coin
funcube3,P2_JOYSTICK_LEFT,high,False,JOYCODE_1_HAT1LEFT,True,P1_BUTTON2=Change Game; COIN=Insert Coin,AxisLeftStick=Move Cursor; AxisTriggerRight=Touch; ButtonA=Touch; ButtonX=Change Game; ButtonStart=Start; ButtonBack=Insert Coin
funcube3,P2_JOYSTICK_RIGHT,high,False,JOYCODE_1_HAT1RIGHT,True,P1_BUTTON2=Change Game; COIN=Insert Coin,AxisLeftStick=Move Cursor; AxisTriggerRight=Touch; ButtonA=Touch; ButtonX=Change Game; ButtonStart=Start; ButtonBack=Insert Coin
funcube3,P2_JOYSTICK_UP,high,False,JOYCODE_1_HAT1UP,True,P1_BUTTON2=Change Game; COIN=Insert Coin,AxisLeftStick=Move Cursor; AxisTriggerRight=Touch; ButtonA=Touch; ButtonX=Change Game; ButtonStart=Start; ButtonBack=Insert Coin
funcube4,P1_GAMBLE_PAYOUT,high,False,JOYCODE_1_BUTTON4,False,P1_BUTTON2=Change Game; COIN=Insert Coin,AxisLeftStick=Move Cursor; AxisTriggerRight=Touch; ButtonA=Touch; ButtonX=Change Game; ButtonStart=Start; ButtonBack=Insert Coin
funcube4,P2_JOYSTICK_DOWN,high,False,JOYCODE_1_HAT1DOWN,True,P1_BUTTON2=Change Game; COIN=Insert Coin,AxisLeftStick=Move Cursor; AxisTriggerRight=Touch; ButtonA=Touch; ButtonX=Change Game; ButtonStart=Start; ButtonBack=Insert Coin
funcube4,P2_JOYSTICK_LEFT,high,False,JOYCODE_1_HAT1LEFT,True,P1_BUTTON2=Change Game; COIN=Insert Coin,AxisLeftStick=Move Cursor; AxisTriggerRight=Touch; ButtonA=Touch; ButtonX=Change Game; ButtonStart=Start; ButtonBack=Insert Coin
funcube4,P2_JOYSTICK_RIGHT,high,False,JOYCODE_1_HAT1RIGHT,True,P1_BUTTON2=Change Game; COIN=Insert Coin,AxisLeftStick=Move Cursor; AxisTriggerRight=Touch; ButtonA=Touch; ButtonX=Change Game; ButtonStart=Start; ButtonBack=Insert Coin
funcube4,P2_JOYSTICK_UP,high,False,JOYCODE_1_HAT1UP,True,P1_BUTTON2=Change Game; COIN=Insert Coin,AxisLeftStick=Move Cursor; AxisTriggerRight=Touch; ButtonA=Touch; ButtonX=Change Game; ButtonStart=Start; ButtonBack=Insert Coin
funcube5,P1_GAMBLE_PAYOUT,high,False,JOYCODE_1_BUTTON4,False,P1_BUTTON2=Change Game; COIN=Insert Coin,AxisLeftStick=Move Cursor; AxisTriggerRight=Touch; ButtonA=Touch; ButtonX=Change Game; ButtonStart=Start; ButtonBack=Insert Coin
funcube5,P2_JOYSTICK_DOWN,high,False,JOYCODE_1_HAT1DOWN,True,P1_BUTTON2=Change Game; COIN=Insert Coin,AxisLeftStick=Move Cursor; AxisTriggerRight=Touch; ButtonA=Touch; ButtonX=Change Game; ButtonStart=Start; ButtonBack=Insert Coin
funcube5,P2_JOYSTICK_LEFT,high,False,JOYCODE_1_HAT1LEFT,True,P1_BUTTON2=Change Game; COIN=Insert Coin,AxisLeftStick=Move Cursor; AxisTriggerRight=Touch; ButtonA=Touch; ButtonX=Change Game; ButtonStart=Start; ButtonBack=Insert Coin
funcube5,P2_JOYSTICK_RIGHT,high,False,JOYCODE_1_HAT1RIGHT,True,P1_BUTTON2=Change Game; COIN=Insert Coin,AxisLeftStick=Move Cursor; AxisTriggerRight=Touch; ButtonA=Touch; ButtonX=Change Game; ButtonStart=Start; ButtonBack=Insert Coin
funcube5,P2_JOYSTICK_UP,high,False,JOYCODE_1_HAT1UP,True,P1_BUTTON2=Change Game; COIN=Insert Coin,AxisLeftStick=Move Cursor; AxisTriggerRight=Touch; ButtonA=Touch; ButtonX=Change Game; ButtonStart=Start; ButtonBack=Insert Coin
galaga3,P2_JOYSTICK_RIGHT,high,False,JOYCODE_1_HAT1RIGHT OR JOYCODE_2_XAXIS_RIGHT_SWITCH,True,P1_JOYSTICK=Move; P1_BUTTON1=Shoot; START=Start; COIN=Insert Coin,AxisLeftStick=Move; ButtonA=Shoot; ButtonDpad=Move; ButtonStart=Start; ButtonBack=Insert Coin
gaplus,P2_JOYSTICK_RIGHT,high,False,JOYCODE_1_HAT1RIGHT OR JOYCODE_2_XAXIS_RIGHT_SWITCH,True,P1_JOYSTICK=Move; P1_BUTTON1=Shoot; START=Start; COIN=Insert Coin,AxisLeftStick=Move; ButtonA=Shoot; ButtonDpad=Move; ButtonStart=Start; ButtonBack=Insert Coin
geebee,P2_PADDLE,high,False,JOYCODE_1_XAXIS,True,P1_PADDLE=Move; P1_BUTTON1=Button; START=Start; COIN=Insert Coin,AxisLeftStick=Move; ButtonA=Button; ButtonRightShoulder=Start 2 Players; ButtonStart=Start; ButtonBack=Insert Coin
gticlub,P1_PEDAL3,high,False,JOYCODE_1_BUTTON1,False,P1_JOYSTICK_UP=Shift Up; P1_JOYSTICK_DOWN=Shift Down; P1_PEDAL=Accelerate; P1_PEDAL2=Brake; P1_PADDLE=Steering; P1_BUTTON5=Change MT / AT; START=Start / View; COIN=Insert Coin,AxisLeftStick=Steering; AxisTriggerLeft=Brake; AxisTriggerRight=Accelerate; ButtonA=Handbrake; ButtonB=Shift Down; ButtonDpad=Change MT / AT; ButtonLeftShoulder=Shift Down; ButtonRightShoulder=Shift Up; ButtonX=Shift Up; ButtonStart=Start / View; ButtonBack=Insert Coin
gticlub,P1_START,high,False,JOYCODE_1_START,False,P1_JOYSTICK_UP=Shift Up; P1_JOYSTICK_DOWN=Shift Down; P1_PEDAL=Accelerate; P1_PEDAL2=Brake; P1_PADDLE=Steering; P1_BUTTON5=Change MT / AT; START=Start / View; COIN=Insert Coin,AxisLeftStick=Steering; AxisTriggerLeft=Brake; AxisTriggerRight=Accelerate; ButtonA=Handbrake; ButtonB=Shift Down; ButtonDpad=Change MT / AT; ButtonLeftShoulder=Shift Down; ButtonRightShoulder=Shift Up; ButtonX=Shift Up; ButtonStart=Start / View; ButtonBack=Insert Coin
hwchamp,P2_AD_STICK_Z,high,False,JOYCODE_1_RZAXIS,True,P1_AD_STICK_X=Left Hand / Move; P1_AD_STICK_Z=Left Hand / Move; START=Start; COIN=Insert Coin,AxisLeftStick=Left Hand / Move; AxisRightStick=Right Hand; ButtonLeftShoulder=Dodge Left; ButtonRightShoulder=Dodge Left; ButtonStart=Start; ButtonBack=Insert Coin
megrescu,P2_DIAL,high,False,JOYCODE_1_ZAXIS,True,P1_DIAL=Move; P1_BUTTON1=Jump In Window; START=Start; COIN=Insert Coin,AxisLeftStick=Move; ButtonDpad=Move; ButtonX=Jump In Window; ButtonStart=Start; ButtonBack=Insert Coin
nstocker,P2_DIAL,high,False,JOYCODE_1_XAXIS,True,P1_LIGHTGUN_X=Move Crosshair; P1_LIGHTGUN_Y=Move Crosshair; P1_BUTTON1=Shoot; START=Start; COIN=Insert Coin,AxisLeftStick=Steering; AxisRightStick=Move Crosshair; AxisTriggerRight=Shoot; ButtonStart=Start; ButtonBack=Insert Coin
piratesh,P1_START,high,False,JOYCODE_1_START,False,P1_JOYSTICK_UP=Move; P1_JOYSTICK_DOWN=Move; P1_DIAL=Move; START=Start; COIN=Insert Coin,AxisLeftStick=Move; ButtonDpadUp=Move; ButtonDpadDown=Move; ButtonStart=Start; ButtonBack=Insert Coin
policetr,P2_LIGHTGUN_Y,high,False,JOYCODE_1_YAXIS OR MOUSECODE_2_YAXIS,True,P1_LIGHTGUN_X=Move Crosshair; P1_LIGHTGUN_Y=Move Crosshair; P1_BUTTON1=Shoot; START=Start; COIN=Insert Coin,AxisLeftStick=Move Crosshair; ButtonA=Shoot; ButtonStart=Start; ButtonBack=Insert Coin
pwrkick,P1_SLOT_STOP4,high,False,JOYCODE_1_HAT1DOWN,False,P1_SLOT_STOP1=Shoot Left; P1_SLOT_STOP2=Shoot Middle; P1_SLOT_STOP3=Shoot Right; START=Start; COIN=Insert Coin,ButtonA=Shoot Middle; ButtonB=Shoot Right; ButtonX=Shoot Left; ButtonStart=Start; ButtonBack=Insert Coin
ridleofp,P2_DIAL,high,False,JOYCODE_1_ZAXIS,True,P1_DIAL=Move; P1_BUTTON1=A Button; P1_BUTTON2=B Button; START=Start; COIN=Insert Coin,AxisLeftStick=Move; ButtonA=B Button; ButtonDpad=Move; ButtonX=A Button; ButtonStart=Start; ButtonBack=Insert Coin
robocop,P2_JOYSTICK_DOWN,high,False,JOYCODE_1_YAXIS_DOWN_SWITCH JOYCODE_1_XAXIS_RIGHT_SWITCH OR JOYCODE_1_HAT1DOWN JOYCODE_1_HAT1RIGHT,True,P1_JOYSTICK=Move; P1_BUTTON1=Attack; P1_BUTTON2=Jump; START=Start; COIN=Insert Coin,AxisLeftStick=Move; ButtonA=Jump; ButtonDpad=Move; ButtonX=Attack; ButtonStart=Start; ButtonBack=Insert Coin
robocop,P2_JOYSTICK_LEFT,high,False,JOYCODE_1_YAXIS_DOWN_SWITCH JOYCODE_1_XAXIS_LEFT_SWITCH OR JOYCODE_1_HAT1DOWN JOYCODE_1_HAT1LEFT,True,P1_JOYSTICK=Move; P1_BUTTON1=Attack; P1_BUTTON2=Jump; START=Start; COIN=Insert Coin,AxisLeftStick=Move; ButtonA=Jump; ButtonDpad=Move; ButtonX=Attack; ButtonStart=Start; ButtonBack=Insert Coin
robocop,P2_JOYSTICK_RIGHT,high,False,JOYCODE_1_YAXIS_UP_SWITCH JOYCODE_1_XAXIS_RIGHT_SWITCH OR JOYCODE_1_HAT1UP JOYCODE_1_HAT1RIGHT,True,P1_JOYSTICK=Move; P1_BUTTON1=Attack; P1_BUTTON2=Jump; START=Start; COIN=Insert Coin,AxisLeftStick=Move; ButtonA=Jump; ButtonDpad=Move; ButtonX=Attack; ButtonStart=Start; ButtonBack=Insert Coin
robocop,P2_JOYSTICK_UP,high,False,JOYCODE_1_YAXIS_UP_SWITCH JOYCODE_1_XAXIS_LEFT_SWITCH OR JOYCODE_1_HAT1UP JOYCODE_1_HAT1LEFT,True,P1_JOYSTICK=Move; P1_BUTTON1=Attack; P1_BUTTON2=Jump; START=Start; COIN=Insert Coin,AxisLeftStick=Move; ButtonA=Jump; ButtonDpad=Move; ButtonX=Attack; ButtonStart=Start; ButtonBack=Insert Coin
sidearms,P2_JOYSTICK_DOWN,high,False,JOYCODE_1_HAT1DOWN OR JOYCODE_1_YAXIS_DOWN_SWITCH,True,P1_JOYSTICK=Move; P1_BUTTON1=Shoot Left; P1_BUTTON2=Shoot Right; P1_BUTTON3=Change Weapon; START=Start; COIN=Insert Coin,AxisLeftStick=Move; ButtonA=Shoot Right; ButtonB=Change Weapon; ButtonDpad=Move; ButtonX=Shoot Left; ButtonStart=Start; ButtonBack=Insert Coin
sidearms,P2_JOYSTICK_LEFT,high,False,JOYCODE_1_HAT1LEFT OR JOYCODE_1_XAXIS_LEFT_SWITCH,True,P1_JOYSTICK=Move; P1_BUTTON1=Shoot Left; P1_BUTTON2=Shoot Right; P1_BUTTON3=Change Weapon; START=Start; COIN=Insert Coin,AxisLeftStick=Move; ButtonA=Shoot Right; ButtonB=Change Weapon; ButtonDpad=Move; ButtonX=Shoot Left; ButtonStart=Start; ButtonBack=Insert Coin
sidearms,P2_JOYSTICK_RIGHT,high,False,JOYCODE_1_HAT1RIGHT OR JOYCODE_1_XAXIS_RIGHT_SWITCH,True,P1_JOYSTICK=Move; P1_BUTTON1=Shoot Left; P1_BUTTON2=Shoot Right; P1_BUTTON3=Change Weapon; START=Start; COIN=Insert Coin,AxisLeftStick=Move; ButtonA=Shoot Right; ButtonB=Change Weapon; ButtonDpad=Move; ButtonX=Shoot Left; ButtonStart=Start; ButtonBack=Insert Coin
sidearms,P2_JOYSTICK_UP,high,False,JOYCODE_1_HAT1UP OR JOYCODE_1_YAXIS_UP_SWITCH,True,P1_JOYSTICK=Move; P1_BUTTON1=Shoot Left; P1_BUTTON2=Shoot Right; P1_BUTTON3=Change Weapon; START=Start; COIN=Insert Coin,AxisLeftStick=Move; ButtonA=Shoot Right; ButtonB=Change Weapon; ButtonDpad=Move; ButtonX=Shoot Left; ButtonStart=Start; ButtonBack=Insert Coin
speedfrk,P2_JOYSTICK_DOWN,high,False,JOYCODE_1_BUTTON2,True,P1_DIAL=Steering; START=Start; COIN=Insert Coin,AxisLeftStick=Steering; ButtonA=2nd; ButtonB=4th; ButtonX=3rd; ButtonY=1st; ButtonStart=Start; ButtonBack=Insert Coin
speedfrk,P2_JOYSTICK_LEFT,high,False,JOYCODE_1_BUTTON1,True,P1_DIAL=Steering; START=Start; COIN=Insert Coin,AxisLeftStick=Steering; ButtonA=2nd; ButtonB=4th; ButtonX=3rd; ButtonY=1st; ButtonStart=Start; ButtonBack=Insert Coin
speedfrk,P2_JOYSTICK_RIGHT,high,False,JOYCODE_1_BUTTON3,True,P1_DIAL=Steering; START=Start; COIN=Insert Coin,AxisLeftStick=Steering; ButtonA=2nd; ButtonB=4th; ButtonX=3rd; ButtonY=1st; ButtonStart=Start; ButtonBack=Insert Coin
speedfrk,P2_JOYSTICK_UP,high,False,JOYCODE_1_BUTTON4,True,P1_DIAL=Steering; START=Start; COIN=Insert Coin,AxisLeftStick=Steering; ButtonA=2nd; ButtonB=4th; ButtonX=3rd; ButtonY=1st; ButtonStart=Start; ButtonBack=Insert Coin
sshooter,P2_LIGHTGUN_Y,high,False,JOYCODE_1_YAXIS OR MOUSECODE_2_YAXIS,True,P1_LIGHTGUN_X=Move Crosshair; P1_LIGHTGUN_Y=Move Crosshair; P1_BUTTON1=Shoot; START=Start; COIN=Insert Coin,AxisLeftStick=Move Crosshair; ButtonA=Shoot; ButtonStart=Start; ButtonBack=Insert Coin
steeltal,P2_AD_STICK_X,high,False,JOYCODE_1_ZAXIS,True,P1_AD_STICK_X=Move; P1_AD_STICK_Y=Move; P1_AD_STICK_Z=Altitude / Rotate; P1_BUTTON1=Machine Gun; P1_BUTTON2=Missiles; P1_BUTTON3=Zoom,AxisLeftStick=Move; AxisRightStick=Altitude / Rotate; AxisTriggerLeft=Zoom; AxisTriggerRight=Missiles; ButtonRightShoulder=Machine Gun; ButtonStart=Start; ButtonBack=Insert Coin
tetrisse,P2_JOYSTICK_UP,high,False,JOYCODE_1_HAT1UP OR JOYCODE_1_YAXIS_UP_SWITCH,True,P1_JOYSTICK=Move; P1_BUTTON1=Spin Piece; P1_BUTTON2=Spin Piece; START=Start; COIN=Insert Coin,AxisLeftStick=Move; ButtonA=Spin Piece; ButtonDpad=Move; ButtonRightShoulder=Start 2 Players; ButtonX=Spin Piece; ButtonStart=Start; ButtonBack=Insert Coin
thrilld,P1_PEDAL3,high,False,JOYCODE_1_BUTTON1,False,P1_JOYSTICK_UP=Shift Down; P1_JOYSTICK_DOWN=Shift Up; P1_PEDAL=Accelerate; P1_PEDAL2=Brake; P1_PADDLE=Steering; START=Start; COIN=Insert Coin,AxisLeftStick=Steering; AxisTriggerLeft=Brake; AxisTriggerRight=Accelerate; ButtonA=Handbrake; ButtonB=Shift Up; ButtonLeftShoulder=Shift Down; ButtonRightShoulder=Shift Up; ButtonX=Shift Down; ButtonStart=Start; ButtonBack=Insert Coin
titlef,P2_JOYSTICKLEFT_DOWN,high,False,JOYCODE_1_YAXIS_DOWN_SWITCH,True,P1_JOYSTICKLEFT=Left Hand; P1_JOYSTICKLEFT_LEFT=Left Hand; P1_JOYSTICKLEFT_RIGHT=Left Hand; P1_JOYSTICKRIGHT=Right Hand; P1_JOYSTICKRIGHT_LEFT=Right Hand; P1_JOYSTICKRIGHT_RIGHT=Right Hand; START=Start; COIN=Insert Coin,AxisLeftStick=Left Hand; AxisRightStick=Right Hand; AxisTriggerLeft=Dodge Left; AxisTriggerRight=Dodge Left; ButtonStart=Start; ButtonBack=Insert Coin
titlef,P2_JOYSTICKLEFT_LEFT,high,False,JOYCODE_1_XAXIS_LEFT_SWITCH,True,P1_JOYSTICKLEFT=Left Hand; P1_JOYSTICKLEFT_LEFT=Left Hand; P1_JOYSTICKLEFT_RIGHT=Left Hand; P1_JOYSTICKRIGHT=Right Hand; P1_JOYSTICKRIGHT_LEFT=Right Hand; P1_JOYSTICKRIGHT_RIGHT=Right Hand; START=Start; COIN=Insert Coin,AxisLeftStick=Left Hand; AxisRightStick=Right Hand; AxisTriggerLeft=Dodge Left; AxisTriggerRight=Dodge Left; ButtonStart=Start; ButtonBack=Insert Coin
titlef,P2_JOYSTICKLEFT_RIGHT,high,False,JOYCODE_1_XAXIS_RIGHT_SWITCH,True,P1_JOYSTICKLEFT=Left Hand; P1_JOYSTICKLEFT_LEFT=Left Hand; P1_JOYSTICKLEFT_RIGHT=Left Hand; P1_JOYSTICKRIGHT=Right Hand; P1_JOYSTICKRIGHT_LEFT=Right Hand; P1_JOYSTICKRIGHT_RIGHT=Right Hand; START=Start; COIN=Insert Coin,AxisLeftStick=Left Hand; AxisRightStick=Right Hand; AxisTriggerLeft=Dodge Left; AxisTriggerRight=Dodge Left; ButtonStart=Start; ButtonBack=Insert Coin
titlef,P2_JOYSTICKLEFT_UP,high,False,JOYCODE_1_YAXIS_UP_SWITCH,True,P1_JOYSTICKLEFT=Left Hand; P1_JOYSTICKLEFT_LEFT=Left Hand; P1_JOYSTICKLEFT_RIGHT=Left Hand; P1_JOYSTICKRIGHT=Right Hand; P1_JOYSTICKRIGHT_LEFT=Right Hand; P1_JOYSTICKRIGHT_RIGHT=Right Hand; START=Start; COIN=Insert Coin,AxisLeftStick=Left Hand; AxisRightStick=Right Hand; AxisTriggerLeft=Dodge Left; AxisTriggerRight=Dodge Left; ButtonStart=Start; ButtonBack=Insert Coin
titlef,P2_JOYSTICKRIGHT_DOWN,high,False,JOYCODE_1_RZAXIS_POS_SWITCH,True,P1_JOYSTICKLEFT=Left Hand; P1_JOYSTICKLEFT_LEFT=Left Hand; P1_JOYSTICKLEFT_RIGHT=Left Hand; P1_JOYSTICKRIGHT=Right Hand; P1_JOYSTICKRIGHT_LEFT=Right Hand; P1_JOYSTICKRIGHT_RIGHT=Right Hand; START=Start; COIN=Insert Coin,AxisLeftStick=Left Hand; AxisRightStick=Right Hand; AxisTriggerLeft=Dodge Left; AxisTriggerRight=Dodge Left; ButtonStart=Start; ButtonBack=Insert Coin
titlef,P2_JOYSTICKRIGHT_LEFT,high,False,JOYCODE_1_ZAXIS_NEG_SWITCH,True,P1_JOYSTICKLEFT=Left Hand; P1_JOYSTICKLEFT_LEFT=Left Hand; P1_JOYSTICKLEFT_RIGHT=Left Hand; P1_JOYSTICKRIGHT=Right Hand; P1_JOYSTICKRIGHT_LEFT=Right Hand; P1_JOYSTICKRIGHT_RIGHT=Right Hand; START=Start; COIN=Insert Coin,AxisLeftStick=Left Hand; AxisRightStick=Right Hand; AxisTriggerLeft=Dodge Left; AxisTriggerRight=Dodge Left; ButtonStart=Start; ButtonBack=Insert Coin
titlef,P2_JOYSTICKRIGHT_RIGHT,high,False,JOYCODE_1_ZAXIS_POS_SWITCH,True,P1_JOYSTICKLEFT=Left Hand; P1_JOYSTICKLEFT_LEFT=Left Hand; P1_JOYSTICKLEFT_RIGHT=Left Hand; P1_JOYSTICKRIGHT=Right Hand; P1_JOYSTICKRIGHT_LEFT=Right Hand; P1_JOYSTICKRIGHT_RIGHT=Right Hand; START=Start; COIN=Insert Coin,AxisLeftStick=Left Hand; AxisRightStick=Right Hand; AxisTriggerLeft=Dodge Left; AxisTriggerRight=Dodge Left; ButtonStart=Start; ButtonBack=Insert Coin
titlef,P2_JOYSTICKRIGHT_UP,high,False,JOYCODE_1_RZAXIS_NEG_SWITCH,True,P1_JOYSTICKLEFT=Left Hand; P1_JOYSTICKLEFT_LEFT=Left Hand; P1_JOYSTICKLEFT_RIGHT=Left Hand; P1_JOYSTICKRIGHT=Right Hand; P1_JOYSTICKRIGHT_LEFT=Right Hand; P1_JOYSTICKRIGHT_RIGHT=Right Hand; START=Start; COIN=Insert Coin,AxisLeftStick=Left Hand; AxisRightStick=Right Hand; AxisTriggerLeft=Dodge Left; AxisTriggerRight=Dodge Left; ButtonStart=Start; ButtonBack=Insert Coin
titlefu,P2_JOYSTICKLEFT_DOWN,high,False,JOYCODE_1_YAXIS_DOWN_SWITCH,True,P1_JOYSTICKLEFT=Left Hand; P1_JOYSTICKLEFT_LEFT=Left Hand; P1_JOYSTICKLEFT_RIGHT=Left Hand; P1_JOYSTICKRIGHT=Right Hand; P1_JOYSTICKRIGHT_LEFT=Right Hand; P1_JOYSTICKRIGHT_RIGHT=Right Hand; START=Start; COIN=Insert Coin,AxisLeftStick=Left Hand; AxisRightStick=Right Hand; AxisTriggerLeft=Dodge Left; AxisTriggerRight=Dodge Left; ButtonStart=Start; ButtonBack=Insert Coin
titlefu,P2_JOYSTICKLEFT_LEFT,high,False,JOYCODE_1_XAXIS_LEFT_SWITCH,True,P1_JOYSTICKLEFT=Left Hand; P1_JOYSTICKLEFT_LEFT=Left Hand; P1_JOYSTICKLEFT_RIGHT=Left Hand; P1_JOYSTICKRIGHT=Right Hand; P1_JOYSTICKRIGHT_LEFT=Right Hand; P1_JOYSTICKRIGHT_RIGHT=Right Hand; START=Start; COIN=Insert Coin,AxisLeftStick=Left Hand; AxisRightStick=Right Hand; AxisTriggerLeft=Dodge Left; AxisTriggerRight=Dodge Left; ButtonStart=Start; ButtonBack=Insert Coin
titlefu,P2_JOYSTICKLEFT_RIGHT,high,False,JOYCODE_1_XAXIS_RIGHT_SWITCH,True,P1_JOYSTICKLEFT=Left Hand; P1_JOYSTICKLEFT_LEFT=Left Hand; P1_JOYSTICKLEFT_RIGHT=Left Hand; P1_JOYSTICKRIGHT=Right Hand; P1_JOYSTICKRIGHT_LEFT=Right Hand; P1_JOYSTICKRIGHT_RIGHT=Right Hand; START=Start; COIN=Insert Coin,AxisLeftStick=Left Hand; AxisRightStick=Right Hand; AxisTriggerLeft=Dodge Left; AxisTriggerRight=Dodge Left; ButtonStart=Start; ButtonBack=Insert Coin
titlefu,P2_JOYSTICKLEFT_UP,high,False,JOYCODE_1_YAXIS_UP_SWITCH,True,P1_JOYSTICKLEFT=Left Hand; P1_JOYSTICKLEFT_LEFT=Left Hand; P1_JOYSTICKLEFT_RIGHT=Left Hand; P1_JOYSTICKRIGHT=Right Hand; P1_JOYSTICKRIGHT_LEFT=Right Hand; P1_JOYSTICKRIGHT_RIGHT=Right Hand; START=Start; COIN=Insert Coin,AxisLeftStick=Left Hand; AxisRightStick=Right Hand; AxisTriggerLeft=Dodge Left; AxisTriggerRight=Dodge Left; ButtonStart=Start; ButtonBack=Insert Coin
titlefu,P2_JOYSTICKRIGHT_DOWN,high,False,JOYCODE_1_RZAXIS_POS_SWITCH,True,P1_JOYSTICKLEFT=Left Hand; P1_JOYSTICKLEFT_LEFT=Left Hand; P1_JOYSTICKLEFT_RIGHT=Left Hand; P1_JOYSTICKRIGHT=Right Hand; P1_JOYSTICKRIGHT_LEFT=Right Hand; P1_JOYSTICKRIGHT_RIGHT=Right Hand; START=Start; COIN=Insert Coin,AxisLeftStick=Left Hand; AxisRightStick=Right Hand; AxisTriggerLeft=Dodge Left; AxisTriggerRight=Dodge Left; ButtonStart=Start; ButtonBack=Insert Coin
titlefu,P2_JOYSTICKRIGHT_LEFT,high,False,JOYCODE_1_ZAXIS_NEG_SWITCH,True,P1_JOYSTICKLEFT=Left Hand; P1_JOYSTICKLEFT_LEFT=Left Hand; P1_JOYSTICKLEFT_RIGHT=Left Hand; P1_JOYSTICKRIGHT=Right Hand; P1_JOYSTICKRIGHT_LEFT=Right Hand; P1_JOYSTICKRIGHT_RIGHT=Right Hand; START=Start; COIN=Insert Coin,AxisLeftStick=Left Hand; AxisRightStick=Right Hand; AxisTriggerLeft=Dodge Left; AxisTriggerRight=Dodge Left; ButtonStart=Start; ButtonBack=Insert Coin
titlefu,P2_JOYSTICKRIGHT_RIGHT,high,False,JOYCODE_1_ZAXIS_POS_SWITCH,True,P1_JOYSTICKLEFT=Left Hand; P1_JOYSTICKLEFT_LEFT=Left Hand; P1_JOYSTICKLEFT_RIGHT=Left Hand; P1_JOYSTICKRIGHT=Right Hand; P1_JOYSTICKRIGHT_LEFT=Right Hand; P1_JOYSTICKRIGHT_RIGHT=Right Hand; START=Start; COIN=Insert Coin,AxisLeftStick=Left Hand; AxisRightStick=Right Hand; AxisTriggerLeft=Dodge Left; AxisTriggerRight=Dodge Left; ButtonStart=Start; ButtonBack=Insert Coin
titlefu,P2_JOYSTICKRIGHT_UP,high,False,JOYCODE_1_RZAXIS_NEG_SWITCH,True,P1_JOYSTICKLEFT=Left Hand; P1_JOYSTICKLEFT_LEFT=Left Hand; P1_JOYSTICKLEFT_RIGHT=Left Hand; P1_JOYSTICKRIGHT=Right Hand; P1_JOYSTICKRIGHT_LEFT=Right Hand; P1_JOYSTICKRIGHT_RIGHT=Right Hand; START=Start; COIN=Insert Coin,AxisLeftStick=Left Hand; AxisRightStick=Right Hand; AxisTriggerLeft=Dodge Left; AxisTriggerRight=Dodge Left; ButtonStart=Start; ButtonBack=Insert Coin
tmek,P2_AD_STICK_X,high,False,JOYCODE_1_ZAXIS,True,P1_AD_STICK_X=Left Track; P1_AD_STICK_Y=Right Track; P1_BUTTON1=Shoot; START=Start; COIN=Insert Coin,AxisLeftStick=Left Track; AxisRightStick=Right Track; AxisTriggerLeft=Secondary Fire; AxisTriggerRight=Shoot; ButtonA=Special; ButtonStart=Start; ButtonBack=Insert Coin
tmek,P2_AD_STICK_Y,high,False,JOYCODE_1_YAXIS,True,P1_AD_STICK_X=Left Track; P1_AD_STICK_Y=Right Track; P1_BUTTON1=Shoot; START=Start; COIN=Insert Coin,AxisLeftStick=Left Track; AxisRightStick=Right Track; AxisTriggerLeft=Secondary Fire; AxisTriggerRight=Shoot; ButtonA=Special; ButtonStart=Start; ButtonBack=Insert Coin
topland,P2_AD_STICK_X,high,False,JOYCODE_1_XAXIS,True,P1_BUTTON1=Door Switch; START=Start; COIN=Insert Coin,AxisLeftStick=Yoke; AxisRightStick=Throttle Up/Down; ButtonA=Door Switch; ButtonStart=Start; ButtonBack=Insert Coin
topland,P2_AD_STICK_Y,high,False,JOYCODE_1_YAXIS,True,P1_BUTTON1=Door Switch; START=Start; COIN=Insert Coin,AxisLeftStick=Yoke; AxisRightStick=Throttle Up/Down; ButtonA=Door Switch; ButtonStart=Start; ButtonBack=Insert Coin
topland,P2_AD_STICK_Z,high,False,JOYCODE_1_RZAXIS_POS_SWITCH | JOYCODE_1_RZAXIS_NEG_SWITCH,True,P1_BUTTON1=Door Switch; START=Start; COIN=Insert Coin,AxisLeftStick=Yoke; AxisRightStick=Throttle Up/Down; ButtonA=Door Switch; ButtonStart=Start; ButtonBack=Insert Coin
vscaptfl,P1_START,high,False,JOYCODE_1_START,False,P1_JOYSTICKLEFT_UP=Left Flag Up / Down; P1_JOYSTICKLEFT_DOWN=Left Flag Up / Down; P1_JOYSTICKRIGHT_UP=Right Flag Up / Down; P1_JOYSTICKRIGHT_DOWN=Right Flag Up / Down; P1_BUTTON1=Select; P1_BUTTON2=Descide; START=Start; COIN=Insert Coin,AxisLeftStick=Left Flag Up / Down; AxisRightStick=Right Flag Up / Down; ButtonA=Descide; ButtonX=Select; ButtonStart=Start; ButtonBack=Insert Coin
wilytowr,P2_JOYSTICK_LEFT,high,False,JOYCODE_1_HAT1LEFT OR JOYCODE_2_XAXIS_LEFT_SWITCH,True,P1_JOYSTICK=Move; P1_BUTTON1=Jump; START=Start; COIN=Insert Coin,AxisLeftStick=Move; ButtonA=Jump; ButtonDpad=Move; ButtonStart=Start; ButtonBack=Insert Coin
zeropnt,P2_LIGHTGUN_Y,high,False,JOYCODE_1_YAXIS OR MOUSECODE_2_YAXIS,True,P1_LIGHTGUN_X=Move Crosshair; P1_LIGHTGUN_Y=Move Crosshair; P1_BUTTON1=Shoot; START=Start; COIN=Insert Coin,AxisLeftStick=Move Crosshair; ButtonA=Shoot; ButtonStart=Start; ButtonBack=Insert Coin
zeropnt2,P2_LIGHTGUN_Y,high,False,JOYCODE_1_YAXIS OR MOUSECODE_2_YAXIS,True,P1_LIGHTGUN_X=Move Crosshair; P1_LIGHTGUN_Y=Move Crosshair; P1_BUTTON1=Shoot; START=Start; COIN=Insert Coin,AxisLeftStick=Move Crosshair; ButtonA=Shoot; ButtonStart=Start; ButtonBack=Insert Coin
buriki,P1_JOYSTICK_DOWN,medium,True,JOYCODE_1_RZAXIS_POS_SWITCH,False,P1_BUTTON1=Move; P1_BUTTON2=Move; START=Start; COIN=Insert Coin,AxisLeftStick=Move; AxisRightStick=Punch / Block / Combo / Moves; ButtonDpad=Move; ButtonStart=Start; ButtonBack=Insert Coin
buriki,P1_JOYSTICK_LEFT,medium,True,JOYCODE_1_ZAXIS_NEG_SWITCH,False,P1_BUTTON1=Move; P1_BUTTON2=Move; START=Start; COIN=Insert Coin,AxisLeftStick=Move; AxisRightStick=Punch / Block / Combo / Moves; ButtonDpad=Move; ButtonStart=Start; ButtonBack=Insert Coin
buriki,P1_JOYSTICK_RIGHT,medium,True,JOYCODE_1_ZAXIS_POS_SWITCH,False,P1_BUTTON1=Move; P1_BUTTON2=Move; START=Start; COIN=Insert Coin,AxisLeftStick=Move; AxisRightStick=Punch / Block / Combo / Moves; ButtonDpad=Move; ButtonStart=Start; ButtonBack=Insert Coin
buriki,P1_JOYSTICK_UP,medium,True,JOYCODE_1_RZAXIS_NEG_SWITCH,False,P1_BUTTON1=Move; P1_BUTTON2=Move; START=Start; COIN=Insert Coin,AxisLeftStick=Move; AxisRightStick=Punch / Block / Combo / Moves; ButtonDpad=Move; ButtonStart=Start; ButtonBack=Insert Coin
bygone,P1_JOYSTICK_RIGHT,medium,True,JOYCODE_1_XAXIS_RIGHT_SWITCH,False,P1_JOYSTICK_UP=Move; P1_JOYSTICK_DOWN=Move; P1_JOYSTICK_LEFT=Move; P1_BUTTON1=Jump / Attack; P1_BUTTON2=Transform; START=Start; COIN=Insert Coin,AxisLeftStick=Move; ButtonA=Transform; ButtonDpad=Move; ButtonX=Jump / Attack; ButtonStart=Start; ButtonBack=Insert Coin
defense,P1_JOYSTICKLEFT_DOWN,medium,True,JOYCODE_1_YAXIS_DOWN_SWITCH,False,P1_TRACKBALL_X=Move Crosshair; P1_TRACKBALL_Y=Move Crosshair; P1_BUTTON1=Shoot; START=Start; COIN=Insert Coin,AxisRightStick=Move Crosshair; ButtonRightShoulder=Shoot; ButtonStart=Start; ButtonBack=Insert Coin
defense,P1_JOYSTICKLEFT_LEFT,medium,True,JOYCODE_1_XAXIS_LEFT_SWITCH,False,P1_TRACKBALL_X=Move Crosshair; P1_TRACKBALL_Y=Move Crosshair; P1_BUTTON1=Shoot; START=Start; COIN=Insert Coin,AxisRightStick=Move Crosshair; ButtonRightShoulder=Shoot; ButtonStart=Start; ButtonBack=Insert Coin
defense,P1_JOYSTICKLEFT_RIGHT,medium,True,JOYCODE_1_XAXIS_RIGHT_SWITCH,False,P1_TRACKBALL_X=Move Crosshair; P1_TRACKBALL_Y=Move Crosshair; P1_BUTTON1=Shoot; START=Start; COIN=Insert Coin,AxisRightStick=Move Crosshair; ButtonRightShoulder=Shoot; ButtonStart=Start; ButtonBack=Insert Coin
defense,P1_JOYSTICKLEFT_UP,medium,True,JOYCODE_1_YAXIS_UP_SWITCH,False,P1_TRACKBALL_X=Move Crosshair; P1_TRACKBALL_Y=Move Crosshair; P1_BUTTON1=Shoot; START=Start; COIN=Insert Coin,AxisRightStick=Move Crosshair; ButtonRightShoulder=Shoot; ButtonStart=Start; ButtonBack=Insert Coin
dotron,P1_JOYSTICK_DOWN,medium,True,JOYCODE_1_YAXIS_DOWN_SWITCH,False,P1_DIAL=Move Shoot Postiton; P1_BUTTON1=Disc; P1_BUTTON2=(Hold) Deflect; START=Start; COIN=Insert Coin,AxisLeftStick=Move; AxisRightStick=Move Shoot Postiton; AxisTriggerRight=(Hold) Deflect; ButtonRightShoulder=Disc; ButtonStart=Start; ButtonBack=Insert Coin
dotron,P1_JOYSTICK_LEFT,medium,True,JOYCODE_1_XAXIS_LEFT_SWITCH,False,P1_DIAL=Move Shoot Postiton; P1_BUTTON1=Disc; P1_BUTTON2=(Hold) Deflect; START=Start; COIN=Insert Coin,AxisLeftStick=Move; AxisRightStick=Move Shoot Postiton; AxisTriggerRight=(Hold) Deflect; ButtonRightShoulder=Disc; ButtonStart=Start; ButtonBack=Insert Coin
dotron,P1_JOYSTICK_RIGHT,medium,True,JOYCODE_1_XAXIS_RIGHT_SWITCH,False,P1_DIAL=Move Shoot Postiton; P1_BUTTON1=Disc; P1_BUTTON2=(Hold) Deflect; START=Start; COIN=Insert Coin,AxisLeftStick=Move; AxisRightStick=Move Shoot Postiton; AxisTriggerRight=(Hold) Deflect; ButtonRightShoulder=Disc; ButtonStart=Start; ButtonBack=Insert Coin
dotron,P1_JOYSTICK_UP,medium,True,JOYCODE_1_YAXIS_UP_SWITCH,False,P1_DIAL=Move Shoot Postiton; P1_BUTTON1=Disc; P1_BUTTON2=(Hold) Deflect; START=Start; COIN=Insert Coin,AxisLeftStick=Move; AxisRightStick=Move Shoot Postiton; AxisTriggerRight=(Hold) Deflect; ButtonRightShoulder=Disc; ButtonStart=Start; ButtonBack=Insert Coin
ganjaja,P1_JOYSTICK_LEFT,medium,True,JOYCODE_1_HAT1LEFT,False,P1_JOYSTICK_UP=Rock; P1_JOYSTICK_DOWN=Paper; P1_JOYSTICK_RIGHT=Scissors; COIN=Insert Coin,ButtonA=Paper; ButtonB=Scissors; ButtonX=Rock; ButtonStart=Start; ButtonBack=Insert Coin
kartduel,P1_JOYSTICK_DOWN,medium,True,JOYCODE_1_HAT1DOWN,False,P1_PEDAL=Accelerate; P1_PEDAL2=Brake; P1_PADDLE=Steering; START=Start; COIN=Insert Coin,AxisLeftStick=Steering; AxisTriggerLeft=Brake; AxisTriggerRight=Accelerate; ButtonStart=Start; ButtonBack=Insert Coin
kartduel,P1_JOYSTICK_UP,medium,True,JOYCODE_1_HAT1UP,False,P1_PEDAL=Accelerate; P1_PEDAL2=Brake; P1_PADDLE=Steering; START=Start; COIN=Insert Coin,AxisLeftStick=Steering; AxisTriggerLeft=Brake; AxisTriggerRight=Accelerate; ButtonStart=Start; ButtonBack=Insert Coin
knckhead,P1_JOYSTICK_UP,medium,True,JOYCODE_1_HAT1UP OR JOYCODE_1_YAXIS_UP_SWITCH,False,P1_JOYSTICK_DOWN=Move; P1_JOYSTICK_LEFT=Move; P1_JOYSTICK_RIGHT=Move; P1_BUTTON1=Weapon; P1_BUTTON2=Kick; P1_BUTTON3=Jump; START=Start; COIN=Insert Coin,AxisLeftStick=Move; ButtonA=Kick; ButtonB=Jump; ButtonDpad=Move; ButtonX=Weapon; ButtonStart=Start; ButtonBack=Insert Coin
lastsurv,P1_JOYSTICK_DOWN,medium,True,JOYCODE_1_YAXIS_DOWN_SWITCH,False,P1_BUTTON1=Shoot / Select; COIN=Insert Coin,AxisLeftStick=Move; AxisRightStick=Turn; AxisTriggerRight=Shoot; ButtonA=Shoot / Select; ButtonLeftShoulder=Turn Left; ButtonRightShoulder=Turn Right; ButtonStart=Start; ButtonBack=Insert Coin
lastsurv,P1_JOYSTICK_LEFT,medium,True,JOYCODE_1_XAXIS_LEFT_SWITCH,False,P1_BUTTON1=Shoot / Select; COIN=Insert Coin,AxisLeftStick=Move; AxisRightStick=Turn; AxisTriggerRight=Shoot; ButtonA=Shoot / Select; ButtonLeftShoulder=Turn Left; ButtonRightShoulder=Turn Right; ButtonStart=Start; ButtonBack=Insert Coin
lastsurv,P1_JOYSTICK_RIGHT,medium,True,JOYCODE_1_XAXIS_RIGHT_SWITCH,False,P1_BUTTON1=Shoot / Select; COIN=Insert Coin,AxisLeftStick=Move; AxisRightStick=Turn; AxisTriggerRight=Shoot; ButtonA=Shoot / Select; ButtonLeftShoulder=Turn Left; ButtonRightShoulder=Turn Right; ButtonStart=Start; ButtonBack=Insert Coin
lastsurv,P1_JOYSTICK_UP,medium,True,JOYCODE_1_YAXIS_UP_SWITCH,False,P1_BUTTON1=Shoot / Select; COIN=Insert Coin,AxisLeftStick=Move; AxisRightStick=Turn; AxisTriggerRight=Shoot; ButtonA=Shoot / Select; ButtonLeftShoulder=Turn Left; ButtonRightShoulder=Turn Right; ButtonStart=Start; ButtonBack=Insert Coin
machbrkr,P1_JOYSTICK_DOWN,medium,True,JOYCODE_1_HAT1DOWN OR JOYCODE_1_YAXIS_DOWN_SWITCH,False,P1_BUTTON1=Left Button; P1_BUTTON2=Middle Button; P1_BUTTON3=Right Button; START=Start,ButtonA=Middle Button; ButtonB=Right Button; ButtonX=Left Button; ButtonStart=Start; ButtonBack=Insert Coin
machbrkr,P1_JOYSTICK_LEFT,medium,True,JOYCODE_1_HAT1LEFT OR JOYCODE_1_XAXIS_LEFT_SWITCH,False,P1_BUTTON1=Left Button; P1_BUTTON2=Middle Button; P1_BUTTON3=Right Button; START=Start,ButtonA=Middle Button; ButtonB=Right Button; ButtonX=Left Button; ButtonStart=Start; ButtonBack=Insert Coin
machbrkr,P1_JOYSTICK_RIGHT,medium,True,JOYCODE_1_HAT1RIGHT OR JOYCODE_1_XAXIS_RIGHT_SWITCH,False,P1_BUTTON1=Left Button; P1_BUTTON2=Middle Button; P1_BUTTON3=Right Button; START=Start,ButtonA=Middle Button; ButtonB=Right Button; ButtonX=Left Button; ButtonStart=Start; ButtonBack=Insert Coin
machbrkr,P1_JOYSTICK_UP,medium,True,JOYCODE_1_HAT1UP OR JOYCODE_1_YAXIS_UP_SWITCH,False,P1_BUTTON1=Left Button; P1_BUTTON2=Middle Button; P1_BUTTON3=Right Button; START=Start,ButtonA=Middle Button; ButtonB=Right Button; ButtonX=Left Button; ButtonStart=Start; ButtonBack=Insert Coin
mnchmobl,P1_JOYSTICKRIGHT_LEFT,medium,True,JOYCODE_1_SLIDER1_NEG_SWITCH,False,P1_JOYSTICKLEFT=Move; P1_JOYSTICKRIGHT_RIGHT=Arm Right; START=Start; COIN=Insert Coin,AxisLeftStick=Move; AxisTriggerRight=Arm Right; ButtonA=A; ButtonB=B; ButtonLeftShoulder=Arm Left; ButtonX=X; ButtonY=Y; ButtonStart=Start; ButtonBack=Insert Coin
redbaron,P1_JOYSTICK_DOWN,medium,True,JOYCODE_1_YAXIS_DOWN_SWITCH,False,P1_AD_STICK_X=Move; P1_AD_STICK_Y=Move; P1_BUTTON1=Shoot; START=Start; COIN=Insert Coin,AxisLeftStick=Move; AxisTriggerRight=Shoot; ButtonA=Shoot; ButtonStart=Start; ButtonBack=Insert Coin
redbaron,P1_JOYSTICK_LEFT,medium,True,JOYCODE_1_XAXIS_LEFT_SWITCH,False,P1_AD_STICK_X=Move; P1_AD_STICK_Y=Move; P1_BUTTON1=Shoot; START=Start; COIN=Insert Coin,AxisLeftStick=Move; AxisTriggerRight=Shoot; ButtonA=Shoot; ButtonStart=Start; ButtonBack=Insert Coin
redbaron,P1_JOYSTICK_RIGHT,medium,True,JOYCODE_1_XAXIS_RIGHT_SWITCH,False,P1_AD_STICK_X=Move; P1_AD_STICK_Y=Move; P1_BUTTON1=Shoot; START=Start; COIN=Insert Coin,AxisLeftStick=Move; AxisTriggerRight=Shoot; ButtonA=Shoot; ButtonStart=Start; ButtonBack=Insert Coin
redbaron,P1_JOYSTICK_UP,medium,True,JOYCODE_1_YAXIS_UP_SWITCH,False,P1_AD_STICK_X=Move; P1_AD_STICK_Y=Move; P1_BUTTON1=Shoot; START=Start; COIN=Insert Coin,AxisLeftStick=Move; AxisTriggerRight=Shoot; ButtonA=Shoot; ButtonStart=Start; ButtonBack=Insert Coin
suprgolf,P1_JOYSTICK_LEFT,medium,True,JOYCODE_1_HAT1LEFT,False,P1_DIAL=Power; P1_BUTTON4=Button; START=Start; COIN=Insert Coin,AxisLeftStick=Power; ButtonA=Button; ButtonStart=Start; ButtonBack=Insert Coin
suprgolf,P1_JOYSTICK_RIGHT,medium,True,JOYCODE_1_HAT1RIGHT,False,P1_DIAL=Power; P1_BUTTON4=Button; START=Start; COIN=Insert Coin,AxisLeftStick=Power; ButtonA=Button; ButtonStart=Start; ButtonBack=Insert Coin
triviabb,P1_JOYSTICKLEFT_DOWN,medium,True,JOYCODE_1_HAT1DOWN OR JOYCODE_1_YAXIS_DOWN_SWITCH,False,P1_JOYSTICK=Move; P1_BUTTON1=Green / Correct / Right; P1_BUTTON2=Red / Incorrect / Left; START=Start; COIN=Insert Coin,AxisLeftStick=Move; ButtonA=Red / Incorrect / Left; ButtonDpad=Move; ButtonX=Green / Correct / Right; ButtonStart=Start; ButtonBack=Insert Coin
triviabb,P1_JOYSTICKLEFT_LEFT,medium,True,JOYCODE_1_HAT1LEFT OR JOYCODE_1_XAXIS_LEFT_SWITCH,False,P1_JOYSTICK=Move; P1_BUTTON1=Green / Correct / Right; P1_BUTTON2=Red / Incorrect / Left; START=Start; COIN=Insert Coin,AxisLeftStick=Move; ButtonA=Red / Incorrect / Left; ButtonDpad=Move; ButtonX=Green / Correct / Right; ButtonStart=Start; ButtonBack=Insert Coin
triviabb,P1_JOYSTICKLEFT_RIGHT,medium,True,JOYCODE_1_HAT1RIGHT OR JOYCODE_1_XAXIS_RIGHT_SWITCH,False,P1_JOYSTICK=Move; P1_BUTTON1=Green / Correct / Right; P1_BUTTON2=Red / Incorrect / Left; START=Start; COIN=Insert Coin,AxisLeftStick=Move; ButtonA=Red / Incorrect / Left; ButtonDpad=Move; ButtonX=Green / Correct / Right; ButtonStart=Start; ButtonBack=Insert Coin
triviabb,P1_JOYSTICKLEFT_UP,medium,True,JOYCODE_1_HAT1UP OR JOYCODE_1_YAXIS_UP_SWITCH,False,P1_JOYSTICK=Move; P1_BUTTON1=Green / Correct / Right; P1_BUTTON2=Red / Incorrect / Left; START=Start; COIN=Insert Coin,AxisLeftStick=Move; ButtonA=Red / Incorrect / Left; ButtonDpad=Move; ButtonX=Green / Correct / Right; ButtonStart=Start; ButtonBack=Insert Coin
triviag1,P1_JOYSTICKLEFT_DOWN,medium,True,JOYCODE_1_HAT1DOWN OR JOYCODE_1_YAXIS_DOWN_SWITCH,False,P1_JOYSTICK=Move; P1_BUTTON1=Green / Correct / Right; P1_BUTTON2=Red / Incorrect / Left; START=Start; COIN=Insert Coin,AxisLeftStick=Move; ButtonA=Red / Incorrect / Left; ButtonDpad=Move; ButtonX=Green / Correct / Right; ButtonStart=Start; ButtonBack=Insert Coin
triviag1,P1_JOYSTICKLEFT_LEFT,medium,True,JOYCODE_1_HAT1LEFT OR JOYCODE_1_XAXIS_LEFT_SWITCH,False,P1_JOYSTICK=Move; P1_BUTTON1=Green / Correct / Right; P1_BUTTON2=Red / Incorrect / Left; START=Start; COIN=Insert Coin,AxisLeftStick=Move; ButtonA=Red / Incorrect / Left; ButtonDpad=Move; ButtonX=Green / Correct / Right; ButtonStart=Start; ButtonBack=Insert Coin
triviag1,P1_JOYSTICKLEFT_RIGHT,medium,True,JOYCODE_1_HAT1RIGHT OR JOYCODE_1_XAXIS_RIGHT_SWITCH,False,P1_JOYSTICK=Move; P1_BUTTON1=Green / Correct / Right; P1_BUTTON2=Red / Incorrect / Left; START=Start; COIN=Insert Coin,AxisLeftStick=Move; ButtonA=Red / Incorrect / Left; ButtonDpad=Move; ButtonX=Green / Correct / Right; ButtonStart=Start; ButtonBack=Insert Coin
triviag1,P1_JOYSTICKLEFT_UP,medium,True,JOYCODE_1_HAT1UP OR JOYCODE_1_YAXIS_UP_SWITCH,False,P1_JOYSTICK=Move; P1_BUTTON1=Green / Correct / Right; P1_BUTTON2=Red / Incorrect / Left; START=Start; COIN=Insert Coin,AxisLeftStick=Move; ButtonA=Red / Incorrect / Left; ButtonDpad=Move; ButtonX=Green / Correct / Right; ButtonStart=Start; ButtonBack=Insert Coin
triviag2,P1_JOYSTICKLEFT_DOWN,medium,True,JOYCODE_1_HAT1DOWN OR JOYCODE_1_YAXIS_DOWN_SWITCH,False,P1_JOYSTICK=Move; P1_BUTTON1=Green / Correct / Right; P1_BUTTON2=Red / Incorrect / Left; START=Start; COIN=Insert Coin,AxisLeftStick=Move; ButtonA=Red / Incorrect / Left; ButtonDpad=Move; ButtonX=Green / Correct / Right; ButtonStart=Start; ButtonBack=Insert Coin
triviag2,P1_JOYSTICKLEFT_LEFT,medium,True,JOYCODE_1_HAT1LEFT OR JOYCODE_1_XAXIS_LEFT_SWITCH,False,P1_JOYSTICK=Move; P1_BUTTON1=Green / Correct / Right; P1_BUTTON2=Red / Incorrect / Left; START=Start; COIN=Insert Coin,AxisLeftStick=Move; ButtonA=Red / Incorrect / Left; ButtonDpad=Move; ButtonX=Green / Correct / Right; ButtonStart=Start; ButtonBack=Insert Coin
triviag2,P1_JOYSTICKLEFT_RIGHT,medium,True,JOYCODE_1_HAT1RIGHT OR JOYCODE_1_XAXIS_RIGHT_SWITCH,False,P1_JOYSTICK=Move; P1_BUTTON1=Green / Correct / Right; P1_BUTTON2=Red / Incorrect / Left; START=Start; COIN=Insert Coin,AxisLeftStick=Move; ButtonA=Red / Incorrect / Left; ButtonDpad=Move; ButtonX=Green / Correct / Right; ButtonStart=Start; ButtonBack=Insert Coin
triviag2,P1_JOYSTICKLEFT_UP,medium,True,JOYCODE_1_HAT1UP OR JOYCODE_1_YAXIS_UP_SWITCH,False,P1_JOYSTICK=Move; P1_BUTTON1=Green / Correct / Right; P1_BUTTON2=Red / Incorrect / Left; START=Start; COIN=Insert Coin,AxisLeftStick=Move; ButtonA=Red / Incorrect / Left; ButtonDpad=Move; ButtonX=Green / Correct / Right; ButtonStart=Start; ButtonBack=Insert Coin
triviasp,P1_JOYSTICKLEFT_DOWN,medium,True,JOYCODE_1_HAT1DOWN OR JOYCODE_1_YAXIS_DOWN_SWITCH,False,P1_JOYSTICK=Move; P1_BUTTON1=Green / Correct / Right; P1_BUTTON2=Red / Incorrect / Left; START=Start; COIN=Insert Coin,AxisLeftStick=Move; ButtonA=Red / Incorrect / Left; ButtonDpad=Move; ButtonX=Green / Correct / Right; ButtonStart=Start; ButtonBack=Insert Coin
triviasp,P1_JOYSTICKLEFT_LEFT,medium,True,JOYCODE_1_HAT1LEFT OR JOYCODE_1_XAXIS_LEFT_SWITCH,False,P1_JOYSTICK=Move; P1_BUTTON1=Green / Correct / Right; P1_BUTTON2=Red / Incorrect / Left; START=Start; COIN=Insert Coin,AxisLeftStick=Move; ButtonA=Red / Incorrect / Left; ButtonDpad=Move; ButtonX=Green / Correct / Right; ButtonStart=Start; ButtonBack=Insert Coin
triviasp,P1_JOYSTICKLEFT_RIGHT,medium,True,JOYCODE_1_HAT1RIGHT OR JOYCODE_1_XAXIS_RIGHT_SWITCH,False,P1_JOYSTICK=Move; P1_BUTTON1=Green / Correct / Right; P1_BUTTON2=Red / Incorrect / Left; START=Start; COIN=Insert Coin,AxisLeftStick=Move; ButtonA=Red / Incorrect / Left; ButtonDpad=Move; ButtonX=Green / Correct / Right; ButtonStart=Start; ButtonBack=Insert Coin
triviasp,P1_JOYSTICKLEFT_UP,medium,True,JOYCODE_1_HAT1UP OR JOYCODE_1_YAXIS_UP_SWITCH,False,P1_JOYSTICK=Move; P1_BUTTON1=Green / Correct / Right; P1_BUTTON2=Red / Incorrect / Left; START=Start; COIN=Insert Coin,AxisLeftStick=Move; ButtonA=Red / Incorrect / Left; ButtonDpad=Move; ButtonX=Green / Correct / Right; ButtonStart=Start; ButtonBack=Insert Coin
triviayp,P1_JOYSTICKLEFT_DOWN,medium,True,JOYCODE_1_HAT1DOWN OR JOYCODE_1_YAXIS_DOWN_SWITCH,False,P1_JOYSTICK=Move; P1_BUTTON1=Green / Correct / Right; P1_BUTTON2=Red / Incorrect / Left; START=Start; COIN=Insert Coin,AxisLeftStick=Move; ButtonA=Red / Incorrect / Left; ButtonDpad=Move; ButtonX=Green / Correct / Right; ButtonStart=Start; ButtonBack=Insert Coin
triviayp,P1_JOYSTICKLEFT_LEFT,medium,True,JOYCODE_1_HAT1LEFT OR JOYCODE_1_XAXIS_LEFT_SWITCH,False,P1_JOYSTICK=Move; P1_BUTTON1=Green / Correct / Right; P1_BUTTON2=Red / Incorrect / Left; START=Start; COIN=Insert Coin,AxisLeftStick=Move; ButtonA=Red / Incorrect / Left; ButtonDpad=Move; ButtonX=Green / Correct / Right; ButtonStart=Start; ButtonBack=Insert Coin
triviayp,P1_JOYSTICKLEFT_RIGHT,medium,True,JOYCODE_1_HAT1RIGHT OR JOYCODE_1_XAXIS_RIGHT_SWITCH,False,P1_JOYSTICK=Move; P1_BUTTON1=Green / Correct / Right; P1_BUTTON2=Red / Incorrect / Left; START=Start; COIN=Insert Coin,AxisLeftStick=Move; ButtonA=Red / Incorrect / Left; ButtonDpad=Move; ButtonX=Green / Correct / Right; ButtonStart=Start; ButtonBack=Insert Coin
triviayp,P1_JOYSTICKLEFT_UP,medium,True,JOYCODE_1_HAT1UP OR JOYCODE_1_YAXIS_UP_SWITCH,False,P1_JOYSTICK=Move; P1_BUTTON1=Green / Correct / Right; P1_BUTTON2=Red / Incorrect / Left; START=Start; COIN=Insert Coin,AxisLeftStick=Move; ButtonA=Red / Incorrect / Left; ButtonDpad=Move; ButtonX=Green / Correct / Right; ButtonStart=Start; ButtonBack=Insert Coin
ujlnow,P1_JOYSTICK_DOWN,medium,True,JOYCODE_1_HAT1DOWN,False,P1_BUTTON1=Circle; P1_BUTTON2=Cross; P1_BUTTON3=Triangle; P1_BUTTON4=Square; P1_BUTTON5=Chin; P1_BUTTON6=Joe,AxisLeftStick=Move; AxisTriggerLeft=Chin; AxisTriggerRight=Joe; ButtonA=Cross; ButtonB=Circle; ButtonX=Square; ButtonY=Triangle; ButtonStart=Start; ButtonBack=Insert Coin
ujlnow,P1_JOYSTICK_UP,medium,True,JOYCODE_1_HAT1UP,False,P1_BUTTON1=Circle; P1_BUTTON2=Cross; P1_BUTTON3=Triangle; P1_BUTTON4=Square; P1_BUTTON5=Chin; P1_BUTTON6=Joe,AxisLeftStick=Move; AxisTriggerLeft=Chin; AxisTriggerRight=Joe; ButtonA=Cross; ButtonB=Circle; ButtonX=Square; ButtonY=Triangle; ButtonStart=Start; ButtonBack=Insert Coin
warfa,P1_JOYSTICK_DOWN,medium,True,JOYCODE_1_YAXIS_DOWN_SWITCH,False,P1_AD_STICK_X=Look; P1_BUTTON2=Shoot; P1_BUTTON4=View; START=Start; COIN=Insert Coin,AxisLeftStick=Move; AxisRightStick=Look; AxisTriggerRight=Shoot; ButtonY=View; ButtonStart=Start; ButtonBack=Insert Coin
warfa,P1_JOYSTICK_LEFT,medium,True,JOYCODE_1_XAXIS_LEFT_SWITCH,False,P1_AD_STICK_X=Look; P1_BUTTON2=Shoot; P1_BUTTON4=View; START=Start; COIN=Insert Coin,AxisLeftStick=Move; AxisRightStick=Look; AxisTriggerRight=Shoot; ButtonY=View; ButtonStart=Start; ButtonBack=Insert Coin
warfa,P1_JOYSTICK_RIGHT,medium,True,JOYCODE_1_XAXIS_RIGHT_SWITCH,False,P1_AD_STICK_X=Look; P1_BUTTON2=Shoot; P1_BUTTON4=View; START=Start; COIN=Insert Coin,AxisLeftStick=Move; AxisRightStick=Look; AxisTriggerRight=Shoot; ButtonY=View; ButtonStart=Start; ButtonBack=Insert Coin
warfa,P1_JOYSTICK_UP,medium,True,JOYCODE_1_YAXIS_UP_SWITCH,False,P1_AD_STICK_X=Look; P1_BUTTON2=Shoot; P1_BUTTON4=View; START=Start; COIN=Insert Coin,AxisLeftStick=Move; AxisRightStick=Look; AxisTriggerRight=Shoot; ButtonY=View; ButtonStart=Start; ButtonBack=Insert Coin
wizwarz,P1_JOYSTICK_DOWN,medium,True,JOYCODE_1_RZAXIS_POS_SWITCH,False,P1_DIAL=Move; P1_BUTTON1=Bomb; START=Start; COIN=Insert Coin,AxisLeftStick=Move; ButtonA=Bomb; ButtonRightShoulder=Bomb; ButtonRightStick=Shoot; ButtonStart=Start; ButtonBack=Insert Coin
wizwarz,P1_JOYSTICK_LEFT,medium,True,JOYCODE_1_ZAXIS_NEG_SWITCH,False,P1_DIAL=Move; P1_BUTTON1=Bomb; START=Start; COIN=Insert Coin,AxisLeftStick=Move; ButtonA=Bomb; ButtonRightShoulder=Bomb; ButtonRightStick=Shoot; ButtonStart=Start; ButtonBack=Insert Coin
wizwarz,P1_JOYSTICK_RIGHT,medium,True,JOYCODE_1_ZAXIS_POS_SWITCH,False,P1_DIAL=Move; P1_BUTTON1=Bomb; START=Start; COIN=Insert Coin,AxisLeftStick=Move; ButtonA=Bomb; ButtonRightShoulder=Bomb; ButtonRightStick=Shoot; ButtonStart=Start; ButtonBack=Insert Coin
wizwarz,P1_JOYSTICK_UP,medium,True,JOYCODE_1_RZAXIS_NEG_SWITCH,False,P1_DIAL=Move; P1_BUTTON1=Bomb; START=Start; COIN=Insert Coin,AxisLeftStick=Move; ButtonA=Bomb; ButtonRightShoulder=Bomb; ButtonRightStick=Shoot; ButtonStart=Start; ButtonBack=Insert Coin
1945kiii,P1_BUTTON3,low,True,JOYCODE_1_BUTTON2,False,P1_JOYSTICK=Move; P1_BUTTON1=Shoot; P1_BUTTON2=Special; START=Start; COIN=Insert Coin,AxisLeftStick=Move; ButtonA=Special; ButtonDpad=Move; ButtonX=Shoot; ButtonStart=Start; ButtonBack=Insert Coin
1945kiii,P1_BUTTON4,low,True,JOYCODE_1_BUTTON4,False,P1_JOYSTICK=Move; P1_BUTTON1=Shoot; P1_BUTTON2=Special; START=Start; COIN=Insert Coin,AxisLeftStick=Move; ButtonA=Special; ButtonDpad=Move; ButtonX=Shoot; ButtonStart=Start; ButtonBack=Insert Coin
3in1semi,P1_BUTTON3,low,True,JOYCODE_1_BUTTON2,False,P1_JOYSTICK=Move; P1_BUTTON1=A; P1_BUTTON2=B; START=Start; COIN=Insert Coin,AxisLeftStick=Move; ButtonA=B; ButtonDpad=Move; ButtonX=A; ButtonStart=Start; ButtonBack=Insert Coin
3on3dunk,P1_BUTTON3,low,True,JOYCODE_1_BUTTON2,False,P1_JOYSTICK=Move; P1_BUTTON1=Pass; P1_BUTTON2=Jump / Shoot; START=Start; COIN=Insert Coin,AxisLeftStick=Move; ButtonA=Jump / Shoot; ButtonDpad=Move; ButtonX=Pass; ButtonStart=Start; ButtonBack=Insert Coin
3on3dunk,P1_BUTTON4,low,True,JOYCODE_1_BUTTON4,False,P1_JOYSTICK=Move; P1_BUTTON1=Pass; P1_BUTTON2=Jump / Shoot; START=Start; COIN=Insert Coin,AxisLeftStick=Move; ButtonA=Jump / Shoot; ButtonDpad=Move; ButtonX=Pass; ButtonStart=Start; ButtonBack=Insert Coin
3wonders,P1_BUTTON3,low,True,JOYCODE_1_BUTTON2,False,P1_JOYSTICK=Move; P1_BUTTON1=Shoot / Push; P1_BUTTON2=Jump / Special Shot; START=Start; COIN=Insert Coin,AxisLeftStick=Move; ButtonA=Jump / Special Shot; ButtonDpad=Move; ButtonX=Shoot / Push; ButtonStart=Start; ButtonBack=Insert Coin
4in1boot,P1_BUTTON3,low,True,JOYCODE_1_BUTTON2,False,P1_JOYSTICK=Move; P1_BUTTON1=A; P1_BUTTON2=B; START=Start; COIN=Insert Coin,AxisLeftStick=Move; ButtonA=B; ButtonDpad=Move; ButtonX=A; ButtonStart=Start; ButtonBack=Insert Coin
acrobatm,P1_BUTTON3,low,True,JOYCODE_1_BUTTON2,False,P1_JOYSTICK=Move; P1_BUTTON1=Shoot; P1_BUTTON2=Bomb; START=Start; COIN=Insert Coin,AxisLeftStick=Move; ButtonA=Bomb; ButtonDpad=Move; ButtonX=Shoot; ButtonStart=Start; ButtonBack=Insert Coin
actionhw,P1_BUTTON3,low,True,JOYCODE_1_BUTTON2,False,P1_JOYSTICK=Move; P1_BUTTON1=Attack; P1_BUTTON2=Move Faster; START=Start; COIN=Insert Coin,AxisLeftStick=Move; ButtonA=Move Faster; ButtonDpad=Move; ButtonX=Attack; ButtonStart=Start; ButtonBack=Insert Coin
ad2083,P1_BUTTON2,low,True,JOYCODE_1_BUTTON1,False,P1_JOYSTICK=Move; P1_BUTTON1=Shoot; START=Start; COIN=Insert Coin,AxisLeftStick=Move; ButtonDpad=Move; ButtonX=Shoot; ButtonStart=Start; ButtonBack=Insert Coin
agallet,P1_BUTTON3,low,True,JOYCODE_1_BUTTON2,False,P1_JOYSTICK=Move; P1_BUTTON1=Shoot; P1_BUTTON2=Bomb; START=Start; COIN=Insert Coin,AxisLeftStick=Move; ButtonA=Bomb; ButtonDpad=Move; ButtonX=Shoot; ButtonStart=Start; ButtonBack=Insert Coin
airduel,P1_BUTTON3,low,True,JOYCODE_1_BUTTON2,False,P1_JOYSTICK=Move; P1_BUTTON1=Shoot; P1_BUTTON2=Bomb; START=Start; COIN=Insert Coin,AxisLeftStick=Move; ButtonA=Bomb; ButtonDpad=Move; ButtonX=Shoot; ButtonStart=Start; ButtonBack=Insert Coin
airduel,P1_BUTTON4,low,True,JOYCODE_1_BUTTON4,False,P1_JOYSTICK=Move; P1_BUTTON1=Shoot; P1_BUTTON2=Bomb; START=Start; COIN=Insert Coin,AxisLeftStick=Move; ButtonA=Bomb; ButtonDpad=Move; ButtonX=Shoot; ButtonStart=Start; ButtonBack=Insert Coin
akazukin,P1_BUTTON2,low,True,JOYCODE_1_BUTTON1,False,P1_JOYSTICK=Move; P1_BUTTON1=Shoot; START=Start; COIN=Insert Coin,AxisLeftStick=Move; ButtonDpad=Move; ButtonX=Shoot; ButtonStart=Start; ButtonBack=Insert Coin
akkaarrh,P1_BUTTON2,low,True,JOYCODE_1_BUTTON2,False,P1_TRACKBALL_X=Move; P1_TRACKBALL_Y=Move; P1_BUTTON1=Shoot; P1_BUTTON3=Zoom; START=Start; COIN=Insert Coin,AxisLeftStick=Move; AxisTriggerLeft=Zoom; AxisTriggerRight=Shoot; ButtonA=Shoot; ButtonX=Zoom; ButtonStart=Start; ButtonBack=Insert Coin
alexkidd,P1_BUTTON3,low,True,JOYCODE_1_BUTTON2,False,P1_JOYSTICK=Move; P1_BUTTON1=Jump; P1_BUTTON2=Attack; START=Start; COIN=Insert Coin,AxisLeftStick=Move; ButtonA=Jump; ButtonDpad=Move; ButtonX=Attack; ButtonStart=Start; ButtonBack=Insert Coin
aliensyn,P1_BUTTON2,low,True,JOYCODE_1_BUTTON1,False,P1_JOYSTICK=Move; P1_BUTTON1=Shoot; START=Start; COIN=Insert Coin,AxisLeftStick=Move; ButtonDpad=Move; ButtonX=Shoot; ButtonStart=Start; ButtonBack=Insert Coin
aliensyn,P1_BUTTON3,low,True,JOYCODE_1_BUTTON2,False,P1_JOYSTICK=Move; P1_BUTTON1=Shoot; START=Start; COIN=Insert Coin,AxisLeftStick=Move; ButtonDpad=Move; ButtonX=Shoot; ButtonStart=Start; ButtonBack=Insert Coin
alphaho,P1_BUTTON2,low,True,JOYCODE_1_BUTTON6,False,P1_JOYSTICK=Move; P1_BUTTON1=Accelerate / Shoot; START=Start; COIN=Insert Coin,AxisLeftStick=Move; ButtonA=Accelerate / Shoot; ButtonDpad=Move; ButtonStart=Start; ButtonBack=Insert Coin
alpham2,P1_BUTTON4,low,True,JOYCODE_1_BUTTON4,False,P1_JOYSTICK=Move; P1_BUTTON1=Laser/Missile/Select; P1_BUTTON2=Armor Attack; P1_BUTTON3=Open Menu; START=Start; COIN=Insert Coin,AxisLeftStick=Move; ButtonA=Armor Attack; ButtonB=Open Menu; ButtonDpad=Move; ButtonX=Laser/Missile/Select; ButtonStart=Start; ButtonBack=Insert Coin
altair,P1_BUTTON2,low,True,JOYCODE_1_BUTTON1,False,P1_JOYSTICK=Move; P1_BUTTON1=Shoot; START=Start; COIN=Insert Coin,AxisLeftStick=Move; ButtonDpad=Move; ButtonX=Shoot; ButtonStart=Start; ButtonBack=Insert Coin
altair2,P1_BUTTON2,low,True,JOYCODE_1_BUTTON1,False,P1_JOYSTICK=Move; P1_BUTTON1=Shoot; START=Start; COIN=Insert Coin,AxisLeftStick=Move; ButtonDpad=Move; ButtonX=Shoot; ButtonStart=Start; ButtonBack=Insert Coin
androdun,P1_BUTTON3,low,True,JOYCODE_1_BUTTON2,False,P1_JOYSTICK=Move; P1_BUTTON1=Shoot / (Hold) Charge; P1_BUTTON2=Change Weapon; START=Start; COIN=Insert Coin,AxisLeftStick=Move; ButtonA=Change Weapon; ButtonDpad=Move; ButtonX=Shoot / (Hold) Charge; ButtonStart=Start; ButtonBack=Insert Coin
androdun,P1_BUTTON4,low,True,JOYCODE_1_BUTTON4,False,P1_JOYSTICK=Move; P1_BUTTON1=Shoot / (Hold) Charge; P1_BUTTON2=Change Weapon; START=Start; COIN=Insert Coin,AxisLeftStick=Move; ButtonA=Change Weapon; ButtonDpad=Move; ButtonX=Shoot / (Hold) Charge; ButtonStart=Start; ButtonBack=Insert Coin
androidp,P1_BUTTON3,low,True,JOYCODE_1_BUTTON2,False,P1_JOYSTICK=Move; P1_BUTTON1=Shoot; P1_BUTTON2=Shoot; START=Start; COIN=Insert Coin,AxisLeftStick=Move; ButtonA=Shoot; ButtonDpad=Move; ButtonX=Shoot; ButtonStart=Start; ButtonBack=Insert Coin
aodk,P1_BUTTON4,low,True,JOYCODE_1_BUTTON4,False,P1_JOYSTICK=Move; P1_BUTTON1=Punch; P1_BUTTON2=Kick; P1_BUTTON3=Jump; START=Start; COIN=Insert Coin,AxisLeftStick=Move; ButtonA=Kick; ButtonB=Jump; ButtonDpad=Move; ButtonX=Punch; ButtonStart=Start; ButtonBack=Insert Coin
ar_airh,P1_BUTTON2,low,True,JOYCODE_1_BUTTON1,False,P1_JOYSTICK=Move; P1_BUTTON1=Move Faster; START=Start; COIN=Insert Coin,AxisLeftStick=Move; ButtonDpad=Move; ButtonX=Move Faster; ButtonStart=Start; ButtonBack=Insert Coin
ar_bowl,P1_BUTTON2,low,True,JOYCODE_1_BUTTON1,False,P1_JOYSTICK=Move; P1_BUTTON1=Button; START=Start; COIN=Insert Coin,AxisLeftStick=Move; ButtonDpad=Move; ButtonX=Button; ButtonStart=Start; ButtonBack=Insert Coin
ar_dart,P1_BUTTON2,low,True,JOYCODE_1_BUTTON1,False,P1_JOYSTICK=Move; P1_BUTTON1=Throw Dart; START=Start; COIN=Insert Coin,AxisLeftStick=Move; ButtonDpad=Move; ButtonX=Throw Dart; ButtonStart=Start; ButtonBack=Insert Coin
ar_sdwr,P1_BUTTON2,low,True,JOYCODE_1_BUTTON1,False,P1_JOYSTICK=Move; P1_BUTTON1=Shoot; START=Start; COIN=Insert Coin,AxisLeftStick=Move; ButtonDpad=Move; ButtonX=Shoot; ButtonStart=Start; ButtonBack=Insert Coin
ar_spot,P1_BUTTON2,low,True,JOYCODE_1_BUTTON1,False,P1_JOYSTICK=Move; P1_BUTTON1=Select; START=Start; COIN=Insert Coin,AxisLeftStick=Move; ButtonDpad=Move; ButtonX=Select; ButtonStart=Start; ButtonBack=Insert Coin
arabianm,P1_BUTTON4,low,True,JOYCODE_1_BUTTON4,False,P1_JOYSTICK=Move; P1_BUTTON1=Attack / (Hold) Block; P1_BUTTON2=Jump; P1_BUTTON3=Magic; START=Start; COIN=Insert Coin,AxisLeftStick=Move; ButtonA=Jump; ButtonB=Magic; ButtonDpad=Move; ButtonX=Attack / (Hold) Block; ButtonStart=Start; ButtonBack=Insert Coin
arcadian,P1_BUTTON3,low,True,JOYCODE_1_BUTTON2,False,P1_JOYSTICK=Move; P1_BUTTON1=Shoot; P1_BUTTON2=Bomb; START=Start; COIN=Insert Coin,AxisLeftStick=Move; ButtonA=Bomb; ButtonDpad=Move; ButtonX=Shoot; ButtonStart=Start; ButtonBack=Insert Coin
arkretrn,P1_BUTTON1,low,True,JOYCODE_1_BUTTON3,False,P1_JOYSTICK=Move; P1_BUTTON2=Button; START=Start; COIN=Insert Coin,AxisLeftStick=Move; ButtonA=Button; ButtonDpad=Move; ButtonStart=Start; ButtonBack=Insert Coin
arkretrn,P1_BUTTON3,low,True,JOYCODE_1_BUTTON2,False,P1_JOYSTICK=Move; P1_BUTTON2=Button; START=Start; COIN=Insert Coin,AxisLeftStick=Move; ButtonA=Button; ButtonDpad=Move; ButtonStart=Start; ButtonBack=Insert Coin
arkretrn,P1_BUTTON4,low,True,JOYCODE_1_BUTTON4,False,P1_JOYSTICK=Move; P1_BUTTON2=Button; START=Start; COIN=Insert Coin,AxisLeftStick=Move; ButtonA=Button; ButtonDpad=Move; ButtonStart=Start; ButtonBack=Insert Coin
armedf,P1_BUTTON3,low,True,JOYCODE_1_BUTTON2,False,P1_JOYSTICK=Move; P1_BUTTON1=Shoot; P1_BUTTON2=Change Drone Position; START=Start; COIN=Insert Coin,AxisLeftStick=Move; ButtonA=Change Drone Position; ButtonDpad=Move; ButtonX=Shoot; ButtonStart=Start; ButtonBack=Insert Coin
astdelux,P1_BUTTON5,low,True,JOYCODE_1_BUTTON2,False,P1_BUTTON1=Move; P1_BUTTON2=Move; P1_BUTTON3=Shoot; P1_BUTTON4=Boost; START=Start; COIN=Insert Coin,AxisLeftStick=Move; ButtonA=Shoot; ButtonDpad=Move; ButtonX=Boost; ButtonStart=Start; ButtonBack=Insert Coin
asteroid,P1_BUTTON5,low,True,JOYCODE_1_BUTTON2,False,P1_BUTTON1=Move; P1_BUTTON2=Move; P1_BUTTON3=Shoot; P1_BUTTON4=Boost; START=Start; COIN=Insert Coin,AxisLeftStick=Move; ButtonA=Shoot; ButtonDpad=Move; ButtonX=Boost; ButtonStart=Start; ButtonBack=Insert Coin
b2b,P1_BUTTON3,low,True,JOYCODE_1_BUTTON2,False,P1_JOYSTICK=Move; P1_BUTTON1=Shoot / Throw; P1_BUTTON2=Jump; START=Start; COIN=Insert Coin,AxisLeftStick=Move; ButtonA=Jump; ButtonDpad=Move; ButtonX=Shoot / Throw; ButtonStart=Start; ButtonBack=Insert Coin
b2b,P1_BUTTON4,low,True,JOYCODE_1_BUTTON4,False,P1_JOYSTICK=Move; P1_BUTTON1=Shoot / Throw; P1_BUTTON2=Jump; START=Start; COIN=Insert Coin,AxisLeftStick=Move; ButtonA=Jump; ButtonDpad=Move; ButtonX=Shoot / Throw; ButtonStart=Start; ButtonBack=Insert Coin
backfire,P1_BUTTON3,low,True,JOYCODE_1_BUTTON2,False,P1_JOYSTICK=Steering; P1_PADDLE=Steering; P1_BUTTON1=Accelerate; P1_BUTTON2=Brake; START=Start; COIN=Insert Coin,AxisLeftStick=Steering; AxisTriggerLeft=Brake; AxisTriggerRight=Accelerate; ButtonA=Brake; ButtonDpad=Steering; ButtonX=Accelerate; ButtonStart=Start; ButtonBack=Insert Coin
backfirea,P1_BUTTON3,low,True,JOYCODE_1_BUTTON2,False,P1_JOYSTICK=Steering; P1_PADDLE=Steering; P1_BUTTON1=Accelerate; P1_BUTTON2=Brake; START=Start; COIN=Insert Coin,AxisLeftStick=Steering; AxisTriggerLeft=Brake; AxisTriggerRight=Accelerate; ButtonA=Brake; ButtonDpad=Steering; ButtonX=Accelerate; ButtonStart=Start; ButtonBack=Insert Coin
bakubaku,P1_BUTTON3,low,True,JOYCODE_1_BUTTON2,False,P1_JOYSTICK=Move; P1_BUTTON1=Spin Piece; P1_BUTTON2=Spin Piece; START=Start; COIN=Insert Coin,AxisLeftStick=Move; ButtonA=Spin Piece; ButtonDpad=Move; ButtonX=Spin Piece; ButtonStart=Start; ButtonBack=Insert Coin
bakubaku,P1_BUTTON4,low,True,JOYCODE_1_BUTTON4,False,P1_JOYSTICK=Move; P1_BUTTON1=Spin Piece; P1_BUTTON2=Spin Piece; START=Start; COIN=Insert Coin,AxisLeftStick=Move; ButtonA=Spin Piece; ButtonDpad=Move; ButtonX=Spin Piece; ButtonStart=Start; ButtonBack=Insert Coin
bakutotu,P1_BUTTON1,low,True,JOYCODE_1_BUTTON3,False,P1_JOYSTICK=Move; P1_BUTTON2=Shoot; START=Start; COIN=Insert Coin,AxisLeftStick=Move; ButtonA=Shoot; ButtonDpad=Move; ButtonStart=Start; ButtonBack=Insert Coin
bakutotu,P1_BUTTON3,low,True,JOYCODE_1_BUTTON2,False,P1_JOYSTICK=Move; P1_BUTTON2=Shoot; START=Start; COIN=Insert Coin,AxisLeftStick=Move; ButtonA=Shoot; ButtonDpad=Move; ButtonStart=Start; ButtonBack=Insert Coin
bam2,P1_BUTTON3,low,True,JOYCODE_1_BUTTON2,False,P1_JOYSTICK=Move; P1_BUTTON1=Rhythm; P1_BUTTON2=Jammar; START=Start; COIN=Insert Coin,AxisLeftStick=Move; ButtonA=Jammar; ButtonDpad=Move; ButtonX=Rhythm; ButtonStart=Start; ButtonBack=Insert Coin
bangbead,P1_BUTTON4,low,True,JOYCODE_1_BUTTON4,False,P1_JOYSTICK=Move; P1_BUTTON1=Shoot; P1_BUTTON2=Slide / Taunt; P1_BUTTON3=Special; START=Start; COIN=Insert Coin,AxisLeftStick=Move; ButtonA=Slide / Taunt; ButtonB=Special; ButtonDpad=Move; ButtonX=Shoot; ButtonStart=Start; ButtonBack=Insert Coin
baryon,P1_BUTTON3,low,True,JOYCODE_1_BUTTON2,False,P1_JOYSTICK=Move; P1_BUTTON1=Shoot; P1_BUTTON2=Bomb; START=Start; COIN=Insert Coin,AxisLeftStick=Move; ButtonA=Bomb; ButtonDpad=Move; ButtonX=Shoot; ButtonStart=Start; ButtonBack=Insert Coin
batlballu,P1_BUTTON3,low,True,JOYCODE_1_BUTTON2,False,P1_JOYSTICK=Move; P1_BUTTON1=Rotate Left; P1_BUTTON2=Rotate Right; START=Start; COIN=Insert Coin,AxisLeftStick=Move; ButtonA=Rotate Right; ButtonDpad=Move; ButtonX=Rotate Left; ButtonStart=Start; ButtonBack=Insert Coin
batrider,P1_BUTTON3,low,True,JOYCODE_1_BUTTON2,False,P1_JOYSTICK=Move; P1_BUTTON1=Shoot; P1_BUTTON2=Special; START=Start; COIN=Insert Coin,AxisLeftStick=Move; ButtonA=Special; ButtonDpad=Move; ButtonX=Shoot; ButtonStart=Start; ButtonBack=Insert Coin
batsugun,P1_BUTTON3,low,True,JOYCODE_1_BUTTON2,False,P1_JOYSTICK=Move; P1_BUTTON1=Shoot; P1_BUTTON2=Special; START=Start; COIN=Insert Coin,AxisLeftStick=Move; ButtonA=Special; ButtonDpad=Move; ButtonX=Shoot; ButtonStart=Start; ButtonBack=Insert Coin
bbakraid,P1_BUTTON3,low,True,JOYCODE_1_BUTTON2,False,P1_JOYSTICK=Move; P1_BUTTON1=Shoot; P1_BUTTON2=Special; START=Start; COIN=Insert Coin,AxisLeftStick=Move; ButtonA=Special; ButtonDpad=Move; ButtonX=Shoot; ButtonStart=Start; ButtonBack=Insert Coin
bbbxing,P1_BUTTON4,low,True,JOYCODE_1_BUTTON4,False,P1_JOYSTICK=Move; P1_BUTTON1=Jab; P1_BUTTON2=Body Shot; P1_BUTTON3=Power Punch; START=Start; COIN=Insert Coin,AxisLeftStick=Move; ButtonA=Body Shot; ButtonB=Power Punch; ButtonDpad=Move; ButtonX=Jab; ButtonStart=Start; ButtonBack=Insert Coin
bbbxing,P1_BUTTON5,low,True,JOYCODE_1_BUTTON6,False,P1_JOYSTICK=Move; P1_BUTTON1=Jab; P1_BUTTON2=Body Shot; P1_BUTTON3=Power Punch; START=Start; COIN=Insert Coin,AxisLeftStick=Move; ButtonA=Body Shot; ButtonB=Power Punch; ButtonDpad=Move; ButtonX=Jab; ButtonStart=Start; ButtonBack=Insert Coin
bbros,P1_BUTTON2,low,True,JOYCODE_1_BUTTON1,False,P1_JOYSTICK=Move; P1_BUTTON1=Shoot; START=Start; COIN=Insert Coin,AxisLeftStick=Move; ButtonDpad=Move; ButtonX=Shoot; ButtonStart=Start; ButtonBack=Insert Coin
bchopper,P1_BUTTON3,low,True,JOYCODE_1_BUTTON2,False,P1_JOYSTICK=Move; P1_BUTTON1=Shoot; P1_BUTTON2=(Ground)Bomb / Missile; START=Start; COIN=Insert Coin,AxisLeftStick=Move; ButtonA=(Ground)Bomb / Missile; ButtonDpad=Move; ButtonX=Shoot; ButtonStart=Start; ButtonBack=Insert Coin
bchopper,P1_BUTTON4,low,True,JOYCODE_1_BUTTON4,False,P1_JOYSTICK=Move; P1_BUTTON1=Shoot; P1_BUTTON2=(Ground)Bomb / Missile; START=Start; COIN=Insert Coin,AxisLeftStick=Move; ButtonA=(Ground)Bomb / Missile; ButtonDpad=Move; ButtonX=Shoot; ButtonStart=Start; ButtonBack=Insert Coin
berlwall,P1_BUTTON3,low,True,JOYCODE_1_BUTTON2,False,P1_JOYSTICK=Move; P1_BUTTON1=Punch; P1_BUTTON2=Kick; START=Start; COIN=Insert Coin,AxisLeftStick=Move; ButtonA=Kick; ButtonDpad=Move; ButtonX=Punch; ButtonStart=Start; ButtonBack=Insert Coin
bgaregga,P1_BUTTON3,low,True,JOYCODE_1_BUTTON2,False,P1_JOYSTICK=Move; P1_BUTTON1=Shoot; P1_BUTTON2=Special; START=Start; COIN=Insert Coin,AxisLeftStick=Move; ButtonA=Special; ButtonDpad=Move; ButtonX=Shoot; ButtonStart=Start; ButtonBack=Insert Coin
bgareggat2,P1_BUTTON3,low,True,JOYCODE_1_BUTTON2,False,P1_JOYSTICK=Move; P1_BUTTON1=Shoot; P1_BUTTON2=Special; START=Start; COIN=Insert Coin,AxisLeftStick=Move; ButtonA=Special; ButtonDpad=Move; ButtonX=Shoot; ButtonStart=Start; ButtonBack=Insert Coin
bigbang,P1_BUTTON3,low,True,JOYCODE_1_BUTTON2,False,P1_JOYSTICK=Move; P1_BUTTON1=Shoot; P1_BUTTON2=Bomb; START=Start; COIN=Insert Coin,AxisLeftStick=Move; ButtonA=Bomb; ButtonDpad=Move; ButtonX=Shoot; ButtonStart=Start; ButtonBack=Insert Coin
bigfight,P1_BUTTON3,low,True,JOYCODE_1_BUTTON2,False,P1_JOYSTICK=Move; P1_BUTTON1=Attack; P1_BUTTON2=Jump; START=Start; COIN=Insert Coin,AxisLeftStick=Move; AxisTriggerRight=Accelerate; ButtonA=Jump; ButtonDpad=Move; ButtonX=Attack; ButtonStart=Start; ButtonBack=Insert Coin
bigrun,P1_BUTTON4,low,True,JOYCODE_1_BUTTON4,False,P1_PEDAL=Accelerate; P1_PADDLE=Steering; P1_BUTTON2=Change Gear; P1_BUTTON3=Brake; START=Start; COIN=Insert Coin,AxisLeftStick=Steering; AxisTriggerLeft=Brake; AxisTriggerRight=Accelerate; ButtonX=Change Gear; ButtonStart=Start; ButtonBack=Insert Coin
birdiy,P1_BUTTON1,low,True,JOYCODE_2_BUTTON1,False,P1_JOYSTICK=Move; START=Start; COIN=Insert Coin,AxisLeftStick=Move; ButtonDpad=Move; ButtonStart=Start; ButtonBack=Insert Coin
bjourney,P1_BUTTON4,low,True,JOYCODE_1_BUTTON4,False,P1_JOYSTICK=Move; P1_BUTTON1=Attack / Throw; P1_BUTTON2=Jump; P1_BUTTON3=Change Size; START=Start; COIN=Insert Coin,AxisLeftStick=Move; ButtonA=Jump; ButtonB=Change Size; ButtonDpad=Move; ButtonX=Attack / Throw; ButtonStart=Start; ButtonBack=Insert Coin
blackhol,P1_BUTTON2,low,True,JOYCODE_1_BUTTON1,False,P1_JOYSTICK=Move; P1_BUTTON1=Stop; START=Start; COIN=Insert Coin,AxisLeftStick=Move; ButtonDpad=Move; ButtonX=Stop; ButtonStart=Start; ButtonBack=Insert Coin
blackt96,P1_BUTTON3,low,True,JOYCODE_1_BUTTON4,False,P1_JOYSTICK=Move; P1_BUTTON1=Punch; P1_BUTTON2=Jump; START=Start; COIN=Insert Coin,AxisLeftStick=Move; ButtonA=Jump; ButtonB=Kick; ButtonDpad=Move; ButtonX=Punch; ButtonStart=Start; ButtonBack=Insert Coin
blaster,P1_BUTTON3,low,True,JOYCODE_1_BUTTON2,False,P1_AD_STICK_X=Move; P1_AD_STICK_Y=Move; P1_BUTTON1=Shoot; P1_BUTTON2=Thrust; START=Start; COIN=Insert Coin,AxisLeftStick=Move; AxisTriggerRight=Thrust; ButtonA=Thrust; ButtonDpad=Move; ButtonX=Shoot; ButtonStart=Start; ButtonBack=Insert Coin
blastoff,P1_BUTTON3,low,True,JOYCODE_1_BUTTON2,False,P1_JOYSTICK=Move; P1_BUTTON1=Shoot; P1_BUTTON2=Change Weapon; START=Start; COIN=Insert Coin,AxisLeftStick=Move; ButtonA=Change Weapon; ButtonDpad=Move; ButtonX=Shoot; ButtonStart=Start; ButtonBack=Insert Coin
blazer,P1_BUTTON3,low,True,JOYCODE_1_BUTTON2,False,P1_JOYSTICK=Move; P1_BUTTON1=Shoot; P1_BUTTON2=Shoot Air Targets; START=Start; COIN=Insert Coin,AxisLeftStick=Move; ButtonA=Shoot Air Targets; ButtonDpad=Move; ButtonX=Shoot; ButtonStart=Start; ButtonBack=Insert Coin
blazstar,P1_BUTTON2,low,True,JOYCODE_1_BUTTON1,False,P1_JOYSTICK=Move; P1_BUTTON1=Shoot / (Hold) Charge; START=Start; COIN=Insert Coin,AxisLeftStick=Move; ButtonDpad=Move; ButtonX=Shoot / (Hold) Charge; ButtonStart=Start; ButtonBack=Insert Coin
blazstar,P1_BUTTON3,low,True,JOYCODE_1_BUTTON2,False,P1_JOYSTICK=Move; P1_BUTTON1=Shoot / (Hold) Charge; START=Start; COIN=Insert Coin,AxisLeftStick=Move; ButtonDpad=Move; ButtonX=Shoot / (Hold) Charge; ButtonStart=Start; ButtonBack=Insert Coin
blazstar,P1_BUTTON4,low,True,JOYCODE_1_BUTTON4,False,P1_JOYSTICK=Move; P1_BUTTON1=Shoot / (Hold) Charge; START=Start; COIN=Insert Coin,AxisLeftStick=Move; ButtonDpad=Move; ButtonX=Shoot / (Hold) Charge; ButtonStart=Start; ButtonBack=Insert Coin
blockcar,P1_BUTTON2,low,True,JOYCODE_1_BUTTON1,False,P1_JOYSTICK=Move; P1_BUTTON1=Button; START=Start; COIN=Insert Coin,AxisLeftStick=Move; ButtonDpad=Move; ButtonX=Button; ButtonStart=Start; ButtonBack=Insert Coin
blockhl,P1_BUTTON1,low,True,JOYCODE_1_BUTTON3,False,P1_JOYSTICK=Move; P1_BUTTON2=Shoot; START=Start; COIN=Insert Coin,AxisLeftStick=Move; ButtonA=Shoot; ButtonDpad=Move; ButtonStart=Start; ButtonBack=Insert Coin
blockhl,P1_BUTTON3,low,True,JOYCODE_1_BUTTON2,False,P1_JOYSTICK=Move; P1_BUTTON2=Shoot; START=Start; COIN=Insert Coin,AxisLeftStick=Move; ButtonA=Shoot; ButtonDpad=Move; ButtonStart=Start; ButtonBack=Insert Coin
bloodbro,P1_BUTTON3,low,True,JOYCODE_1_BUTTON2,False,P1_JOYSTICK=Move; P1_BUTTON1=Shoot; P1_BUTTON2=Roll / Dodge; START=Start; COIN=Insert Coin,AxisLeftStick=Move; ButtonA=Roll / Dodge; ButtonDpad=Move; ButtonX=Shoot; ButtonStart=Start; ButtonBack=Insert Coin
bloxeed,P1_BUTTON3,low,True,JOYCODE_1_BUTTON2,False,P1_JOYSTICK=Move; P1_BUTTON1=Spin Piece; P1_BUTTON2=Spin Piece; START=Start; COIN=Insert Coin,AxisLeftStick=Move; ButtonA=Spin Piece; ButtonDpad=Move; ButtonX=Spin Piece; ButtonStart=Start; ButtonBack=Insert Coin
blstroid,P1_BUTTON4,low,True,JOYCODE_1_BUTTON4,False,P1_DIAL=Move; P1_BUTTON1=Shoot; P1_BUTTON2=Thrust; P1_BUTTON3=Transform; COIN=Insert Coin,AxisLeftStick=Move; AxisTriggerRight=Thrust; ButtonA=Shoot; ButtonB=Transform; ButtonDpad=Move; ButtonX=Thrust; ButtonStart=Start; ButtonBack=Insert Coin
blzntrnd,P1_BUTTON4,low,True,JOYCODE_1_BUTTON4,False,P1_JOYSTICK=Move; P1_BUTTON1=Quick Move; P1_BUTTON2=Strong Move; P1_BUTTON3=Run / Whip; START=Start; COIN=Insert Coin,AxisLeftStick=Move; ButtonA=Strong Move; ButtonB=Run / Whip; ButtonDpad=Move; ButtonX=Quick Move; ButtonStart=Start; ButtonBack=Insert Coin
bmxstunts,P1_BUTTON2,low,True,JOYCODE_1_BUTTON1,False,P1_JOYSTICK=Move; P1_BUTTON1=(Tap) Speed; COIN=Insert Coin,AxisLeftStick=Move; ButtonDpad=Move; ButtonX=(Tap) Speed; ButtonStart=Start; ButtonBack=Insert Coin
bnzabros,P1_BUTTON3,low,True,JOYCODE_1_BUTTON2,False,P1_JOYSTICK=Move; P1_BUTTON1=Shoot; P1_BUTTON2=Jump; START=Start; COIN=Insert Coin,AxisLeftStick=Move; ButtonA=Jump; ButtonDpad=Move; ButtonX=Shoot; ButtonStart=Start; ButtonBack=Insert Coin
boggy84,P1_BUTTON1,low,True,JOYCODE_1_BUTTON3,False,P1_JOYSTICK=Move; P1_BUTTON2=Jump; START=Start; COIN=Insert Coin,AxisLeftStick=Move; ButtonA=Jump; ButtonDpad=Move; ButtonStart=Start; ButtonBack=Insert Coin
bonkadv,P1_BUTTON3,low,True,JOYCODE_1_BUTTON2,False,P1_JOYSTICK=Move; P1_BUTTON1=Attack; P1_BUTTON2=Jump; START=Start; COIN=Insert Coin,AxisLeftStick=Move; ButtonA=Jump; ButtonDpad=Move; ButtonX=Attack; ButtonStart=Start; ButtonBack=Insert Coin
bonkadv,P1_BUTTON4,low,True,JOYCODE_1_BUTTON4,False,P1_JOYSTICK=Move; P1_BUTTON1=Attack; P1_BUTTON2=Jump; START=Start; COIN=Insert Coin,AxisLeftStick=Move; ButtonA=Jump; ButtonDpad=Move; ButtonX=Attack; ButtonStart=Start; ButtonBack=Insert Coin
boogwing,P1_BUTTON3,low,True,JOYCODE_1_BUTTON2,False,P1_JOYSTICK=Move; P1_BUTTON1=Shoot / Throw; P1_BUTTON2=Bomb / Jump / Release; START=Start; COIN=Insert Coin,AxisLeftStick=Move; ButtonA=Bomb / Jump / Release; ButtonDpad=Move; ButtonX=Shoot / Throw; ButtonStart=Start; ButtonBack=Insert Coin
boonggab,P1_BUTTON1,low,True,JOYCODE_1_BUTTON3,False,P1_JOYSTICK_LEFT=Move; P1_JOYSTICK_RIGHT=Move; START=Start; COIN=Insert Coin,AxisLeftStick=Move; ButtonDpad=Move; ButtonStart=Start; ButtonBack=Insert Coin
boonggab,P1_BUTTON2,low,True,JOYCODE_1_BUTTON1,False,P1_JOYSTICK_LEFT=Move; P1_JOYSTICK_RIGHT=Move; START=Start; COIN=Insert Coin,AxisLeftStick=Move; ButtonDpad=Move; ButtonStart=Start; ButtonBack=Insert Coin
boonggab,P1_BUTTON3,low,True,JOYCODE_1_BUTTON2,False,P1_JOYSTICK_LEFT=Move; P1_JOYSTICK_RIGHT=Move; START=Start; COIN=Insert Coin,AxisLeftStick=Move; ButtonDpad=Move; ButtonStart=Start; ButtonBack=Insert Coin
boonggab,P1_BUTTON4,low,True,JOYCODE_1_BUTTON4,False,P1_JOYSTICK_LEFT=Move; P1_JOYSTICK_RIGHT=Move; START=Start; COIN=Insert Coin,AxisLeftStick=Move; ButtonDpad=Move; ButtonStart=Start; ButtonBack=Insert Coin
boonggab,P1_BUTTON5,low,True,JOYCODE_1_BUTTON5,False,P1_JOYSTICK_LEFT=Move; P1_JOYSTICK_RIGHT=Move; START=Start; COIN=Insert Coin,AxisLeftStick=Move; ButtonDpad=Move; ButtonStart=Start; ButtonBack=Insert Coin
boonggab,P1_BUTTON6,low,True,JOYCODE_1_BUTTON6,False,P1_JOYSTICK_LEFT=Move; P1_JOYSTICK_RIGHT=Move; START=Start; COIN=Insert Coin,AxisLeftStick=Move; ButtonDpad=Move; ButtonStart=Start; ButtonBack=Insert Coin
boonggab,P1_BUTTON7,low,True,JOYCODE_1_SLIDER2_NEG_SWITCH,False,P1_JOYSTICK_LEFT=Move; P1_JOYSTICK_RIGHT=Move; START=Start; COIN=Insert Coin,AxisLeftStick=Move; ButtonDpad=Move; ButtonStart=Start; ButtonBack=Insert Coin
bouldash,P1_BUTTON2,low,True,JOYCODE_1_BUTTON1,False,P1_JOYSTICK=Move; P1_BUTTON1=Button; START=Start; COIN=Insert Coin,AxisLeftStick=Move; ButtonDpad=Move; ButtonX=Button; ButtonStart=Start; ButtonBack=Insert Coin
bouldashj,P1_BUTTON2,low,True,JOYCODE_1_BUTTON1,False,P1_JOYSTICK=Move; P1_BUTTON1=Button; START=Start; COIN=Insert Coin,AxisLeftStick=Move; ButtonDpad=Move; ButtonX=Button; ButtonStart=Start; ButtonBack=Insert Coin
bowler,P1_BUTTON1,low,True,JOYCODE_1_BUTTON1,False,P1_TRACKBALL_X=Move; P1_TRACKBALL_Y=Move; START=Start; COIN=Insert Coin,AxisLeftStick=Move; ButtonDpad=Move; ButtonStart=Start; ButtonBack=Insert Coin
bowler,P1_BUTTON2,low,True,JOYCODE_1_BUTTON4,False,P1_TRACKBALL_X=Move; P1_TRACKBALL_Y=Move; START=Start; COIN=Insert Coin,AxisLeftStick=Move; ButtonDpad=Move; ButtonStart=Start; ButtonBack=Insert Coin
boxingb,P1_BUTTON3,low,True,JOYCODE_1_BUTTON2,False,P1_DIAL=Move; P1_BUTTON1=Rocket; P1_BUTTON2=Punch; COIN=Insert Coin,AxisLeftStick=Move; ButtonA=Punch; ButtonDpad=Move; ButtonX=Rocket; ButtonStart=Start; ButtonBack=Insert Coin
boxyboy,P1_BUTTON2,low,True,JOYCODE_1_BUTTON1,False,P1_JOYSTICK=Move; P1_BUTTON1=Try Again; START=Start; COIN=Insert Coin,AxisLeftStick=Move; ButtonDpad=Move; ButtonX=Try Again; ButtonStart=Start; ButtonBack=Insert Coin
boxyboy,P1_BUTTON3,low,True,JOYCODE_1_BUTTON2,False,P1_JOYSTICK=Move; P1_BUTTON1=Try Again; START=Start; COIN=Insert Coin,AxisLeftStick=Move; ButtonDpad=Move; ButtonX=Try Again; ButtonStart=Start; ButtonBack=Insert Coin
bubblem,P1_BUTTON3,low,True,JOYCODE_1_BUTTON2,False,P1_JOYSTICK=Move; P1_BUTTON1=Shoot; P1_BUTTON2=Jump; START=Start; COIN=Insert Coin,AxisLeftStick=Move; ButtonA=Jump; ButtonDpad=Move; ButtonX=Shoot; ButtonStart=Start; ButtonBack=Insert Coin
bubblem,P1_BUTTON4,low,True,JOYCODE_1_BUTTON4,False,P1_JOYSTICK=Move; P1_BUTTON1=Shoot; P1_BUTTON2=Jump; START=Start; COIN=Insert Coin,AxisLeftStick=Move; ButtonA=Jump; ButtonDpad=Move; ButtonX=Shoot; ButtonStart=Start; ButtonBack=Insert Coin
bubl2000,P1_BUTTON2,low,True,JOYCODE_1_BUTTON1,False,P1_JOYSTICK=Move; P1_BUTTON1=Shoot; START=Start; COIN=Insert Coin,AxisLeftStick=Move; ButtonDpad=Move; ButtonX=Shoot; ButtonStart=Start; ButtonBack=Insert Coin
bublbob2,P1_BUTTON3,low,True,JOYCODE_1_BUTTON2,False,P1_JOYSTICK=Move; P1_BUTTON1=Shoot; P1_BUTTON2=Jump; START=Start; COIN=Insert Coin,AxisLeftStick=Move; ButtonA=Jump; ButtonDpad=Move; ButtonX=Shoot; ButtonStart=Start; ButtonBack=Insert Coin
bublbob2,P1_BUTTON4,low,True,JOYCODE_1_BUTTON4,False,P1_JOYSTICK=Move; P1_BUTTON1=Shoot; P1_BUTTON2=Jump; START=Start; COIN=Insert Coin,AxisLeftStick=Move; ButtonA=Jump; ButtonDpad=Move; ButtonX=Shoot; ButtonStart=Start; ButtonBack=Insert Coin
bublbust,P1_BUTTON2,low,True,JOYCODE_1_BUTTON1,False,P1_JOYSTICK=Move; P1_BUTTON1=Shoot; START=Start; COIN=Insert Coin,AxisLeftStick=Move; ButtonDpad=Move; ButtonX=Shoot; ButtonStart=Start; ButtonBack=Insert Coin
bublbust,P1_BUTTON3,low,True,JOYCODE_1_BUTTON2,False,P1_JOYSTICK=Move; P1_BUTTON1=Shoot; START=Start; COIN=Insert Coin,AxisLeftStick=Move; ButtonDpad=Move; ButtonX=Shoot; ButtonStart=Start; ButtonBack=Insert Coin
bubsymphu,P1_BUTTON3,low,True,JOYCODE_1_BUTTON2,False,P1_JOYSTICK=Move; P1_BUTTON1=Shoot; P1_BUTTON2=Jump; START=Start; COIN=Insert Coin,AxisLeftStick=Move; ButtonA=Jump; ButtonDpad=Move; ButtonX=Shoot; ButtonStart=Start; ButtonBack=Insert Coin
bubsymphu,P1_BUTTON4,low,True,JOYCODE_1_BUTTON4,False,P1_JOYSTICK=Move; P1_BUTTON1=Shoot; P1_BUTTON2=Jump; START=Start; COIN=Insert Coin,AxisLeftStick=Move; ButtonA=Jump; ButtonDpad=Move; ButtonX=Shoot; ButtonStart=Start; ButtonBack=Insert Coin
burnforc,P1_BUTTON3,low,True,JOYCODE_1_BUTTON2,False,P1_JOYSTICK=Move; P1_BUTTON1=Shoot; P1_BUTTON2=Missiles; START=Start; COIN=Insert Coin,AxisLeftStick=Move; ButtonA=Missiles; ButtonDpad=Move; ButtonX=Shoot; ButtonStart=Start; ButtonBack=Insert Coin
burningf,P1_BUTTON4,low,True,JOYCODE_1_BUTTON4,False,P1_JOYSTICK=Move; P1_BUTTON1=Punch; P1_BUTTON2=Jump; P1_BUTTON3=Middle Attack; START=Start; COIN=Insert Coin,AxisLeftStick=Move; ButtonA=Jump; ButtonB=Middle Attack; ButtonDpad=Move; ButtonX=Punch; ButtonStart=Start; ButtonBack=Insert Coin
captflag,P1_BUTTON1,low,True,JOYCODE_1_BUTTON3,False,P1_JOYSTICKLEFT_UP=Left Flag Up / Down; P1_JOYSTICKLEFT_DOWN=Left Flag Up / Down; P1_JOYSTICKRIGHT_UP=Right Flag Up / Down; P1_JOYSTICKRIGHT_DOWN=Right Flag Up / Down; COIN=Insert Coin,AxisLeftStick=Left Flag Up / Down; AxisRightStick=Right Flag Up / Down; ButtonStart=Start; ButtonBack=Insert Coin
captflag,P1_BUTTON2,low,True,JOYCODE_1_BUTTON1,False,P1_JOYSTICKLEFT_UP=Left Flag Up / Down; P1_JOYSTICKLEFT_DOWN=Left Flag Up / Down; P1_JOYSTICKRIGHT_UP=Right Flag Up / Down; P1_JOYSTICKRIGHT_DOWN=Right Flag Up / Down; COIN=Insert Coin,AxisLeftStick=Left Flag Up / Down; AxisRightStick=Right Flag Up / Down; ButtonStart=Start; ButtonBack=Insert Coin
cawing,P1_BUTTON3,low,True,JOYCODE_1_BUTTON2,False,P1_JOYSTICK=Move; P1_BUTTON1=Shoot; P1_BUTTON2=Special Attack; START=Start; COIN=Insert Coin,AxisLeftStick=Move; ButtonA=Special Attack; ButtonDpad=Move; ButtonX=Shoot; ButtonStart=Start; ButtonBack=Insert Coin
cbombers,P1_BUTTON5,low,True,JOYCODE_1_BUTTON2,False,P1_AD_STICK_X=Steering; P1_BUTTON1=Accelerate; P1_BUTTON2=Brake; P1_BUTTON3=Nitro; P1_BUTTON4=Change Gear; START=Start; COIN=Insert Coin,AxisLeftStick=Steering; AxisTriggerLeft=Brake; AxisTriggerRight=Accelerate; ButtonA=Nitro; ButtonX=Change Gear; ButtonStart=Start; ButtonBack=Insert Coin
cdracula,P1_BUTTON1,low,True,JOYCODE_1_BUTTON3,False,P1_JOYSTICK=Move; P1_BUTTON2=Kick Block; START=Start; COIN=Insert Coin,AxisLeftStick=Move; ButtonA=Kick Block; ButtonDpad=Move; ButtonStart=Start; ButtonBack=Insert Coin
cgangpzl,P1_BUTTON3,low,True,JOYCODE_1_BUTTON2,False,P1_JOYSTICK=Move; P1_BUTTON1=Rotate Left; P1_BUTTON2=Rotate Right; START=Start; COIN=Insert Coin,AxisLeftStick=Move; ButtonA=Rotate Right; ButtonDpad=Move; ButtonX=Rotate Left; ButtonStart=Start; ButtonBack=Insert Coin
chainrec,P1_BUTTON3,low,True,JOYCODE_1_BUTTON2,False,P1_JOYSTICK=Move; P1_BUTTON1=Pull; P1_BUTTON2=Throw; START=Start; COIN=Insert Coin,AxisLeftStick=Move; ButtonA=Throw; ButtonDpad=Move; ButtonX=Pull; ButtonStart=Start; ButtonBack=Insert Coin
chaoshea,P1_BUTTON3,low,True,JOYCODE_1_BUTTON2,False,P1_JOYSTICK=Move; P1_BUTTON1=Main Weapon / Attack; P1_BUTTON2=Sub Weapon; START=Start; COIN=Insert Coin,AxisLeftStick=Move; ButtonA=Sub Weapon; ButtonDpad=Move; ButtonX=Main Weapon / Attack; ButtonStart=Start; ButtonBack=Insert Coin
charlien,P1_BUTTON3,low,True,JOYCODE_1_BUTTON2,False,P1_JOYSTICK=Move; P1_BUTTON1=Attack; P1_BUTTON2=Jump; START=Start; COIN=Insert Coin,AxisLeftStick=Move; ButtonA=Jump; ButtonDpad=Move; ButtonX=Attack; ButtonStart=Start; ButtonBack=Insert Coin
cheesech,P1_BUTTON3,low,True,JOYCODE_1_BUTTON2,False,P1_JOYSTICK=Move; P1_BUTTON1=Select; P1_BUTTON2=Sprint; START=Start; COIN=Insert Coin,AxisLeftStick=Move; ButtonA=Sprint; ButtonDpad=Move; ButtonX=Select; ButtonStart=Start; ButtonBack=Insert Coin
chinagat,P1_BUTTON3,low,True,JOYCODE_1_BUTTON2,False,P1_JOYSTICK=Move; P1_BUTTON1=Attack; P1_BUTTON2=Jump; START=Start; COIN=Insert Coin,AxisLeftStick=Move; ButtonA=Jump; ButtonDpad=Move; ButtonX=Attack; ButtonStart=Start; ButtonBack=Insert Coin
chinhero,P1_BUTTON4,low,True,JOYCODE_1_BUTTON4,False,P1_JOYSTICK=Move; P1_BUTTON1=Punch; P1_BUTTON2=Kick; P1_BUTTON3=Jump; START=Start; COIN=Insert Coin,AxisLeftStick=Move; ButtonA=Kick; ButtonB=Jump; ButtonDpad=Move; ButtonX=Punch; ButtonStart=Start; ButtonBack=Insert Coin
chocovdr,P1_BUTTON2,low,True,JOYCODE_1_BUTTON1,False,P1_JOYSTICK=Move; P1_BUTTON1=Button; START=Start; COIN=Insert Coin,AxisLeftStick=Move; ButtonDpad=Move; ButtonX=Button; ButtonStart=Start; ButtonBack=Insert Coin
chocovdr,P1_BUTTON3,low,True,JOYCODE_1_BUTTON2,False,P1_JOYSTICK=Move; P1_BUTTON1=Button; START=Start; COIN=Insert Coin,AxisLeftStick=Move; ButtonDpad=Move; ButtonX=Button; ButtonStart=Start; ButtonBack=Insert Coin
chocovdr,P1_BUTTON4,low,True,JOYCODE_1_BUTTON4,False,P1_JOYSTICK=Move; P1_BUTTON1=Button; START=Start; COIN=Insert Coin,AxisLeftStick=Move; ButtonDpad=Move; ButtonX=Button; ButtonStart=Start; ButtonBack=Insert Coin
chocovdr,P1_BUTTON5,low,True,JOYCODE_1_BUTTON5,False,P1_JOYSTICK=Move; P1_BUTTON1=Button; START=Start; COIN=Insert Coin,AxisLeftStick=Move; ButtonDpad=Move; ButtonX=Button; ButtonStart=Start; ButtonBack=Insert Coin
chocovdr,P1_BUTTON6,low,True,JOYCODE_1_BUTTON6,False,P1_JOYSTICK=Move; P1_BUTTON1=Button; START=Start; COIN=Insert Coin,AxisLeftStick=Move; ButtonDpad=Move; ButtonX=Button; ButtonStart=Start; ButtonBack=Insert Coin
chokchok,P1_BUTTON2,low,True,JOYCODE_1_BUTTON1,False,P1_JOYSTICK=Move; P1_BUTTON1=Shoot; START=Start; COIN=Insert Coin,AxisLeftStick=Move; ButtonDpad=Move; ButtonX=Shoot; ButtonStart=Start; ButtonBack=Insert Coin
cleopatr,P1_BUTTON2,low,True,JOYCODE_1_BUTTON1,False,P1_JOYSTICK=Move; P1_BUTTON1=Rotate; START=Start; COIN=Insert Coin,AxisLeftStick=Move; ButtonDpad=Move; ButtonX=Rotate; ButtonStart=Start; ButtonBack=Insert Coin
cleopatr,P1_BUTTON3,low,True,JOYCODE_1_BUTTON2,False,P1_JOYSTICK=Move; P1_BUTTON1=Rotate; START=Start; COIN=Insert Coin,AxisLeftStick=Move; ButtonDpad=Move; ButtonX=Rotate; ButtonStart=Start; ButtonBack=Insert Coin
cleopatr,P1_BUTTON4,low,True,JOYCODE_1_BUTTON4,False,P1_JOYSTICK=Move; P1_BUTTON1=Rotate; START=Start; COIN=Insert Coin,AxisLeftStick=Move; ButtonDpad=Move; ButtonX=Rotate; ButtonStart=Start; ButtonBack=Insert Coin
colmns97,P1_BUTTON2,low,True,JOYCODE_1_BUTTON1,False,P1_JOYSTICK=Move; P1_BUTTON1=Spin Piece; START=Start; COIN=Insert Coin,AxisLeftStick=Move; ButtonDpad=Move; ButtonX=Spin Piece; ButtonStart=Start; ButtonBack=Insert Coin
colmns97,P1_BUTTON3,low,True,JOYCODE_1_BUTTON2,False,P1_JOYSTICK=Move; P1_BUTTON1=Spin Piece; START=Start; COIN=Insert Coin,AxisLeftStick=Move; ButtonDpad=Move; ButtonX=Spin Piece; ButtonStart=Start; ButtonBack=Insert Coin
colmns97,P1_BUTTON4,low,True,JOYCODE_1_BUTTON4,False,P1_JOYSTICK=Move; P1_BUTTON1=Spin Piece; START=Start; COIN=Insert Coin,AxisLeftStick=Move; ButtonDpad=Move; ButtonX=Spin Piece; ButtonStart=Start; ButtonBack=Insert Coin
commandw,P1_BUTTON4,low,True,JOYCODE_1_BUTTON4,False,P1_JOYSTICK=Move; P1_BUTTON1=Punch; P1_BUTTON2=Jump; P1_BUTTON3=Special; START=Start; COIN=Insert Coin,AxisLeftStick=Move; ButtonA=Jump; ButtonB=Special; ButtonDpad=Move; ButtonX=Punch; ButtonStart=Start; ButtonBack=Insert Coin
cookbib,P1_BUTTON2,low,True,JOYCODE_1_BUTTON1,False,P1_JOYSTICK=Move; P1_BUTTON1=Shoot; START=Start; COIN=Insert Coin,AxisLeftStick=Move; ButtonDpad=Move; ButtonX=Shoot; ButtonStart=Start; ButtonBack=Insert Coin
cookbib2,P1_BUTTON2,low,True,JOYCODE_1_BUTTON1,False,P1_JOYSTICK=Move; P1_BUTTON1=Shoot; START=Start; COIN=Insert Coin,AxisLeftStick=Move; ButtonDpad=Move; ButtonX=Shoot; ButtonStart=Start; ButtonBack=Insert Coin
cookbib2,P1_BUTTON3,low,True,JOYCODE_1_BUTTON2,False,P1_JOYSTICK=Move; P1_BUTTON1=Shoot; START=Start; COIN=Insert Coin,AxisLeftStick=Move; ButtonDpad=Move; ButtonX=Shoot; ButtonStart=Start; ButtonBack=Insert Coin
cookbib3,P1_BUTTON3,low,True,JOYCODE_1_BUTTON2,False,P1_JOYSTICK=Move; P1_BUTTON1=Shoot; P1_BUTTON2=(Hold) Fine Movement; START=Start; COIN=Insert Coin,AxisLeftStick=Move; ButtonA=(Hold) Fine Movement; ButtonDpad=Move; ButtonX=Shoot; ButtonStart=Start; ButtonBack=Insert Coin
coolmini,P1_BUTTON4,low,True,JOYCODE_1_BUTTON4,False,P1_JOYSTICK=Move; P1_BUTTON1=A; P1_BUTTON2=B; P1_BUTTON3=C; START=Start; COIN=Insert Coin,AxisLeftStick=Move; ButtonA=B; ButtonB=C; ButtonDpad=Move; ButtonX=A; ButtonStart=Start; ButtonBack=Insert Coin
coolridr,P1_BUTTON3,low,True,JOYCODE_1_BUTTON3 OR JOYCODE_1_BUTTON6,False,P1_PEDAL=Accelerate; P1_PEDAL2=Brake; P1_PADDLE=Steering; P1_BUTTON1=Skip Music Track; P1_BUTTON2=Skip Music Track; START=Start; COIN=Insert Coin,AxisLeftStick=Steering; AxisTriggerLeft=Brake; AxisTriggerRight=Accelerate; ButtonDpadLeft=Skip Music Track; ButtonDpadRight=Skip Music Track; ButtonStart=Start; ButtonBack=Insert Coin
coolridr,P1_BUTTON4,low,True,JOYCODE_1_BUTTON2 OR JOYCODE_1_BUTTON5,False,P1_PEDAL=Accelerate; P1_PEDAL2=Brake; P1_PADDLE=Steering; P1_BUTTON1=Skip Music Track; P1_BUTTON2=Skip Music Track; START=Start; COIN=Insert Coin,AxisLeftStick=Steering; AxisTriggerLeft=Brake; AxisTriggerRight=Accelerate; ButtonDpadLeft=Skip Music Track; ButtonDpadRight=Skip Music Track; ButtonStart=Start; ButtonBack=Insert Coin
cosmccop,P1_BUTTON3,low,True,JOYCODE_1_BUTTON2,False,P1_JOYSTICK=Move; P1_BUTTON1=Shoot; P1_BUTTON2=Laser; START=Start; COIN=Insert Coin,AxisLeftStick=Move; ButtonA=Laser; ButtonDpad=Move; ButtonX=Shoot; ButtonStart=Start; ButtonBack=Insert Coin
cosmccop,P1_BUTTON4,low,True,JOYCODE_1_BUTTON4,False,P1_JOYSTICK=Move; P1_BUTTON1=Shoot; P1_BUTTON2=Laser; START=Start; COIN=Insert Coin,AxisLeftStick=Move; ButtonA=Laser; ButtonDpad=Move; ButtonX=Shoot; ButtonStart=Start; ButtonBack=Insert Coin
cosmogng,P1_BUTTON2,low,True,JOYCODE_1_BUTTON1,False,P1_JOYSTICK=Move; P1_BUTTON1=Shoot; START=Start; COIN=Insert Coin,AxisLeftStick=Move; ButtonDpad=Move; ButtonX=Shoot; ButtonStart=Start; ButtonBack=Insert Coin
cosmogng,P1_BUTTON3,low,True,JOYCODE_1_BUTTON2,False,P1_JOYSTICK=Move; P1_BUTTON1=Shoot; START=Start; COIN=Insert Coin,AxisLeftStick=Move; ButtonDpad=Move; ButtonX=Shoot; ButtonStart=Start; ButtonBack=Insert Coin
cotton,P1_BUTTON3,low,True,JOYCODE_1_BUTTON2,False,P1_JOYSTICK=Move; P1_BUTTON1=Shoot; P1_BUTTON2=Bomb; START=Start; COIN=Insert Coin,AxisLeftStick=Move; ButtonA=Bomb; ButtonDpad=Move; ButtonX=Shoot; ButtonStart=Start; ButtonBack=Insert Coin
cotton2,P1_BUTTON4,low,True,JOYCODE_1_BUTTON4,False,P1_JOYSTICK=Move; P1_BUTTON1=Shoot; P1_BUTTON2=Grab/Throw Enemy/Item; P1_BUTTON3=Magic; START=Start; COIN=Insert Coin,AxisLeftStick=Move; ButtonA=Grab/Throw Enemy/Item; ButtonB=Magic; ButtonDpad=Move; ButtonX=Shoot; ButtonStart=Start; ButtonBack=Insert Coin
cottonbm,P1_BUTTON4,low,True,JOYCODE_1_BUTTON4,False,P1_JOYSTICK=Move; P1_BUTTON1=Shoot; P1_BUTTON2=Grab/Throw Enemy/Item; P1_BUTTON3=Change Character / Bomb; START=Start; COIN=Insert Coin,AxisLeftStick=Move; ButtonA=Grab/Throw Enemy/Item; ButtonB=Change Character / Bomb; ButtonDpad=Move; ButtonX=Shoot; ButtonStart=Start; ButtonBack=Insert Coin
crater,P1_BUTTON3,low,True,JOYCODE_1_BUTTON2,False,P1_JOYSTICK_UP=Accelerate; P1_JOYSTICK_DOWN=Reverse; P1_DIAL=Steering; P1_BUTTON1=Shoot; P1_BUTTON2=Shield; START=Start; COIN=Insert Coin,AxisLeftStick=Steering; AxisTriggerLeft=Reverse; AxisTriggerRight=Accelerate; ButtonA=Shield; ButtonX=Shoot; ButtonStart=Start; ButtonBack=Insert Coin
crbaloon,P1_BUTTON1,low,True,JOYCODE_1_BUTTON6,False,P1_JOYSTICK=Move; START=Start; COIN=Insert Coin,AxisLeftStick=Move; ButtonDpad=Move; ButtonStart=Start; ButtonBack=Insert Coin
crkdown,P1_BUTTON3,low,True,JOYCODE_1_BUTTON2,False,P1_JOYSTICK=Move; P1_BUTTON1=Attack; P1_BUTTON2=Bomb; START=Start; COIN=Insert Coin,AxisLeftStick=Move; ButtonA=Bomb; ButtonDpad=Move; ButtonX=Attack; ButtonStart=Start; ButtonBack=Insert Coin
crswd2bl,P1_BUTTON4,low,True,JOYCODE_1_BUTTON4,False,P1_JOYSTICK=Move; P1_BUTTON1=Attack; P1_BUTTON2=Jump / Dash; P1_BUTTON3=Magic; START=Start; COIN=Insert Coin,AxisLeftStick=Move; ButtonA=Jump / Dash; ButtonB=Magic; ButtonDpad=Move; ButtonX=Attack; ButtonStart=Start; ButtonBack=Insert Coin
crsword,P1_BUTTON3,low,True,JOYCODE_1_BUTTON2,False,P1_JOYSTICK=Move; P1_BUTTON1=Attack; P1_BUTTON2=Magic; START=Start; COIN=Insert Coin,AxisLeftStick=Move; ButtonA=Magic; ButtonDpad=Move; ButtonX=Attack; ButtonStart=Start; ButtonBack=Insert Coin
crsword,P1_BUTTON4,low,True,JOYCODE_1_BUTTON4,False,P1_JOYSTICK=Move; P1_BUTTON1=Attack; P1_BUTTON2=Magic; START=Start; COIN=Insert Coin,AxisLeftStick=Move; ButtonA=Magic; ButtonDpad=Move; ButtonX=Attack; ButtonStart=Start; ButtonBack=Insert Coin
crusherm,P1_BUTTON2,low,True,JOYCODE_1_BUTTON1,False,P1_BUTTON1=(Tap) Power / Punch; COIN=Insert Coin,ButtonDpad=Move; ButtonX=(Tap) Power / Punch; ButtonStart=Start; ButtonBack=Insert Coin
crysking,P1_BUTTON4,low,True,JOYCODE_1_BUTTON4,False,P1_JOYSTICK=Move; P1_BUTTON1=Attack; P1_BUTTON2=Jump; P1_BUTTON3=Magic; START=Start; COIN=Insert Coin,AxisLeftStick=Move; ButtonA=Jump; ButtonB=Magic; ButtonDpad=Move; ButtonX=Attack; ButtonStart=Start; ButtonBack=Insert Coin
crzcross,P1_BUTTON2,low,True,JOYCODE_1_BUTTON1,False,P1_JOYSTICK=Move; P1_BUTTON1=Rotate; START=Start; COIN=Insert Coin,AxisLeftStick=Move; ButtonDpad=Move; ButtonX=Rotate; ButtonStart=Start; ButtonBack=Insert Coin
crzcross,P1_BUTTON3,low,True,JOYCODE_1_BUTTON2,False,P1_JOYSTICK=Move; P1_BUTTON1=Rotate; START=Start; COIN=Insert Coin,AxisLeftStick=Move; ButtonDpad=Move; ButtonX=Rotate; ButtonStart=Start; ButtonBack=Insert Coin
ctomaday,P1_BUTTON3,low,True,JOYCODE_1_BUTTON2,False,P1_JOYSTICK=Move; P1_BUTTON1=Left Punch; P1_BUTTON2=Right Punch; P1_BUTTON4=Change Formation; START=Start; COIN=Insert Coin,AxisLeftStick=Move; ButtonA=Right Punch; ButtonDpad=Move; ButtonLeftShoulder=Left Punch; ButtonRightShoulder=Right Punch; ButtonX=Left Punch; ButtonY=Change Formation; ButtonStart=Start; ButtonBack=Insert Coin
ctribe,P1_BUTTON3,low,True,JOYCODE_1_BUTTON2,False,P1_JOYSTICK=Move; P1_BUTTON1=Punch; P1_BUTTON2=Kick / Moves / Throws; START=Start; COIN=Insert Coin,AxisLeftStick=Move; ButtonA=Kick / Moves / Throws; ButtonDpad=Move; ButtonX=Punch; ButtonStart=Start; ButtonBack=Insert Coin
cubybop,P1_BUTTON2,low,True,JOYCODE_1_BUTTON1,False,P1_JOYSTICK=Move; P1_BUTTON1=Jump; START=Start; COIN=Insert Coin,AxisLeftStick=Move; ButtonDpad=Move; ButtonX=Jump; ButtonStart=Start; ButtonBack=Insert Coin
cupfinal,P1_BUTTON4,low,True,JOYCODE_1_BUTTON4,False,P1_JOYSTICK=Move; P1_BUTTON1=Shoot / Slide; P1_BUTTON2=Pass / Rough Play; P1_BUTTON3=Special; START=Start; COIN=Insert Coin,AxisLeftStick=Move; ButtonA=Pass / Rough Play; ButtonB=Special; ButtonDpad=Move; ButtonX=Shoot / Slide; ButtonStart=Start; ButtonBack=Insert Coin
cyberlip,P1_BUTTON4,low,True,JOYCODE_1_BUTTON4,False,P1_JOYSTICK=Move; P1_BUTTON1=Shoot; P1_BUTTON2=Jump; P1_BUTTON3=Change Weapon; START=Start; COIN=Insert Coin,AxisLeftStick=Move; ButtonA=Jump; ButtonB=Change Weapon; ButtonDpad=Move; ButtonX=Shoot; ButtonStart=Start; ButtonBack=Insert Coin
cybrcomm,P1_BUTTON1,low,True,JOYCODE_1_SLIDER1_NEG_SWITCH,False,P1_AD_STICK_X=Left Stick; P1_AD_STICK_Y=Left Stick; P1_BUTTON2=Missiles; P1_BUTTON3=View Change; COIN=Insert Coin,AxisLeftStick=Left Stick; AxisRightStick=Right Stick; AxisTriggerRight=Missiles; ButtonLeftShoulder=Machine Gun; ButtonY=View Change; ButtonStart=Start; ButtonBack=Insert Coin
cybsled,P1_BUTTON2,low,True,JOYCODE_1_SLIDER1_NEG_SWITCH,False,P1_AD_STICK_X=Left Track; P1_AD_STICK_Y=Left Track; P1_BUTTON1=Missiles; START=Start; COIN=Insert Coin,AxisLeftStick=Left Track; AxisRightStick=Right Track; AxisTriggerRight=Missiles; ButtonLeftShoulder=Machine Gun; ButtonStart=Start; ButtonBack=Insert Coin
cybsled,P1_BUTTON3,low,True,JOYCODE_1_BUTTON4,False,P1_AD_STICK_X=Left Track; P1_AD_STICK_Y=Left Track; P1_BUTTON1=Missiles; START=Start; COIN=Insert Coin,AxisLeftStick=Left Track; AxisRightStick=Right Track; AxisTriggerRight=Missiles; ButtonLeftShoulder=Machine Gun; ButtonStart=Start; ButtonBack=Insert Coin
cyclwarr,P1_BUTTON3,low,True,JOYCODE_1_BUTTON2,False,P1_JOYSTICK=Move; P1_BUTTON1=Jump; P1_BUTTON2=Attack; START=Start; COIN=Insert Coin,AxisLeftStick=Move; ButtonA=Jump; ButtonDpad=Move; ButtonX=Attack; ButtonStart=Start; ButtonBack=Insert Coin
dacholer,P1_BUTTON2,low,True,JOYCODE_1_BUTTON1,False,P1_JOYSTICK=Move; P1_BUTTON1=Kick; START=Start; COIN=Insert Coin,AxisLeftStick=Move; ButtonDpad=Move; ButtonX=Kick; ButtonStart=Start; ButtonBack=Insert Coin
daiskiss,P1_BUTTON2,low,True,JOYCODE_1_BUTTON1,False,P1_JOYSTICK=Move; P1_BUTTON1=Select; START=Start; COIN=Insert Coin,AxisLeftStick=Move; ButtonDpad=Move; ButtonX=Select; ButtonStart=Start; ButtonBack=Insert Coin
daiskiss,P1_BUTTON3,low,True,JOYCODE_1_BUTTON2,False,P1_JOYSTICK=Move; P1_BUTTON1=Select; START=Start; COIN=Insert Coin,AxisLeftStick=Move; ButtonDpad=Move; ButtonX=Select; ButtonStart=Start; ButtonBack=Insert Coin
dambustr,P1_BUTTON3,low,True,JOYCODE_1_BUTTON2,False,P1_JOYSTICK=Move; P1_BUTTON1=Shoot; P1_BUTTON2=Shoot Backwards; START=Start; COIN=Insert Coin,AxisLeftStick=Move; ButtonA=Shoot Backwards; ButtonDpad=Move; ButtonX=Shoot; ButtonStart=Start; ButtonBack=Insert Coin
danceyes,P1_BUTTON2,low,True,JOYCODE_1_BUTTON1,False,P1_JOYSTICK=Move; P1_BUTTON1=(Hold) Use Line; START=Start; COIN=Insert Coin,AxisLeftStick=Move; ButtonDpad=Move; ButtonX=(Hold) Use Line; ButtonStart=Start; ButtonBack=Insert Coin
danceyes,P1_BUTTON3,low,True,JOYCODE_1_BUTTON2,False,P1_JOYSTICK=Move; P1_BUTTON1=(Hold) Use Line; START=Start; COIN=Insert Coin,AxisLeftStick=Move; ButtonDpad=Move; ButtonX=(Hold) Use Line; ButtonStart=Start; ButtonBack=Insert Coin
dangar,P1_BUTTON3,low,True,JOYCODE_1_BUTTON2,False,P1_JOYSTICK=Move; P1_BUTTON1=Shoot; P1_BUTTON2=Transform; START=Start; COIN=Insert Coin,AxisLeftStick=Move; ButtonA=Transform; ButtonDpad=Move; ButtonX=Shoot; ButtonStart=Start; ButtonBack=Insert Coin
dangseed,P1_BUTTON3,low,True,JOYCODE_1_BUTTON2,False,P1_JOYSTICK=Move; P1_BUTTON1=Shoot; P1_BUTTON2=Special Attack; START=Start; COIN=Insert Coin,AxisLeftStick=Move; ButtonA=Special Attack; ButtonDpad=Move; ButtonX=Shoot; ButtonStart=Start; ButtonBack=Insert Coin
dariusg,P1_BUTTON3,low,True,JOYCODE_1_BUTTON2,False,P1_JOYSTICK=Move; P1_BUTTON1=Shoot; P1_BUTTON2=Bomb; START=Start; COIN=Insert Coin,AxisLeftStick=Move; ButtonA=Bomb; ButtonDpad=Move; ButtonX=Shoot; ButtonStart=Start; ButtonBack=Insert Coin
dariusg,P1_BUTTON4,low,True,JOYCODE_1_BUTTON4,False,P1_JOYSTICK=Move; P1_BUTTON1=Shoot; P1_BUTTON2=Bomb; START=Start; COIN=Insert Coin,AxisLeftStick=Move; ButtonA=Bomb; ButtonDpad=Move; ButtonX=Shoot; ButtonStart=Start; ButtonBack=Insert Coin
dariusgx,P1_BUTTON3,low,True,JOYCODE_1_BUTTON2,False,P1_JOYSTICK=Move; P1_BUTTON1=Shoot; P1_BUTTON2=Bomb; START=Start; COIN=Insert Coin,AxisLeftStick=Move; ButtonA=Bomb; ButtonDpad=Move; ButtonX=Shoot; ButtonStart=Start; ButtonBack=Insert Coin
dariusgx,P1_BUTTON4,low,True,JOYCODE_1_BUTTON4,False,P1_JOYSTICK=Move; P1_BUTTON1=Shoot; P1_BUTTON2=Bomb; START=Start; COIN=Insert Coin,AxisLeftStick=Move; ButtonA=Bomb; ButtonDpad=Move; ButtonX=Shoot; ButtonStart=Start; ButtonBack=Insert Coin
darkhleg,P1_BUTTON2,low,True,JOYCODE_1_BUTTON4,False,P1_JOYSTICK=Move / Up=Speed-Up; P1_BUTTON1=Whip; P1_BUTTON3=Select; START=Start; COIN=Insert Coin,AxisLeftStick=Move / Up=Speed-Up; ButtonA=Whip; ButtonDpad=Move / Up=Speed-Up; ButtonX=Select; ButtonStart=Start; ButtonBack=Insert Coin
darkhleg,P1_BUTTON4,low,True,JOYCODE_1_BUTTON2,False,P1_JOYSTICK=Move / Up=Speed-Up; P1_BUTTON1=Whip; P1_BUTTON3=Select; START=Start; COIN=Insert Coin,AxisLeftStick=Move / Up=Speed-Up; ButtonA=Whip; ButtonDpad=Move / Up=Speed-Up; ButtonX=Select; ButtonStart=Start; ButtonBack=Insert Coin
darkhleg,P1_BUTTON5,low,True,JOYCODE_1_BUTTON5,False,P1_JOYSTICK=Move / Up=Speed-Up; P1_BUTTON1=Whip; P1_BUTTON3=Select; START=Start; COIN=Insert Coin,AxisLeftStick=Move / Up=Speed-Up; ButtonA=Whip; ButtonDpad=Move / Up=Speed-Up; ButtonX=Select; ButtonStart=Start; ButtonBack=Insert Coin
darkhleg,P1_BUTTON6,low,True,JOYCODE_1_BUTTON6,False,P1_JOYSTICK=Move / Up=Speed-Up; P1_BUTTON1=Whip; P1_BUTTON3=Select; START=Start; COIN=Insert Coin,AxisLeftStick=Move / Up=Speed-Up; ButtonA=Whip; ButtonDpad=Move / Up=Speed-Up; ButtonX=Select; ButtonStart=Start; ButtonBack=Insert Coin
darkplnt,P1_BUTTON3,low,True,JOYCODE_1_BUTTON2,False,P1_DIAL=Move; P1_BUTTON1=Shoot; P1_BUTTON2=Thrust; COIN=Insert Coin,AxisLeftStick=Move; ButtonA=Thrust; ButtonDpad=Move; ButtonX=Shoot; ButtonStart=Start; ButtonBack=Insert Coin
darktowr,P1_BUTTON3,low,True,JOYCODE_1_BUTTON2,False,P1_JOYSTICK=Move; P1_BUTTON1=Attack; P1_BUTTON2=Jump; START=Start; COIN=Insert Coin,AxisLeftStick=Move; ButtonA=Jump; ButtonDpad=Move; ButtonX=Attack; ButtonStart=Start; ButtonBack=Insert Coin
dblewing,P1_BUTTON3,low,True,JOYCODE_1_BUTTON2,False,P1_JOYSTICK=Move; P1_BUTTON1=Shoot; P1_BUTTON2=Bomb; START=Start; COIN=Insert Coin,AxisLeftStick=Move; ButtonA=Bomb; ButtonDpad=Move; ButtonX=Shoot; ButtonStart=Start; ButtonBack=Insert Coin
dbreed,P1_BUTTON3,low,True,JOYCODE_1_BUTTON2,False,P1_JOYSTICK=Move; P1_BUTTON1=Shoot / (Hold) Charge; P1_BUTTON2=Jump; START=Start; COIN=Insert Coin,AxisLeftStick=Move; ButtonA=Jump; ButtonDpad=Move; ButtonX=Shoot / (Hold) Charge; ButtonStart=Start; ButtonBack=Insert Coin
dbreed,P1_BUTTON4,low,True,JOYCODE_1_BUTTON4,False,P1_JOYSTICK=Move; P1_BUTTON1=Shoot / (Hold) Charge; P1_BUTTON2=Jump; START=Start; COIN=Insert Coin,AxisLeftStick=Move; ButtonA=Jump; ButtonDpad=Move; ButtonX=Shoot / (Hold) Charge; ButtonStart=Start; ButtonBack=Insert Coin
dbz,P1_BUTTON4,low,True,JOYCODE_1_BUTTON4,False,P1_JOYSTICK=Move; P1_BUTTON1=Punch; P1_BUTTON2=Kick; P1_BUTTON3=Hard Attack; START=Start; COIN=Insert Coin,AxisLeftStick=Move; ButtonA=Kick; ButtonB=Hard Attack; ButtonDpad=Move; ButtonX=Punch; ButtonStart=Start; ButtonBack=Insert Coin
ddcrew,P1_BUTTON3,low,True,JOYCODE_1_BUTTON2,False,P1_JOYSTICK=Move; P1_BUTTON1=Attack; P1_BUTTON2=Jump; START=Start; COIN=Insert Coin,AxisLeftStick=Move; ButtonA=Jump; ButtonDpad=Move; ButtonX=Attack; ButtonStart=Start; ButtonBack=Insert Coin
ddcrew1,P1_BUTTON3,low,True,JOYCODE_1_BUTTON2,False,P1_JOYSTICK=Move; P1_BUTTON1=Attack; P1_BUTTON2=Jump; START=Start; COIN=Insert Coin,AxisLeftStick=Move; ButtonA=Jump; ButtonDpad=Move; ButtonX=Attack; ButtonStart=Start; ButtonBack=Insert Coin
ddp2,P1_BUTTON4,low,True,JOYCODE_1_BUTTON4,False,P1_JOYSTICK=Move; P1_BUTTON1=Shoot; P1_BUTTON2=Special; P1_BUTTON3=Auto Fire; START=Start; COIN=Insert Coin,AxisLeftStick=Move; ButtonA=Special; ButtonB=Auto Fire; ButtonDpad=Move; ButtonX=Shoot; ButtonStart=Start; ButtonBack=Insert Coin
ddpdojt,P1_BUTTON4,low,True,JOYCODE_1_BUTTON4,False,P1_JOYSTICK=Move; P1_BUTTON1=Shoot; P1_BUTTON2=Bomb; P1_BUTTON3=Auto Fire; START=Start; COIN=Insert Coin,AxisLeftStick=Move; ButtonA=Bomb; ButtonB=Auto Fire; ButtonDpad=Move; ButtonX=Shoot; ButtonStart=Start; ButtonBack=Insert Coin
ddrkids,P1_BUTTON3,low,True,JOYCODE_1_SLIDER1_NEG_SWITCH,False,"P1_JOYSTICK=Up, Down, Left, Right; P1_JOYSTICK_UP=Up, Down, Left, Right; P1_JOYSTICK_DOWN=Up, Down, Left, Right; P1_JOYSTICK_LEFT=Up, Down, Left, Right; P1_JOYSTICK_RIGHT=Up, Down, Left, Right; P1_BUTTON1=Menu Left; P1_BUTTON2=Menu Right; START=Start; COIN=Insert Coin","AxisLeftStick=Up, Down, Left, Right; AxisRightStick=Up, Down, Left, Right; ButtonA=Down; ButtonB=Right; ButtonDpad=Up, Down, Left, Right; ButtonLeftShoulder=Menu Left; ButtonRightShoulder=Menu Right; ButtonX=Left; ButtonY=Up; ButtonStart=Start; ButtonBack=Insert Coin"
ddrkids,P1_BUTTON4,low,True,JOYCODE_1_SLIDER2_NEG_SWITCH,False,"P1_JOYSTICK=Up, Down, Left, Right; P1_JOYSTICK_UP=Up, Down, Left, Right; P1_JOYSTICK_DOWN=Up, Down, Left, Right; P1_JOYSTICK_LEFT=Up, Down, Left, Right; P1_JOYSTICK_RIGHT=Up, Down, Left, Right; P1_BUTTON1=Menu Left; P1_BUTTON2=Menu Right; START=Start; COIN=Insert Coin","AxisLeftStick=Up, Down, Left, Right; AxisRightStick=Up, Down, Left, Right; ButtonA=Down; ButtonB=Right; ButtonDpad=Up, Down, Left, Right; ButtonLeftShoulder=Menu Left; ButtonRightShoulder=Menu Right; ButtonX=Left; ButtonY=Up; ButtonStart=Start; ButtonBack=Insert Coin"
ddungeon,P1_BUTTON1,low,True,JOYCODE_1_BUTTON3,False,P1_JOYSTICK=Move; P1_BUTTON2=Bomb; START=Start; COIN=Insert Coin,AxisLeftStick=Move; ButtonA=Bomb; ButtonDpad=Move; ButtonStart=Start; ButtonBack=Insert Coin
ddungeon,P1_BUTTON3,low,True,JOYCODE_1_BUTTON2,False,P1_JOYSTICK=Move; P1_BUTTON2=Bomb; START=Start; COIN=Insert Coin,AxisLeftStick=Move; ButtonA=Bomb; ButtonDpad=Move; ButtonStart=Start; ButtonBack=Insert Coin
ddux,P1_BUTTON3,low,True,JOYCODE_1_BUTTON2,False,P1_JOYSTICK=Move; P1_BUTTON1=Attack; P1_BUTTON2=Jump; START=Start; COIN=Insert Coin,AxisLeftStick=Move; ButtonA=Jump; ButtonDpad=Move; ButtonX=Attack; ButtonStart=Start; ButtonBack=Insert Coin
deathsml,P1_BUTTON4,low,True,JOYCODE_1_BUTTON4,False,P1_JOYSTICK=Move; P1_BUTTON1=Shoot Left; P1_BUTTON2=Shoot Right; P1_BUTTON3=Bomb; START=Start; COIN=Insert Coin,AxisLeftStick=Move; ButtonA=Shoot Right; ButtonB=Bomb; ButtonDpad=Move; ButtonX=Shoot Left; ButtonStart=Start; ButtonBack=Insert Coin
demonwld,P1_BUTTON3,low,True,JOYCODE_1_BUTTON2,False,P1_JOYSTICK=Move; P1_BUTTON1=Shoot; P1_BUTTON2=Jump; START=Start; COIN=Insert Coin,AxisLeftStick=Move; ButtonA=Jump; ButtonDpad=Move; ButtonX=Shoot; ButtonStart=Start; ButtonBack=Insert Coin
denjinmk,P1_BUTTON3,low,True,JOYCODE_1_BUTTON2,False,P1_JOYSTICK=Move; P1_BUTTON1=Attack; P1_BUTTON2=Jump; START=Start; COIN=Insert Coin,AxisLeftStick=Move; ButtonA=Jump; ButtonDpad=Move; ButtonX=Attack; ButtonStart=Start; ButtonBack=Insert Coin
deroon,P1_BUTTON4,low,True,JOYCODE_1_BUTTON4,False,P1_JOYSTICK=Move; P1_BUTTON1=Rotate Left; P1_BUTTON2=Rotate Right; P1_BUTTON3=Bomb; START=Start; COIN=Insert Coin,AxisLeftStick=Move; ButtonA=Rotate Right; ButtonB=Bomb; ButtonDpad=Move; ButtonX=Rotate Left; ButtonStart=Start; ButtonBack=Insert Coin
desertwr,P1_BUTTON3,low,True,JOYCODE_1_BUTTON2,False,P1_JOYSTICK=Move; P1_BUTTON1=Shoot / (Tap) Rescue Fast; P1_BUTTON2=Land / Take Off; START=Start; COIN=Insert Coin,AxisLeftStick=Move; ButtonA=Land / Take Off; ButtonDpad=Move; ButtonX=Shoot / (Tap) Rescue Fast; ButtonStart=Start; ButtonBack=Insert Coin
desertwr,P1_BUTTON4,low,True,JOYCODE_1_BUTTON4,False,P1_JOYSTICK=Move; P1_BUTTON1=Shoot / (Tap) Rescue Fast; P1_BUTTON2=Land / Take Off; START=Start; COIN=Insert Coin,AxisLeftStick=Move; ButtonA=Land / Take Off; ButtonDpad=Move; ButtonX=Shoot / (Tap) Rescue Fast; ButtonStart=Start; ButtonBack=Insert Coin
desertwr,P1_BUTTON5,low,True,JOYCODE_1_BUTTON6,False,P1_JOYSTICK=Move; P1_BUTTON1=Shoot / (Tap) Rescue Fast; P1_BUTTON2=Land / Take Off; START=Start; COIN=Insert Coin,AxisLeftStick=Move; ButtonA=Land / Take Off; ButtonDpad=Move; ButtonX=Shoot / (Tap) Rescue Fast; ButtonStart=Start; ButtonBack=Insert Coin
dietgo,P1_BUTTON3,low,True,JOYCODE_1_BUTTON2,False,P1_JOYSTICK=Move; P1_BUTTON1=Shoot; P1_BUTTON2=Jump; START=Start; COIN=Insert Coin,AxisLeftStick=Move; ButtonA=Jump; ButtonDpad=Move; ButtonX=Shoot; ButtonStart=Start; ButtonBack=Insert Coin
diggerma,P1_BUTTON1,low,True,JOYCODE_1_BUTTON3,False,P1_JOYSTICK=Move; P1_BUTTON2=Bomb; START=Start; COIN=Insert Coin,AxisLeftStick=Move; ButtonA=Bomb; ButtonDpad=Move; ButtonStart=Start; ButtonBack=Insert Coin
diggerma,P1_BUTTON3,low,True,JOYCODE_1_BUTTON2,False,P1_JOYSTICK=Move; P1_BUTTON2=Bomb; START=Start; COIN=Insert Coin,AxisLeftStick=Move; ButtonA=Bomb; ButtonDpad=Move; ButtonStart=Start; ButtonBack=Insert Coin
diggerma,P1_BUTTON4,low,True,JOYCODE_1_BUTTON4,False,P1_JOYSTICK=Move; P1_BUTTON2=Bomb; START=Start; COIN=Insert Coin,AxisLeftStick=Move; ButtonA=Bomb; ButtonDpad=Move; ButtonStart=Start; ButtonBack=Insert Coin
dinorex,P1_BUTTON3,low,True,JOYCODE_1_BUTTON2,False,P1_JOYSTICK=Move; P1_BUTTON1=Bite; P1_BUTTON2=Kick; COIN=Insert Coin,AxisLeftStick=Move; ButtonA=Kick; ButtonDpad=Move; ButtonX=Bite; ButtonStart=Start; ButtonBack=Insert Coin
diverboy,P1_BUTTON2,low,True,JOYCODE_1_BUTTON1,False,P1_JOYSTICK=Move; P1_BUTTON1=Dive; START=Start; COIN=Insert Coin,AxisLeftStick=Move; ButtonDpad=Move; ButtonX=Dive; ButtonStart=Start; ButtonBack=Insert Coin
dmnfrnt,P1_BUTTON4,low,True,JOYCODE_1_BUTTON4,False,P1_JOYSTICK=Move; P1_BUTTON1=Shoot / (Hold) Charge; P1_BUTTON2=Jump / (Hold) Float; P1_BUTTON3=Shield; START=Start; COIN=Insert Coin,AxisLeftStick=Move; ButtonA=Jump / (Hold) Float; ButtonB=Shield; ButtonDpad=Move; ButtonX=Shoot / (Hold) Charge; ButtonStart=Start; ButtonBack=Insert Coin
docastle,P1_BUTTON1,low,True,JOYCODE_1_BUTTON3,False,P1_JOYSTICK=Move; P1_BUTTON2=Attack; START=Start; COIN=Insert Coin,AxisLeftStick=Move; ButtonA=Attack; ButtonDpad=Move; ButtonStart=Start; ButtonBack=Insert Coin
dogyuun,P1_BUTTON3,low,True,JOYCODE_1_BUTTON2,False,P1_JOYSTICK=Move; P1_BUTTON1=Shoot; P1_BUTTON2=Special; START=Start; COIN=Insert Coin,AxisLeftStick=Move; ButtonA=Special; ButtonDpad=Move; ButtonX=Shoot; ButtonStart=Start; ButtonBack=Insert Coin
dolmen,P1_BUTTON2,low,True,JOYCODE_1_BUTTON1,False,P1_JOYSTICK=Move; P1_BUTTON1=Shoot; START=Start; COIN=Insert Coin,AxisLeftStick=Move; ButtonDpad=Move; ButtonX=Shoot; ButtonStart=Start; ButtonBack=Insert Coin
dorunrun,P1_BUTTON2,low,True,JOYCODE_1_BUTTON1,False,P1_JOYSTICK=Move; P1_BUTTON1=Shoot; START=Start; COIN=Insert Coin,AxisLeftStick=Move; ButtonDpad=Move; ButtonX=Shoot; ButtonStart=Start; ButtonBack=Insert Coin
dowild,P1_BUTTON1,low,True,JOYCODE_1_BUTTON3,False,P1_JOYSTICK=Move; P1_BUTTON2=Go Faster; START=Start; COIN=Insert Coin,AxisLeftStick=Move; ButtonA=Go Faster; ButtonDpad=Move; ButtonStart=Start; ButtonBack=Insert Coin
dplay,P1_BUTTON1,low,True,JOYCODE_1_BUTTON6,False,P1_JOYSTICK_UP=Slow Pitch; P1_JOYSTICK_DOWN=Pitch Right; P1_JOYSTICK_LEFT=Pitch Fast; P1_JOYSTICK_RIGHT=Pitch Right; P1_BUTTON2=Outfield Left; P1_BUTTON3=Outfield Right; START=Start; COIN=Insert Coin,AxisTriggerLeft=Outfield Left; AxisTriggerRight=Outfield Right; ButtonA=Pitch Right; ButtonB=Pitch Right; ButtonX=Pitch Fast; ButtonY=Slow Pitch; ButtonStart=Start; ButtonBack=Insert Coin
dreamwld,P1_BUTTON3,low,True,JOYCODE_1_BUTTON2,False,P1_JOYSTICK=Move; P1_BUTTON1=Dig; P1_BUTTON2=Jump; START=Start; COIN=Insert Coin,AxisLeftStick=Move; ButtonA=Jump; ButtonDpad=Move; ButtonX=Dig; ButtonStart=Start; ButtonBack=Insert Coin
drgnbowl,P1_BUTTON1,low,True,JOYCODE_1_BUTTON2,False,P1_JOYSTICK=Move; P1_BUTTON2=Attack; P1_BUTTON3=Jump / Throw; START=Start; COIN=Insert Coin,AxisLeftStick=Move; ButtonA=Jump / Throw; ButtonDpad=Move; ButtonX=Attack; ButtonStart=Start; ButtonBack=Insert Coin
drgnmst,P1_BUTTON5,low,True,JOYCODE_1_BUTTON5,False,P1_JOYSTICK=Move; P1_BUTTON1=Normal Punch; P1_BUTTON2=Strong Punch; P1_BUTTON3=Normal Kick; P1_BUTTON4=Strong Kick; START=Start; COIN=Insert Coin,AxisLeftStick=Move; ButtonA=Normal Kick; ButtonB=Strong Kick; ButtonDpad=Move; ButtonX=Normal Punch; ButtonY=Strong Punch; ButtonStart=Start; ButtonBack=Insert Coin
drgnmst,P1_BUTTON6,low,True,JOYCODE_1_BUTTON6,False,P1_JOYSTICK=Move; P1_BUTTON1=Normal Punch; P1_BUTTON2=Strong Punch; P1_BUTTON3=Normal Kick; P1_BUTTON4=Strong Kick; START=Start; COIN=Insert Coin,AxisLeftStick=Move; ButtonA=Normal Kick; ButtonB=Strong Kick; ButtonDpad=Move; ButtonX=Normal Punch; ButtonY=Strong Punch; ButtonStart=Start; ButtonBack=Insert Coin
drgnmst,P1_BUTTON7,low,True,JOYCODE_1_SLIDER2_NEG_SWITCH,False,P1_JOYSTICK=Move; P1_BUTTON1=Normal Punch; P1_BUTTON2=Strong Punch; P1_BUTTON3=Normal Kick; P1_BUTTON4=Strong Kick; START=Start; COIN=Insert Coin,AxisLeftStick=Move; ButtonA=Normal Kick; ButtonB=Strong Kick; ButtonDpad=Move; ButtonX=Normal Punch; ButtonY=Strong Punch; ButtonStart=Start; ButtonBack=Insert Coin
drgw2,P1_BUTTON2,low,True,JOYCODE_1_BUTTON1,False,P1_JOYSTICK=Move; P1_BUTTON1=Select; START=Start; COIN=Insert Coin,AxisLeftStick=Move; ButtonDpad=Move; ButtonX=Select; ButtonStart=Start; ButtonBack=Insert Coin
drgw2,P1_BUTTON3,low,True,JOYCODE_1_BUTTON2,False,P1_JOYSTICK=Move; P1_BUTTON1=Select; START=Start; COIN=Insert Coin,AxisLeftStick=Move; ButtonDpad=Move; ButtonX=Select; ButtonStart=Start; ButtonBack=Insert Coin
drgw2,P1_BUTTON4,low,True,JOYCODE_1_BUTTON4,False,P1_JOYSTICK=Move; P1_BUTTON1=Select; START=Start; COIN=Insert Coin,AxisLeftStick=Move; ButtonDpad=Move; ButtonX=Select; ButtonStart=Start; ButtonBack=Insert Coin
drgw3,P1_BUTTON2,low,True,JOYCODE_1_BUTTON1,False,P1_JOYSTICK=Move; P1_BUTTON1=Select; START=Start; COIN=Insert Coin,AxisLeftStick=Move; ButtonDpad=Move; ButtonX=Select; ButtonStart=Start; ButtonBack=Insert Coin
drgw3,P1_BUTTON3,low,True,JOYCODE_1_BUTTON2,False,P1_JOYSTICK=Move; P1_BUTTON1=Select; START=Start; COIN=Insert Coin,AxisLeftStick=Move; ButtonDpad=Move; ButtonX=Select; ButtonStart=Start; ButtonBack=Insert Coin
drgw3,P1_BUTTON4,low,True,JOYCODE_1_BUTTON4,False,P1_JOYSTICK=Move; P1_BUTTON1=Select; START=Start; COIN=Insert Coin,AxisLeftStick=Move; ButtonDpad=Move; ButtonX=Select; ButtonStart=Start; ButtonBack=Insert Coin
drifto94,P1_BUTTON3,low,True,JOYCODE_1_BUTTON2,False,P1_JOYSTICK=Steering; P1_BUTTON1=Brake; P1_BUTTON2=Accelerate; START=Start; COIN=Insert Coin,AxisLeftStick=Steering; AxisTriggerLeft=Brake; AxisTriggerRight=Accelerate; ButtonA=Brake; ButtonDpad=Steering; ButtonX=Accelerate; ButtonStart=Start; ButtonBack=Insert Coin
dsaber,P1_BUTTON3,low,True,JOYCODE_1_BUTTON2,False,P1_JOYSTICK=Move; P1_BUTTON1=Shoot; P1_BUTTON2=Bomb; START=Start; COIN=Insert Coin,AxisLeftStick=Move; ButtonA=Bomb; ButtonDpad=Move; ButtonX=Shoot; ButtonStart=Start; ButtonBack=Insert Coin
dsmbl,P1_BUTTON4,low,True,JOYCODE_1_BUTTON4,False,P1_JOYSTICK=Move; P1_BUTTON1=Shoot Left; P1_BUTTON2=Shoot Right; P1_BUTTON3=Bomb; START=Start; COIN=Insert Coin,AxisLeftStick=Move; ButtonA=Shoot Right; ButtonB=Bomb; ButtonDpad=Move; ButtonX=Shoot Left; ButtonStart=Start; ButtonBack=Insert Coin
dsoccr94,P1_BUTTON3,low,True,JOYCODE_1_BUTTON2,False,P1_JOYSTICK=Move; P1_BUTTON1=Shoot; P1_BUTTON2=Pass / Tackle; START=Start; COIN=Insert Coin,AxisLeftStick=Move; ButtonA=Pass / Tackle; ButtonDpad=Move; ButtonX=Shoot; ButtonStart=Start; ButtonBack=Insert Coin
dspirit,P1_BUTTON3,low,True,JOYCODE_1_BUTTON2,False,P1_JOYSTICK=Move; P1_BUTTON1=Shoot; P1_BUTTON2=Bomb; START=Start; COIN=Insert Coin,AxisLeftStick=Move; ButtonA=Bomb; ButtonDpad=Move; ButtonX=Shoot; ButtonStart=Start; ButtonBack=Insert Coin
dtfamily,P1_BUTTON3,low,True,JOYCODE_1_BUTTON2,False,P1_JOYSTICK=Move; P1_BUTTON1=Shoot; P1_BUTTON2=Special; START=Start; COIN=Insert Coin,AxisLeftStick=Move; ButtonA=Special; ButtonDpad=Move; ButtonX=Shoot; ButtonStart=Start; ButtonBack=Insert Coin
dtfamily,P1_BUTTON4,low,True,JOYCODE_1_BUTTON4,False,P1_JOYSTICK=Move; P1_BUTTON1=Shoot; P1_BUTTON2=Special; START=Start; COIN=Insert Coin,AxisLeftStick=Move; ButtonA=Special; ButtonDpad=Move; ButtonX=Shoot; ButtonStart=Start; ButtonBack=Insert Coin
dualaslt,P1_BUTTON2,low,True,JOYCODE_1_BUTTON1,False,P1_JOYSTICK=Move; P1_BUTTON1=Shoot; START=Start; COIN=Insert Coin,AxisLeftStick=Move; ButtonDpad=Move; ButtonX=Shoot; ButtonStart=Start; ButtonBack=Insert Coin
dungeonm,P1_BUTTON3,low,True,JOYCODE_1_BUTTON2,False,P1_JOYSTICK=Move; P1_BUTTON1=Attack; P1_BUTTON2=Jump; START=Start; COIN=Insert Coin,AxisLeftStick=Move; ButtonA=Jump; ButtonDpad=Move; ButtonX=Attack; ButtonStart=Start; ButtonBack=Insert Coin
dungeonm,P1_BUTTON4,low,True,JOYCODE_1_BUTTON4,False,P1_JOYSTICK=Move; P1_BUTTON1=Attack; P1_BUTTON2=Jump; START=Start; COIN=Insert Coin,AxisLeftStick=Move; ButtonA=Jump; ButtonDpad=Move; ButtonX=Attack; ButtonStart=Start; ButtonBack=Insert Coin
dw2001,P1_BUTTON2,low,True,JOYCODE_1_BUTTON1,False,P1_JOYSTICK=Move; P1_BUTTON1=Select; START=Start; COIN=Insert Coin,AxisLeftStick=Move; ButtonDpad=Move; ButtonX=Select; ButtonStart=Start; ButtonBack=Insert Coin
dw2001,P1_BUTTON3,low,True,JOYCODE_1_BUTTON2,False,P1_JOYSTICK=Move; P1_BUTTON1=Select; START=Start; COIN=Insert Coin,AxisLeftStick=Move; ButtonDpad=Move; ButtonX=Select; ButtonStart=Start; ButtonBack=Insert Coin
dw2001,P1_BUTTON4,low,True,JOYCODE_1_BUTTON4,False,P1_JOYSTICK=Move; P1_BUTTON1=Select; START=Start; COIN=Insert Coin,AxisLeftStick=Move; ButtonDpad=Move; ButtonX=Select; ButtonStart=Start; ButtonBack=Insert Coin
dwex,P1_BUTTON2,low,True,JOYCODE_1_BUTTON1,False,P1_JOYSTICK=Move; P1_BUTTON1=Select; START=Start; COIN=Insert Coin,AxisLeftStick=Move; ButtonDpad=Move; ButtonX=Select; ButtonStart=Start; ButtonBack=Insert Coin
dwex,P1_BUTTON3,low,True,JOYCODE_1_BUTTON2,False,P1_JOYSTICK=Move; P1_BUTTON1=Select; START=Start; COIN=Insert Coin,AxisLeftStick=Move; ButtonDpad=Move; ButtonX=Select; ButtonStart=Start; ButtonBack=Insert Coin
dwex,P1_BUTTON4,low,True,JOYCODE_1_BUTTON4,False,P1_JOYSTICK=Move; P1_BUTTON1=Select; START=Start; COIN=Insert Coin,AxisLeftStick=Move; ButtonDpad=Move; ButtonX=Select; ButtonStart=Start; ButtonBack=Insert Coin
dwpc,P1_BUTTON2,low,True,JOYCODE_1_BUTTON1,False,P1_JOYSTICK=Move; P1_BUTTON1=Select,AxisLeftStick=Move; ButtonDpad=Move; ButtonX=Select; ButtonStart=Start; ButtonBack=Insert Coin
dwpc,P1_BUTTON3,low,True,JOYCODE_1_BUTTON2,False,P1_JOYSTICK=Move; P1_BUTTON1=Select,AxisLeftStick=Move; ButtonDpad=Move; ButtonX=Select; ButtonStart=Start; ButtonBack=Insert Coin
dwpc,P1_BUTTON4,low,True,JOYCODE_1_BUTTON4,False,P1_JOYSTICK=Move; P1_BUTTON1=Select,AxisLeftStick=Move; ButtonDpad=Move; ButtonX=Select; ButtonStart=Start; ButtonBack=Insert Coin
dyger,P1_BUTTON3,low,True,JOYCODE_1_BUTTON2,False,P1_JOYSTICK=Move; P1_BUTTON1=Shoot; P1_BUTTON2=Bomb; START=Start; COIN=Insert Coin,AxisLeftStick=Move; ButtonA=Bomb; ButtonDpad=Move; ButtonX=Shoot; ButtonStart=Start; ButtonBack=Insert Coin
dynabomb,P1_BUTTON4,low,True,JOYCODE_1_BUTTON4,False,P1_JOYSTICK=Move; P1_BUTTON1=Lay Bomb; P1_BUTTON2=Hit Bomb; P1_BUTTON3=Jump; START=Start; COIN=Insert Coin,AxisLeftStick=Move; ButtonA=Hit Bomb; ButtonB=Jump; ButtonDpad=Move; ButtonX=Lay Bomb; ButtonStart=Start; ButtonBack=Insert Coin
dynagear,P1_BUTTON3,low,True,JOYCODE_1_BUTTON2,False,P1_JOYSTICK=Move; P1_BUTTON1=Attack; P1_BUTTON2=Jump; START=Start; COIN=Insert Coin,AxisLeftStick=Move; ButtonA=Jump; ButtonDpad=Move; ButtonX=Attack; ButtonStart=Start; ButtonBack=Insert Coin
eaglshot,P1_BUTTON3,low,True,JOYCODE_1_BUTTON2,False,P1_JOYSTICK=Move; P1_BUTTON1=Swing; P1_BUTTON2=Change Menu Selection; START=Start; COIN=Insert Coin,AxisLeftStick=Move; ButtonA=Change Menu Selection; ButtonDpad=Move; ButtonX=Swing; ButtonStart=Start; ButtonBack=Insert Coin
eeekk,P1_BUTTON2,low,True,JOYCODE_1_BUTTON1,False,P1_JOYSTICK=Move; P1_BUTTON1=Attack; START=Start; COIN=Insert Coin,AxisLeftStick=Move; ButtonDpad=Move; ButtonX=Attack; ButtonStart=Start; ButtonBack=Insert Coin
efdt,P1_BUTTON2,low,True,JOYCODE_1_BUTTON1,False,P1_JOYSTICK=Move; P1_BUTTON1=Shoot; START=Start; COIN=Insert Coin,AxisLeftStick=Move; ButtonDpad=Move; ButtonX=Shoot; ButtonStart=Start; ButtonBack=Insert Coin
eightman,P1_BUTTON4,low,True,JOYCODE_1_BUTTON4,False,P1_JOYSTICK=Move; P1_BUTTON1=Attack; P1_BUTTON2=Jump / Slide; P1_BUTTON3=Special; START=Start; COIN=Insert Coin,AxisLeftStick=Move; ButtonA=Jump / Slide; ButtonB=Special; ButtonDpad=Move; ButtonX=Attack; ButtonStart=Start; ButtonBack=Insert Coin
einning,P1_BUTTON2,low,True,JOYCODE_1_SLIDER1_NEG_SWITCH,False,P1_JOYSTICK_UP=Slow Pitch; P1_JOYSTICK_DOWN=Pitch Right; P1_JOYSTICK_LEFT=Pitch Fast; P1_JOYSTICK_RIGHT=Pitch Right; P1_BUTTON1=Outfield Right; START=Start; COIN=Insert Coin,ButtonA=Pitch Right; ButtonB=Pitch Right; ButtonLeftShoulder=Outfield Left; ButtonRightShoulder=Outfield Right; ButtonX=Pitch Fast; ButtonY=Slow Pitch; ButtonStart=Start; ButtonBack=Insert Coin
einning,P1_BUTTON3,low,True,JOYCODE_1_SLIDER2_NEG_SWITCH,False,P1_JOYSTICK_UP=Slow Pitch; P1_JOYSTICK_DOWN=Pitch Right; P1_JOYSTICK_LEFT=Pitch Fast; P1_JOYSTICK_RIGHT=Pitch Right; P1_BUTTON1=Outfield Right; START=Start; COIN=Insert Coin,ButtonA=Pitch Right; ButtonB=Pitch Right; ButtonLeftShoulder=Outfield Left; ButtonRightShoulder=Outfield Right; ButtonX=Pitch Fast; ButtonY=Slow Pitch; ButtonStart=Start; ButtonBack=Insert Coin
ejihon,P1_BUTTON1,low,True,JOYCODE_1_BUTTON3,False,P1_JOYSTICK=Move; P1_BUTTON2=Button; START=Start; COIN=Insert Coin,AxisLeftStick=Move; ButtonA=Button; ButtonDpad=Move; ButtonStart=Start; ButtonBack=Insert Coin
ejihon,P1_BUTTON3,low,True,JOYCODE_1_BUTTON2,False,P1_JOYSTICK=Move; P1_BUTTON2=Button; START=Start; COIN=Insert Coin,AxisLeftStick=Move; ButtonA=Button; ButtonDpad=Move; ButtonStart=Start; ButtonBack=Insert Coin
ejihon,P1_BUTTON4,low,True,JOYCODE_1_BUTTON4,False,P1_JOYSTICK=Move; P1_BUTTON2=Button; START=Start; COIN=Insert Coin,AxisLeftStick=Move; ButtonA=Button; ButtonDpad=Move; ButtonStart=Start; ButtonBack=Insert Coin
elandore,P1_BUTTON3,low,True,JOYCODE_1_BUTTON4,False,P1_JOYSTICK=Move; P1_BUTTON1=Medium Attack; P1_BUTTON2=Strong Attack; P1_BUTTON4=Dash / (Hold) Free Roam; START=Start; COIN=Insert Coin,AxisLeftStick=Move; AxisTriggerRight=Dash / (Hold) Free Roam; ButtonA=Strong Attack; ButtonB=Dash / (Hold) Free Roam; ButtonDpad=Move; ButtonX=Medium Attack; ButtonStart=Start; ButtonBack=Insert Coin
elfin,P1_BUTTON2,low,True,JOYCODE_1_BUTTON1,False,P1_JOYSTICK=Move; P1_BUTTON1=Shoot; START=Start; COIN=Insert Coin,AxisLeftStick=Move; ButtonDpad=Move; ButtonX=Shoot; ButtonStart=Start; ButtonBack=Insert Coin
elvact2u,P1_BUTTON3,low,True,JOYCODE_1_BUTTON2,False,P1_JOYSTICK=Move; P1_BUTTON1=Shoot; P1_BUTTON2=Jump; START=Start; COIN=Insert Coin,AxisLeftStick=Move; ButtonA=Jump; ButtonDpad=Move; ButtonX=Shoot; ButtonStart=Start; ButtonBack=Insert Coin
elvact2u,P1_BUTTON4,low,True,JOYCODE_1_BUTTON4,False,P1_JOYSTICK=Move; P1_BUTTON1=Shoot; P1_BUTTON2=Jump; START=Start; COIN=Insert Coin,AxisLeftStick=Move; ButtonA=Jump; ButtonDpad=Move; ButtonX=Shoot; ButtonStart=Start; ButtonBack=Insert Coin
elvactr,P1_BUTTON3,low,True,JOYCODE_1_BUTTON2,False,P1_JOYSTICK=Move; P1_BUTTON1=Shoot; P1_BUTTON2=Jump; START=Start; COIN=Insert Coin,AxisLeftStick=Move; ButtonA=Jump; ButtonDpad=Move; ButtonX=Shoot; ButtonStart=Start; ButtonBack=Insert Coin
elvactr,P1_BUTTON4,low,True,JOYCODE_1_BUTTON4,False,P1_JOYSTICK=Move; P1_BUTTON1=Shoot; P1_BUTTON2=Jump; START=Start; COIN=Insert Coin,AxisLeftStick=Move; ButtonA=Jump; ButtonDpad=Move; ButtonX=Shoot; ButtonStart=Start; ButtonBack=Insert Coin
emeralda,P1_BUTTON3,low,True,JOYCODE_1_BUTTON2,False,P1_JOYSTICK=Move; P1_BUTTON1=Rotate Left; P1_BUTTON2=Rotate Right; START=Start; COIN=Insert Coin,AxisLeftStick=Move; ButtonA=Rotate Right; ButtonDpad=Move; ButtonX=Rotate Left; ButtonStart=Start; ButtonBack=Insert Coin
equites,P1_BUTTON3,low,True,JOYCODE_1_BUTTON2,False,P1_JOYSTICK=Move; P1_BUTTON1=Shoot; P1_BUTTON2=Jump / (Taping) Fly; START=Start; COIN=Insert Coin,AxisLeftStick=Move; ButtonA=Jump / (Taping) Fly; ButtonDpad=Move; ButtonX=Shoot; ButtonStart=Start; ButtonBack=Insert Coin
ertictac,P1_BUTTON1,low,True,JOYCODE_1_BUTTON1,False,P1_JOYSTICK=Move; START=Start; COIN=Insert Coin,AxisLeftStick=Move; ButtonDpad=Move; ButtonStart=Start; ButtonBack=Insert Coin
esb,P1_BUTTON1,low,True,JOYCODE_1_BUTTON3,False,P1_AD_STICK_X=Move Crosshair; P1_AD_STICK_Y=Move Crosshair; P1_BUTTON2=Shoot; COIN=Insert Coin,AxisLeftStick=Move Crosshair; ButtonA=Shoot; ButtonStart=Start; ButtonBack=Insert Coin
esb,P1_BUTTON3,low,True,JOYCODE_1_BUTTON2,False,P1_AD_STICK_X=Move Crosshair; P1_AD_STICK_Y=Move Crosshair; P1_BUTTON2=Shoot; COIN=Insert Coin,AxisLeftStick=Move Crosshair; ButtonA=Shoot; ButtonStart=Start; ButtonBack=Insert Coin
esb,P1_BUTTON4,low,True,JOYCODE_1_BUTTON4,False,P1_AD_STICK_X=Move Crosshair; P1_AD_STICK_Y=Move Crosshair; P1_BUTTON2=Shoot; COIN=Insert Coin,AxisLeftStick=Move Crosshair; ButtonA=Shoot; ButtonStart=Start; ButtonBack=Insert Coin
extrmatn,P1_BUTTON2,low,True,JOYCODE_1_BUTTON1,False,P1_JOYSTICK=Move; P1_BUTTON1=Shoot; START=Start; COIN=Insert Coin,AxisLeftStick=Move; ButtonDpad=Move; ButtonX=Shoot; ButtonStart=Start; ButtonBack=Insert Coin
exvania,P1_BUTTON3,low,True,JOYCODE_1_BUTTON2,False,P1_JOYSTICK=Move; P1_BUTTON1=Attack; P1_BUTTON2=Bomb; START=Start; COIN=Insert Coin,AxisLeftStick=Move; ButtonA=Bomb; ButtonDpad=Move; ButtonX=Attack; ButtonStart=Start; ButtonBack=Insert Coin
faceoff,P1_BUTTON1,low,True,JOYCODE_1_BUTTON3,False,P1_JOYSTICKLEFT=Left Stick; P1_JOYSTICKRIGHT=Right Stick; P1_BUTTON2=Shoot / Pass / Pick Up; START=Start; COIN=Insert Coin,AxisLeftStick=Left Stick; AxisRightStick=Right Stick; ButtonA=Shoot / Pass / Pick Up; ButtonStart=Start; ButtonBack=Insert Coin
fantasia,P1_BUTTON2,low,True,JOYCODE_1_BUTTON1,False,P1_JOYSTICK=Move; P1_BUTTON1=Draw; START=Start; COIN=Insert Coin,AxisLeftStick=Move; ButtonDpad=Move; ButtonX=Draw; ButtonStart=Start; ButtonBack=Insert Coin
fantsia2,P1_BUTTON2,low,True,JOYCODE_1_BUTTON1,False,P1_JOYSTICK=Move; P1_BUTTON1=Draw; START=Start; COIN=Insert Coin,AxisLeftStick=Move; ButtonDpad=Move; ButtonX=Draw; ButtonStart=Start; ButtonBack=Insert Coin
fantstry,P1_BUTTON3,low,True,JOYCODE_1_BUTTON2,False,P1_JOYSTICK=Move; P1_BUTTON1=Attack; P1_BUTTON2=Change Weapon / Magic; START=Start; COIN=Insert Coin,AxisLeftStick=Move; ButtonA=Change Weapon / Magic; ButtonDpad=Move; ButtonX=Attack; ButtonStart=Start; ButtonBack=Insert Coin
fantsy95,P1_BUTTON2,low,True,JOYCODE_1_BUTTON1,False,P1_JOYSTICK=Move; P1_BUTTON1=Draw; START=Start; COIN=Insert Coin,AxisLeftStick=Move; ButtonDpad=Move; ButtonX=Draw; ButtonStart=Start; ButtonBack=Insert Coin
fantzn2x,P1_BUTTON3,low,True,JOYCODE_1_BUTTON2,False,P1_JOYSTICK=Move; P1_BUTTON1=Shoot; P1_BUTTON2=Bomb; START=Start; COIN=Insert Coin,AxisLeftStick=Move; ButtonA=Bomb; ButtonDpad=Move; ButtonX=Shoot; ButtonStart=Start; ButtonBack=Insert Coin
fantzone,P1_BUTTON3,low,True,JOYCODE_1_BUTTON2,False,P1_JOYSTICK=Move; P1_BUTTON1=Shoot; P1_BUTTON2=Bomb; START=Start; COIN=Insert Coin,AxisLeftStick=Move; ButtonA=Bomb; ButtonDpad=Move; ButtonX=Shoot; ButtonStart=Start; ButtonBack=Insert Coin
fatfury1,P1_BUTTON4,low,True,JOYCODE_1_BUTTON4,False,P1_JOYSTICK=Move; P1_BUTTON1=Punch; P1_BUTTON2=Kick; P1_BUTTON3=Throw; START=Start; COIN=Insert Coin,AxisLeftStick=Move; ButtonA=Kick; ButtonB=Throw; ButtonDpad=Move; ButtonX=Punch; ButtonStart=Start; ButtonBack=Insert Coin
ffight,P1_BUTTON3,low,True,JOYCODE_1_BUTTON2,False,P1_JOYSTICK=Move; P1_BUTTON1=Attack; P1_BUTTON2=Jump; START=Start; COIN=Insert Coin,AxisLeftStick=Move; ButtonA=Jump; ButtonDpad=Move; ButtonX=Attack; ButtonStart=Start; ButtonBack=Insert Coin
fghtatck,P1_BUTTON3,low,True,JOYCODE_1_BUTTON2,False,P1_JOYSTICK=Move; P1_BUTTON1=Attack; P1_BUTTON2=Bomb; START=Start; COIN=Insert Coin,AxisLeftStick=Move; ButtonA=Bomb; ButtonDpad=Move; ButtonX=Attack; ButtonStart=Start; ButtonBack=Insert Coin
finalttr,P1_BUTTON3,low,True,JOYCODE_1_BUTTON2,False,P1_JOYSTICK=Move; P1_BUTTON1=Drop; P1_BUTTON2=Rotate; START=Start; COIN=Insert Coin,AxisLeftStick=Move; ButtonA=Rotate; ButtonDpad=Move; ButtonX=Drop; ButtonStart=Start; ButtonBack=Insert Coin
findlove,P1_BUTTON3,low,True,JOYCODE_1_BUTTON2,False,P1_JOYSTICK=Move; P1_BUTTON1=Select; P1_BUTTON2=Cancel; START=Start; COIN=Insert Coin,AxisLeftStick=Move; ButtonA=Cancel; ButtonDpad=Move; ButtonX=Select; ButtonStart=Start; ButtonBack=Insert Coin
findlove,P1_BUTTON4,low,True,JOYCODE_1_BUTTON4,False,P1_JOYSTICK=Move; P1_BUTTON1=Select; P1_BUTTON2=Cancel; START=Start; COIN=Insert Coin,AxisLeftStick=Move; ButtonA=Cancel; ButtonDpad=Move; ButtonX=Select; ButtonStart=Start; ButtonBack=Insert Coin
flipmaze,P1_BUTTON3,low,True,JOYCODE_1_BUTTON2,False,P1_JOYSTICK=Move; P1_BUTTON1=Flip Card; P1_BUTTON2=Remove Card; START=Start; COIN=Insert Coin,AxisLeftStick=Move; ButtonA=Remove Card; ButtonDpad=Move; ButtonX=Flip Card; ButtonStart=Start; ButtonBack=Insert Coin
flipshot,P1_BUTTON4,low,True,JOYCODE_1_BUTTON4,False,P1_JOYSTICK=Move; P1_BUTTON1=Attack; P1_BUTTON2=Slide; P1_BUTTON3=Taunt; START=Start; COIN=Insert Coin,AxisLeftStick=Move; ButtonA=Slide; ButtonB=Taunt; ButtonDpad=Move; ButtonX=Attack; ButtonStart=Start; ButtonBack=Insert Coin
fncywld,P1_BUTTON3,low,True,JOYCODE_1_BUTTON2,False,P1_JOYSTICK=Move; P1_BUTTON1=Shoot; P1_BUTTON2=Jump; START=Start; COIN=Insert Coin,AxisLeftStick=Move; ButtonA=Jump; ButtonDpad=Move; ButtonX=Shoot; ButtonStart=Start; ButtonBack=Insert Coin
fpoint,P1_BUTTON3,low,True,JOYCODE_1_BUTTON2,False,P1_JOYSTICK=Move; P1_BUTTON1=Spin Left; P1_BUTTON2=Spin Right; START=Start; COIN=Insert Coin,AxisLeftStick=Move; ButtonA=Spin Right; ButtonDpad=Move; ButtonX=Spin Left; ButtonStart=Start; ButtonBack=Insert Coin
freekick,P1_BUTTON2,low,True,JOYCODE_1_BUTTON1,False,P1_JOYSTICK=Move; P1_DIAL=Move; P1_BUTTON1=Release Ball; START=Start; COIN=Insert Coin,AxisLeftStick=Move; ButtonDpad=Move; ButtonX=Release Ball; ButtonStart=Start; ButtonBack=Insert Coin
fround,P1_BUTTON3,low,True,JOYCODE_1_BUTTON2,False,P1_JOYSTICK=Move; P1_BUTTON1=Punch High; P1_BUTTON2=Punch Low; START=Start; COIN=Insert Coin,AxisLeftStick=Move; ButtonA=Punch Low; ButtonDpad=Move; ButtonRightShoulder=Map; ButtonX=Punch High; ButtonStart=Start; ButtonBack=Insert Coin
funkyfig,P1_BUTTON2,low,True,JOYCODE_1_BUTTON1,False,P1_BUTTON1=Move; START=Start; COIN=Insert Coin,AxisLeftStick=Move; ButtonStart=Start; ButtonBack=Insert Coin
funkyfig,P1_BUTTON3,low,True,JOYCODE_1_RZAXIS_NEG_SWITCH,False,P1_BUTTON1=Move; START=Start; COIN=Insert Coin,AxisLeftStick=Move; ButtonStart=Start; ButtonBack=Insert Coin
funkyfig,P1_BUTTON4,low,True,JOYCODE_1_BUTTON5,False,P1_BUTTON1=Move; START=Start; COIN=Insert Coin,AxisLeftStick=Move; ButtonStart=Start; ButtonBack=Insert Coin
funkyfig,P1_BUTTON5,low,True,JOYCODE_1_BUTTON3,False,P1_BUTTON1=Move; START=Start; COIN=Insert Coin,AxisLeftStick=Move; ButtonStart=Start; ButtonBack=Insert Coin
funkyfig,P1_BUTTON6,low,True,JOYCODE_1_BUTTON6,False,P1_BUTTON1=Move; START=Start; COIN=Insert Coin,AxisLeftStick=Move; ButtonStart=Start; ButtonBack=Insert Coin
funkyfig,P1_BUTTON7,low,True,JOYCODE_1_SLIDER1_NEG_SWITCH,False,P1_BUTTON1=Move; START=Start; COIN=Insert Coin,AxisLeftStick=Move; ButtonStart=Start; ButtonBack=Insert Coin
funkyfig,P1_BUTTON8,low,True,JOYCODE_1_BUTTON4,False,P1_BUTTON1=Move; START=Start; COIN=Insert Coin,AxisLeftStick=Move; ButtonStart=Start; ButtonBack=Insert Coin
funkyfig,P1_BUTTON9,low,True,JOYCODE_1_SLIDER2_NEG_SWITCH,False,P1_BUTTON1=Move; START=Start; COIN=Insert Coin,AxisLeftStick=Move; ButtonStart=Start; ButtonBack=Insert Coin
funkyjet,P1_BUTTON3,low,True,JOYCODE_1_BUTTON2,False,P1_JOYSTICK=Move; P1_BUTTON1=Attack; P1_BUTTON2=Attack Both Sides; START=Start; COIN=Insert Coin,AxisLeftStick=Move; ButtonA=Attack Both Sides; ButtonDpad=Move; ButtonX=Attack; ButtonStart=Start; ButtonBack=Insert Coin
futari15,P1_BUTTON4,low,True,JOYCODE_1_BUTTON4,False,P1_JOYSTICK=Move; P1_BUTTON1=Shoot; P1_BUTTON2=Bomb; P1_BUTTON3=Auto Fire; START=Start; COIN=Insert Coin,AxisLeftStick=Move; ButtonA=Bomb; ButtonB=Auto Fire; ButtonDpad=Move; ButtonX=Shoot; ButtonStart=Start; ButtonBack=Insert Coin
futaribl,P1_BUTTON4,low,True,JOYCODE_1_BUTTON4,False,P1_JOYSTICK=Move; P1_BUTTON1=Shoot; P1_BUTTON2=Bomb; P1_BUTTON3=Auto Fire; START=Start; COIN=Insert Coin,AxisLeftStick=Move; ButtonA=Bomb; ButtonB=Auto Fire; ButtonDpad=Move; ButtonX=Shoot; ButtonStart=Start; ButtonBack=Insert Coin
g13jnr,P1_BUTTON1,low,True,JOYCODE_1_BUTTON2,False,P1_JOYSTICK_UP=Move Crosshair; P1_JOYSTICK_DOWN=Move Crosshair; P1_LIGHTGUN_X=Move Crosshair; P1_LIGHTGUN_Y=Move Crosshair; P1_BUTTON2=Shoot; P1_BUTTON3=Scope; START=Start; COIN=Insert Coin,AxisLeftStick=Move Crosshair; ButtonDpadUp=Move Crosshair; ButtonDpadDown=Move Crosshair; ButtonA=Shoot; ButtonX=Scope; ButtonStart=Start; ButtonBack=Insert Coin
g13knd,P1_BUTTON3,low,True,JOYCODE_1_BUTTON2,False,P1_JOYSTICK_UP=Move Crosshair; P1_JOYSTICK_DOWN=Move Crosshair; P1_LIGHTGUN_X=Move Crosshair; P1_LIGHTGUN_Y=Move Crosshair; P1_BUTTON1=Shoot; P1_BUTTON2=(Hold) Scope; START=Start; COIN=Insert Coin,AxisLeftStick=Move Crosshair; ButtonDpadUp=Move Crosshair; ButtonDpadDown=Move Crosshair; AxisTriggerLeft=(Hold) Scope; AxisTriggerRight=Shoot; ButtonA=Shoot; ButtonX=(Hold) Scope; ButtonStart=Start; ButtonBack=Insert Coin
gahaha,P1_BUTTON5,low,True,JOYCODE_1_BUTTON2,False,P1_JOYSTICK_UP=Right Stick; P1_JOYSTICK_DOWN=Right Stick; P1_AD_STICK_X=Right Stick; P1_AD_STICK_Y=Right Stick; P1_BUTTON1=Left Stick Press / Button; P1_BUTTON2=Right Stick Press / Button; START=Start; COIN=Insert Coin,AxisLeftStick=Left Stick; AxisRightStick=Right Stick; ButtonDpadUp=Right Stick; ButtonDpadDown=Right Stick; ButtonA=Right Stick Press / Button; ButtonX=Left Stick Press / Button; ButtonStart=Start; ButtonBack=Insert Coin
gaialast,P1_BUTTON3,low,True,JOYCODE_1_BUTTON2,False,P1_JOYSTICK=Move; P1_BUTTON1=Shoot; P1_BUTTON2=Special; START=Start; COIN=Insert Coin,AxisLeftStick=Move; ButtonA=Special; ButtonDpad=Move; ButtonX=Shoot; ButtonStart=Start; ButtonBack=Insert Coin
galaga88,P1_BUTTON2,low,True,JOYCODE_1_BUTTON1,False,P1_JOYSTICK=Move; P1_BUTTON1=Shoot; START=Start; COIN=Insert Coin,AxisLeftStick=Move; ButtonDpad=Move; ButtonX=Shoot; ButtonStart=Start; ButtonBack=Insert Coin
galaga88,P1_BUTTON3,low,True,JOYCODE_1_BUTTON2,False,P1_JOYSTICK=Move; P1_BUTTON1=Shoot; START=Start; COIN=Insert Coin,AxisLeftStick=Move; ButtonDpad=Move; ButtonX=Shoot; ButtonStart=Start; ButtonBack=Insert Coin
galastrm,P1_BUTTON3,low,True,JOYCODE_1_BUTTON2,False,P1_AD_STICK_X=Move; P1_AD_STICK_Y=Move; P1_BUTTON1=Shoot; P1_BUTTON2=Shoot; START=Start; COIN=Insert Coin,AxisLeftStick=Move; ButtonA=Shoot; ButtonDpad=Move; ButtonX=Shoot; ButtonStart=Start; ButtonBack=Insert Coin
galastrm,P1_BUTTON4,low,True,JOYCODE_1_BUTTON4,False,P1_AD_STICK_X=Move; P1_AD_STICK_Y=Move; P1_BUTTON1=Shoot; P1_BUTTON2=Shoot; START=Start; COIN=Insert Coin,AxisLeftStick=Move; ButtonA=Shoot; ButtonDpad=Move; ButtonX=Shoot; ButtonStart=Start; ButtonBack=Insert Coin
galgame,P1_BUTTON3,low,True,JOYCODE_1_BUTTON2,False,P1_JOYSTICK_LEFT=Move; P1_JOYSTICK_RIGHT=Move; P1_BUTTON1=Thrust; P1_BUTTON2=Shoot; COIN=Insert Coin,AxisLeftStick=Move; ButtonA=Shoot; ButtonDpad=Move; ButtonX=Thrust; ButtonStart=Start; ButtonBack=Insert Coin
galhustl,P1_BUTTON3,low,True,JOYCODE_1_BUTTON2,False,P1_JOYSTICK=Move; P1_BUTTON1=(Hold) Cue Strike Position; P1_BUTTON2=Hit Ball; START=Start; COIN=Insert Coin,AxisLeftStick=Move; ButtonA=Hit Ball; ButtonDpad=Move; ButtonX=(Hold) Cue Strike Position; ButtonStart=Start; ButtonBack=Insert Coin
galivan,P1_BUTTON3,low,True,JOYCODE_1_BUTTON2,False,P1_JOYSTICK=Move; P1_BUTTON1=Punch / Shoot; P1_BUTTON2=Kick; START=Start; COIN=Insert Coin,AxisLeftStick=Move; ButtonA=Kick; ButtonDpad=Move; ButtonX=Punch / Shoot; ButtonStart=Start; ButtonBack=Insert Coin
galpani2,P1_BUTTON2,low,True,JOYCODE_1_BUTTON1,False,P1_JOYSTICK=Move; P1_BUTTON1=Draw; START=Start; COIN=Insert Coin,AxisLeftStick=Move; ButtonDpad=Move; ButtonX=Draw; ButtonStart=Start; ButtonBack=Insert Coin
galpani2,P1_BUTTON3,low,True,JOYCODE_1_BUTTON2,False,P1_JOYSTICK=Move; P1_BUTTON1=Draw; START=Start; COIN=Insert Coin,AxisLeftStick=Move; ButtonDpad=Move; ButtonX=Draw; ButtonStart=Start; ButtonBack=Insert Coin
gametngk,P1_BUTTON3,low,True,JOYCODE_1_BUTTON2,False,P1_JOYSTICK=Move; P1_BUTTON1=Shoot; P1_BUTTON2=Bomb; START=Start; COIN=Insert Coin,AxisLeftStick=Move; ButtonA=Bomb; ButtonDpad=Move; ButtonX=Shoot; ButtonStart=Start; ButtonBack=Insert Coin
gametngk,P1_BUTTON4,low,True,JOYCODE_1_BUTTON4,False,P1_JOYSTICK=Move; P1_BUTTON1=Shoot; P1_BUTTON2=Bomb; START=Start; COIN=Insert Coin,AxisLeftStick=Move; ButtonA=Bomb; ButtonDpad=Move; ButtonX=Shoot; ButtonStart=Start; ButtonBack=Insert Coin
gametngk,P1_BUTTON5,low,True,JOYCODE_1_BUTTON6,False,P1_JOYSTICK=Move; P1_BUTTON1=Shoot; P1_BUTTON2=Bomb; START=Start; COIN=Insert Coin,AxisLeftStick=Move; ButtonA=Bomb; ButtonDpad=Move; ButtonX=Shoot; ButtonStart=Start; ButtonBack=Insert Coin
ganryu,P1_BUTTON4,low,True,JOYCODE_1_BUTTON4,False,P1_JOYSTICK=Move; P1_BUTTON1=Attack; P1_BUTTON2=Jump / Slide; P1_BUTTON3=Chain Attack; START=Start; COIN=Insert Coin,AxisLeftStick=Move; ButtonA=Jump / Slide; ButtonB=Chain Attack; ButtonDpad=Move; ButtonX=Attack; ButtonStart=Start; ButtonBack=Insert Coin
gdariusu,P1_BUTTON3,low,True,JOYCODE_1_BUTTON2,False,P1_JOYSTICK=Move; P1_BUTTON1=Shoot; P1_BUTTON2=Capture; START=Start; COIN=Insert Coin,AxisLeftStick=Move; ButtonA=Capture; ButtonDpad=Move; ButtonX=Shoot; ButtonStart=Start; ButtonBack=Insert Coin
gdfs,P1_BUTTON3,low,True,JOYCODE_1_BUTTON2,False,P1_JOYSTICK=Move Crosshair; P1_LIGHTGUN_X=Move Crosshair; P1_LIGHTGUN_Y=Move Crosshair; P1_BUTTON1=Shoot; P1_BUTTON2=Bazooka; START=Start; COIN=Insert Coin,AxisLeftStick=Move Crosshair; ButtonA=Bazooka; ButtonDpad=Move Crosshair; ButtonX=Shoot; ButtonStart=Start; ButtonBack=Insert Coin
gekiridn,P1_BUTTON3,low,True,JOYCODE_1_BUTTON2,False,P1_JOYSTICK=Move; P1_BUTTON1=Shoot; P1_BUTTON2=Bomb; START=Start; COIN=Insert Coin,AxisLeftStick=Move; ButtonA=Bomb; ButtonDpad=Move; ButtonX=Shoot; ButtonStart=Start; ButtonBack=Insert Coin
gekiridn,P1_BUTTON4,low,True,JOYCODE_1_BUTTON4,False,P1_JOYSTICK=Move; P1_BUTTON1=Shoot; P1_BUTTON2=Bomb; START=Start; COIN=Insert Coin,AxisLeftStick=Move; ButtonA=Bomb; ButtonDpad=Move; ButtonX=Shoot; ButtonStart=Start; ButtonBack=Insert Coin
genix,P1_BUTTON3,low,True,JOYCODE_1_BUTTON2,False,P1_JOYSTICK=Move; P1_BUTTON1=Shoot; P1_BUTTON2=Jump; START=Start; COIN=Insert Coin,AxisLeftStick=Move; ButtonA=Jump; ButtonDpad=Move; ButtonX=Shoot; ButtonStart=Start; ButtonBack=Insert Coin
gghost,P1_BUTTON1,low,True,JOYCODE_1_BUTTON3,False,P1_TRACKBALL_X=Move; P1_TRACKBALL_Y=Move; P1_BUTTON2=Jump; START=Start; COIN=Insert Coin,AxisLeftStick=Move; ButtonA=Jump; ButtonDpad=Move; ButtonStart=Start; ButtonBack=Insert Coin
gground,P1_BUTTON3,low,True,JOYCODE_1_BUTTON2,False,P1_JOYSTICK=Move; P1_BUTTON1=Shot 1; P1_BUTTON2=Shot 2; START=Start; COIN=Insert Coin,AxisLeftStick=Move; ButtonA=Shot 2; ButtonDpad=Move; ButtonX=Shot 1; ButtonStart=Start; ButtonBack=Insert Coin
ghostlop,P1_BUTTON3,low,True,JOYCODE_1_BUTTON2,False,P1_JOYSTICK=Move; P1_BUTTON1=Throw Orange; P1_BUTTON2=Throw Blue; START=Start; COIN=Insert Coin,AxisLeftStick=Move; ButtonA=Throw Blue; ButtonDpad=Move; ButtonX=Throw Orange; ButtonStart=Start; ButtonBack=Insert Coin
ghostlop,P1_BUTTON4,low,True,JOYCODE_1_BUTTON4,False,P1_JOYSTICK=Move; P1_BUTTON1=Throw Orange; P1_BUTTON2=Throw Blue; START=Start; COIN=Insert Coin,AxisLeftStick=Move; ButtonA=Throw Blue; ButtonDpad=Move; ButtonX=Throw Orange; ButtonStart=Start; ButtonBack=Insert Coin
gigas,P1_BUTTON1,low,True,JOYCODE_1_BUTTON3,False,P1_DIAL=Move; P1_BUTTON2=Release Ball / Shoot; START=Start; COIN=Insert Coin,AxisLeftStick=Move; ButtonA=Release Ball / Shoot; ButtonDpad=Move; ButtonStart=Start; ButtonBack=Insert Coin
gigasm2,P1_BUTTON1,low,True,JOYCODE_1_BUTTON3,False,P1_DIAL=Move; P1_BUTTON2=Release Ball / Shoot; START=Start; COIN=Insert Coin,AxisLeftStick=Move; ButtonA=Release Ball / Shoot; ButtonDpad=Move; ButtonStart=Start; ButtonBack=Insert Coin
gijoe,P1_BUTTON3,low,True,JOYCODE_1_BUTTON2,False,P1_JOYSTICK=Move; P1_BUTTON1=Shoot; P1_BUTTON2=Bomb; START=Start; COIN=Insert Coin,AxisLeftStick=Move; ButtonA=Bomb; ButtonDpad=Move; ButtonX=Shoot; ButtonStart=Start; ButtonBack=Insert Coin
glfgreat,P1_BUTTON3,low,True,JOYCODE_1_BUTTON2,False,P1_JOYSTICK=Move; P1_BUTTON1=Draw / Fade; P1_BUTTON2=Shot; START=Start; COIN=Insert Coin,AxisLeftStick=Move; ButtonA=Shot; ButtonDpad=Move; ButtonX=Draw / Fade; ButtonStart=Start; ButtonBack=Insert Coin
glpracr,P1_BUTTON3,low,True,JOYCODE_1_BUTTON2,False,P1_JOYSTICK=Move; P1_BUTTON1=Whip; P1_BUTTON2=View; START=Start; COIN=Insert Coin,AxisLeftStick=Move; ButtonA=View; ButtonDpad=Move; ButtonX=Whip; ButtonStart=Start; ButtonBack=Insert Coin
glpracr2,P1_BUTTON3,low,True,JOYCODE_1_BUTTON2,False,P1_JOYSTICK=Move; P1_BUTTON1=Whip; P1_BUTTON2=View; START=Start; COIN=Insert Coin,AxisLeftStick=Move; ButtonA=View; ButtonDpad=Move; ButtonX=Whip; ButtonStart=Start; ButtonBack=Insert Coin
glpracr3,P1_BUTTON3,low,True,JOYCODE_1_BUTTON2,False,P1_JOYSTICK=Move; P1_BUTTON1=Whip; P1_BUTTON2=View; START=Start; COIN=Insert Coin,AxisLeftStick=Move; ButtonA=View; ButtonDpad=Move; ButtonX=Whip; ButtonStart=Start; ButtonBack=Insert Coin
gnbarich,P1_BUTTON2,low,True,JOYCODE_1_BUTTON1,False,P1_JOYSTICK=Move; P1_BUTTON1=Flipper; START=Start; COIN=Insert Coin,AxisLeftStick=Move; ButtonDpad=Move; ButtonX=Flipper; ButtonStart=Start; ButtonBack=Insert Coin
gnbarich,P1_BUTTON3,low,True,JOYCODE_1_BUTTON2,False,P1_JOYSTICK=Move; P1_BUTTON1=Flipper; START=Start; COIN=Insert Coin,AxisLeftStick=Move; ButtonDpad=Move; ButtonX=Flipper; ButtonStart=Start; ButtonBack=Insert Coin
goalx3,P1_BUTTON4,low,True,JOYCODE_1_BUTTON4,False,P1_JOYSTICK=Move; P1_BUTTON1=Heel Up; P1_BUTTON2=Pass / Tackle; P1_BUTTON3=Short Kick; START=Start; COIN=Insert Coin,AxisLeftStick=Move; ButtonA=Pass / Tackle; ButtonB=Short Kick; ButtonDpad=Move; ButtonRightShoulder=Heel Up; ButtonX=Shoot / Slide; ButtonStart=Start; ButtonBack=Insert Coin
gobyrc,P1_BUTTON1,low,True,JOYCODE_1_BUTTON3,False,P1_PADDLE=Steering; START=Start; COIN=Insert Coin,AxisLeftStick=Steering; AxisTriggerLeft=Brake; AxisTriggerRight=Accelerate; ButtonStart=Start; ButtonBack=Insert Coin
gobyrc,P1_BUTTON2,low,True,JOYCODE_1_BUTTON1,False,P1_PADDLE=Steering; START=Start; COIN=Insert Coin,AxisLeftStick=Steering; AxisTriggerLeft=Brake; AxisTriggerRight=Accelerate; ButtonStart=Start; ButtonBack=Insert Coin
gobyrc,P1_BUTTON3,low,True,JOYCODE_1_BUTTON2,False,P1_PADDLE=Steering; START=Start; COIN=Insert Coin,AxisLeftStick=Steering; AxisTriggerLeft=Brake; AxisTriggerRight=Accelerate; ButtonStart=Start; ButtonBack=Insert Coin
goindol,P1_BUTTON2,low,True,JOYCODE_1_BUTTON1,False,P1_JOYSTICK=Move; P1_DIAL=Move; P1_BUTTON1=Shoot,AxisLeftStick=Move; ButtonDpad=Move; ButtonX=Shoot; ButtonStart=Start; ButtonBack=Insert Coin
goldbug,P1_BUTTON1,low,True,JOYCODE_1_BUTTON1,False,P1_JOYSTICK=Move; START=Start; COIN=Insert Coin,AxisLeftStick=Move; ButtonDpad=Move; ButtonStart=Start; ButtonBack=Insert Coin
golgo13,P1_BUTTON3,low,True,JOYCODE_1_BUTTON2,False,P1_JOYSTICK_UP=Move Crosshair; P1_JOYSTICK_DOWN=Move Crosshair; P1_LIGHTGUN_X=Move Crosshair; P1_LIGHTGUN_Y=Move Crosshair; P1_BUTTON1=Shoot; P1_BUTTON2=(Hold) Scope; START=Start; COIN=Insert Coin,AxisLeftStick=Move Crosshair; ButtonDpadUp=Move Crosshair; ButtonDpadDown=Move Crosshair; AxisTriggerLeft=(Hold) Scope; AxisTriggerRight=Shoot; ButtonA=Shoot; ButtonX=(Hold) Scope; ButtonStart=Start; ButtonBack=Insert Coin
gp2quiz,P1_BUTTON2,low,True,JOYCODE_1_BUTTON1,False,P1_JOYSTICK=Move; P1_BUTTON1=Draw; START=Start; COIN=Insert Coin,AxisLeftStick=Move; ButtonDpad=Move; ButtonX=Draw; ButtonStart=Start; ButtonBack=Insert Coin
gp2quiz,P1_BUTTON3,low,True,JOYCODE_1_BUTTON2,False,P1_JOYSTICK=Move; P1_BUTTON1=Draw; START=Start; COIN=Insert Coin,AxisLeftStick=Move; ButtonDpad=Move; ButtonX=Draw; ButtonStart=Start; ButtonBack=Insert Coin
gp2se,P1_BUTTON2,low,True,JOYCODE_1_BUTTON1,False,P1_JOYSTICK=Move; P1_BUTTON1=Draw; START=Start; COIN=Insert Coin,AxisLeftStick=Move; ButtonDpad=Move; ButtonX=Draw; ButtonStart=Start; ButtonBack=Insert Coin
gp2se,P1_BUTTON3,low,True,JOYCODE_1_BUTTON2,False,P1_JOYSTICK=Move; P1_BUTTON1=Draw; START=Start; COIN=Insert Coin,AxisLeftStick=Move; ButtonDpad=Move; ButtonX=Draw; ButtonStart=Start; ButtonBack=Insert Coin
gpilots,P1_BUTTON3,low,True,JOYCODE_1_BUTTON2,False,P1_JOYSTICK=Move; P1_BUTTON1=Shoot; P1_BUTTON2=Bomb; START=Start; COIN=Insert Coin,AxisLeftStick=Move; ButtonA=Bomb; ButtonDpad=Move; ButtonX=Shoot; ButtonStart=Start; ButtonBack=Insert Coin
gpilots,P1_BUTTON4,low,True,JOYCODE_1_BUTTON4,False,P1_JOYSTICK=Move; P1_BUTTON1=Shoot; P1_BUTTON2=Bomb; START=Start; COIN=Insert Coin,AxisLeftStick=Move; ButtonA=Bomb; ButtonDpad=Move; ButtonX=Shoot; ButtonStart=Start; ButtonBack=Insert Coin
grainbow,P1_BUTTON3,low,True,JOYCODE_1_BUTTON2,False,P1_JOYSTICK=Move; P1_BUTTON1=Attack; P1_BUTTON2=Jump; START=Start; COIN=Insert Coin,AxisLeftStick=Move; ButtonA=Jump; ButtonDpad=Move; ButtonX=Attack; ButtonStart=Start; ButtonBack=Insert Coin
grasspin,P1_BUTTON2,low,True,JOYCODE_1_BUTTON1,False,P1_JOYSTICK=Move; P1_BUTTON1=Flip; START=Start; COIN=Insert Coin,AxisLeftStick=Move; ButtonDpad=Move; ButtonX=Flip; ButtonStart=Start; ButtonBack=Insert Coin
gratia,P1_BUTTON4,low,True,JOYCODE_1_BUTTON4,False,P1_JOYSTICK=Move; P1_BUTTON1=Shoot; P1_BUTTON2=Ground Attack; P1_BUTTON3=Bomb; START=Start; COIN=Insert Coin,AxisLeftStick=Move; ButtonA=Ground Attack; ButtonB=Bomb; ButtonDpad=Move; ButtonX=Shoot; ButtonStart=Start; ButtonBack=Insert Coin
gratia,P1_BUTTON5,low,True,JOYCODE_1_BUTTON6,False,P1_JOYSTICK=Move; P1_BUTTON1=Shoot; P1_BUTTON2=Ground Attack; P1_BUTTON3=Bomb; START=Start; COIN=Insert Coin,AxisLeftStick=Move; ButtonA=Ground Attack; ButtonB=Bomb; ButtonDpad=Move; ButtonX=Shoot; ButtonStart=Start; ButtonBack=Insert Coin
grndtour,P1_BUTTON3,low,True,JOYCODE_1_BUTTON2,False,P1_JOYSTICK=Move; P1_BUTTON1=Rotate; P1_BUTTON2=Change Block; START=Start; COIN=Insert Coin,AxisLeftStick=Move; ButtonA=Change Block; ButtonDpad=Move; ButtonX=Rotate; ButtonStart=Start; ButtonBack=Insert Coin
grndtour,P1_BUTTON4,low,True,JOYCODE_1_BUTTON4,False,P1_JOYSTICK=Move; P1_BUTTON1=Rotate; P1_BUTTON2=Change Block; START=Start; COIN=Insert Coin,AxisLeftStick=Move; ButtonA=Change Block; ButtonDpad=Move; ButtonX=Rotate; ButtonStart=Start; ButtonBack=Insert Coin
growl,P1_BUTTON3,low,True,JOYCODE_1_BUTTON2,False,P1_JOYSTICK=Move; P1_BUTTON1=Attack; P1_BUTTON2=Jump; START=Start; COIN=Insert Coin,AxisLeftStick=Move; ButtonA=Jump; ButtonDpad=Move; ButtonX=Attack; ButtonStart=Start; ButtonBack=Insert Coin
gstream,P1_BUTTON3,low,True,JOYCODE_1_BUTTON2,False,P1_JOYSTICK=Move; P1_BUTTON1=Shoot; P1_BUTTON2=Bomb; START=Start; COIN=Insert Coin,AxisLeftStick=Move; ButtonA=Bomb; ButtonDpad=Move; ButtonX=Shoot; ButtonStart=Start; ButtonBack=Insert Coin
gstream,P1_BUTTON4,low,True,JOYCODE_1_BUTTON4,False,P1_JOYSTICK=Move; P1_BUTTON1=Shoot; P1_BUTTON2=Bomb; START=Start; COIN=Insert Coin,AxisLeftStick=Move; ButtonA=Bomb; ButtonDpad=Move; ButtonX=Shoot; ButtonStart=Start; ButtonBack=Insert Coin
gstriker,P1_BUTTON4,low,True,JOYCODE_1_BUTTON4,False,P1_JOYSTICK=Move; P1_BUTTON1=Shoot / Long Pass / Tackle; P1_BUTTON2=Shoot / Short Pass / Slide; P1_BUTTON3=High Ball; START=Start; COIN=Insert Coin,AxisLeftStick=Move; ButtonA=Shoot / Short Pass / Slide; ButtonB=High Ball; ButtonDpad=Move; ButtonX=Shoot / Long Pass / Tackle; ButtonStart=Start; ButtonBack=Insert Coin
gunbird,P1_BUTTON3,low,True,JOYCODE_1_BUTTON2,False,P1_JOYSTICK=Move; P1_BUTTON1=Shoot; P1_BUTTON2=Bomb; START=Start; COIN=Insert Coin,AxisLeftStick=Move; ButtonA=Bomb; ButtonDpad=Move; ButtonX=Shoot; ButtonStart=Start; ButtonBack=Insert Coin
gunbustr,P1_BUTTON1,low,True,JOYCODE_1_BUTTON3 OR MOUSECODE_1_BUTTON1 OR JOYCODE_1_SLIDER2_NEG_SWITCH,False,P1_JOYSTICK=Move; P1_LIGHTGUN_X=Move Crosshair; P1_LIGHTGUN_Y=Move Crosshair; START=Start; COIN=Insert Coin,AxisLeftStick=Move Crosshair; AxisRightStick=Move; ButtonDpad=Move; ButtonLeftShoulder=Alt Fire; ButtonRightShoulder=Shoot; ButtonStart=Start; ButtonBack=Insert Coin
gunbustr,P1_BUTTON2,low,True,JOYCODE_1_BUTTON1 OR MOUSECODE_1_BUTTON2 OR JOYCODE_1_SLIDER1_NEG_SWITCH,False,P1_JOYSTICK=Move; P1_LIGHTGUN_X=Move Crosshair; P1_LIGHTGUN_Y=Move Crosshair; START=Start; COIN=Insert Coin,AxisLeftStick=Move Crosshair; AxisRightStick=Move; ButtonDpad=Move; ButtonLeftShoulder=Alt Fire; ButtonRightShoulder=Shoot; ButtonStart=Start; ButtonBack=Insert Coin
gundl94,P1_BUTTON2,low,True,JOYCODE_1_BUTTON1,False,P1_JOYSTICK=Move; P1_BUTTON1=Rotate; START=Start; COIN=Insert Coin,AxisLeftStick=Move; ButtonDpad=Move; ButtonX=Rotate; ButtonStart=Start; ButtonBack=Insert Coin
gunlock,P1_BUTTON3,low,True,JOYCODE_1_BUTTON2,False,P1_JOYSTICK=Move; P1_BUTTON1=Shoot; P1_BUTTON2=Shoot Lock-On; START=Start; COIN=Insert Coin,AxisLeftStick=Move; ButtonA=Shoot Lock-On; ButtonDpad=Move; ButtonX=Shoot; ButtonStart=Start; ButtonBack=Insert Coin
gunlock,P1_BUTTON4,low,True,JOYCODE_1_BUTTON4,False,P1_JOYSTICK=Move; P1_BUTTON1=Shoot; P1_BUTTON2=Shoot Lock-On; START=Start; COIN=Insert Coin,AxisLeftStick=Move; ButtonA=Shoot Lock-On; ButtonDpad=Move; ButtonX=Shoot; ButtonStart=Start; ButtonBack=Insert Coin
gunmast,P1_BUTTON3,low,True,JOYCODE_1_BUTTON2,False,P1_JOYSTICK=Move; P1_BUTTON1=Attack / Shoot; P1_BUTTON2=Jump; START=Start; COIN=Insert Coin,AxisLeftStick=Move; ButtonA=Jump; ButtonDpad=Move; ButtonX=Attack / Shoot; ButtonStart=Start; ButtonBack=Insert Coin
gunpey,P1_BUTTON3,low,True,JOYCODE_1_BUTTON2,False,P1_JOYSTICK=Move; P1_BUTTON1=Rotate; P1_BUTTON2=More Blocks; START=Start; COIN=Insert Coin,AxisLeftStick=Move; ButtonA=More Blocks; ButtonDpad=Move; ButtonX=Rotate; ButtonStart=Start; ButtonBack=Insert Coin
gururin,P1_BUTTON3,low,True,JOYCODE_1_BUTTON2,False,P1_JOYSTICK=Move; P1_BUTTON1=Turn Left; P1_BUTTON2=Turn Right; START=Start; COIN=Insert Coin,AxisLeftStick=Move; ButtonA=Turn Right; ButtonDpad=Move; ButtonX=Turn Left; ButtonStart=Start; ButtonBack=Insert Coin
gururin,P1_BUTTON4,low,True,JOYCODE_1_BUTTON4,False,P1_JOYSTICK=Move; P1_BUTTON1=Turn Left; P1_BUTTON2=Turn Right; START=Start; COIN=Insert Coin,AxisLeftStick=Move; ButtonA=Turn Right; ButtonDpad=Move; ButtonX=Turn Left; ButtonStart=Start; ButtonBack=Insert Coin
guts,P1_BUTTON3,low,True,JOYCODE_1_BUTTON2,False,P1_AD_STICK_X=Move; P1_AD_STICK_Y=Move; P1_BUTTON1=Shoot; P1_BUTTON2=Homing Missile; COIN=Insert Coin,AxisLeftStick=Move; ButtonA=Homing Missile; ButtonDpad=Move; ButtonX=Shoot; ButtonStart=Start; ButtonBack=Insert Coin
hamboy,P1_BUTTON2,low,True,JOYCODE_1_BUTTON1,False,P1_JOYSTICK=Move; P1_BUTTON1=Hammer; START=Start; COIN=Insert Coin,AxisLeftStick=Move; ButtonDpad=Move; ButtonX=Hammer; ButtonStart=Start; ButtonBack=Insert Coin
hamboy,P1_BUTTON3,low,True,JOYCODE_1_BUTTON2,False,P1_JOYSTICK=Move; P1_BUTTON1=Hammer; START=Start; COIN=Insert Coin,AxisLeftStick=Move; ButtonDpad=Move; ButtonX=Hammer; ButtonStart=Start; ButtonBack=Insert Coin
hanagumi,P1_BUTTON1,low,True,JOYCODE_1_BUTTON3,False,P1_JOYSTICK=Move; P1_BUTTON2=Spin Piece; START=Start; COIN=Insert Coin,AxisLeftStick=Move; ButtonA=Spin Piece; ButtonDpad=Move; ButtonStart=Start; ButtonBack=Insert Coin
hanagumi,P1_BUTTON3,low,True,JOYCODE_1_BUTTON2,False,P1_JOYSTICK=Move; P1_BUTTON2=Spin Piece; START=Start; COIN=Insert Coin,AxisLeftStick=Move; ButtonA=Spin Piece; ButtonDpad=Move; ButtonStart=Start; ButtonBack=Insert Coin
hanagumi,P1_BUTTON4,low,True,JOYCODE_1_BUTTON4,False,P1_JOYSTICK=Move; P1_BUTTON2=Spin Piece; START=Start; COIN=Insert Coin,AxisLeftStick=Move; ButtonA=Spin Piece; ButtonDpad=Move; ButtonStart=Start; ButtonBack=Insert Coin
hangplt,P1_BUTTON1,low,True,JOYCODE_1_BUTTON3,False,P1_JOYSTICK_LEFT=Menu Left; P1_JOYSTICK_RIGHT=Menu Right; P1_AD_STICK_X=Move; P1_AD_STICK_Y=Move; START=Start / View; COIN=Insert Coin,AxisLeftStick=Move; ButtonDpadLeft=Menu Left; ButtonDpadRight=Menu Right; ButtonStart=Start / View; ButtonBack=Insert Coin
hangplt,P1_BUTTON2,low,True,JOYCODE_1_BUTTON1,False,P1_JOYSTICK_LEFT=Menu Left; P1_JOYSTICK_RIGHT=Menu Right; P1_AD_STICK_X=Move; P1_AD_STICK_Y=Move; START=Start / View; COIN=Insert Coin,AxisLeftStick=Move; ButtonDpadLeft=Menu Left; ButtonDpadRight=Menu Right; ButtonStart=Start / View; ButtonBack=Insert Coin
hapytour,P1_BUTTON2,low,True,JOYCODE_1_BUTTON1,False,P1_JOYSTICK=Move; P1_BUTTON1=Draw; START=Start; COIN=Insert Coin,AxisLeftStick=Move; ButtonDpad=Move; ButtonX=Draw; ButtonStart=Start; ButtonBack=Insert Coin
harddunk,P1_BUTTON4,low,True,JOYCODE_1_BUTTON4,False,P1_JOYSTICK=Move; P1_BUTTON1=Turbo; P1_BUTTON2=Shoot; P1_BUTTON3=Pass; START=Start; COIN=Insert Coin,AxisLeftStick=Move; ButtonA=Shoot; ButtonB=Turbo; ButtonDpad=Move; ButtonX=Pass; ButtonStart=Start; ButtonBack=Insert Coin
harddunkj,P1_BUTTON4,low,True,JOYCODE_1_BUTTON4,False,P1_JOYSTICK=Move; P1_BUTTON1=Turbo; P1_BUTTON2=Shoot; P1_BUTTON3=Pass; START=Start; COIN=Insert Coin,AxisLeftStick=Move; ButtonA=Shoot; ButtonB=Turbo; ButtonDpad=Move; ButtonX=Pass; ButtonStart=Start; ButtonBack=Insert Coin
hardhat,P1_BUTTON1,low,True,JOYCODE_1_BUTTON1,False,P1_JOYSTICK=Move; START=Start; COIN=Insert Coin,AxisLeftStick=Move; ButtonDpad=Move; ButtonStart=Start; ButtonBack=Insert Coin
haremchl,P1_BUTTON3,low,True,JOYCODE_1_BUTTON2,False,P1_JOYSTICK=Move; P1_BUTTON1=Draw; P1_BUTTON2=Reset; COIN=Insert Coin,AxisLeftStick=Move; ButtonA=Reset; ButtonDpad=Move; ButtonX=Draw; ButtonStart=Start; ButtonBack=Insert Coin
hatris,P1_BUTTON3,low,True,JOYCODE_1_BUTTON2,False,P1_JOYSTICK=Move; P1_BUTTON1=Rotate; P1_BUTTON2=Sale; START=Start; COIN=Insert Coin,AxisLeftStick=Move; ButtonA=Sale; ButtonDpad=Move; ButtonX=Rotate; ButtonStart=Start; ButtonBack=Insert Coin
hcrash,P1_BUTTON1,low,True,JOYCODE_1_BUTTON3,False,P1_PEDAL=Accelerate; P1_PADDLE=Steering; P1_BUTTON2=Brake; P1_BUTTON3=Flip Car; START=Start; COIN=Insert Coin,AxisLeftStick=Steering; AxisTriggerLeft=Brake; AxisTriggerRight=Accelerate; ButtonA=Flip Car; ButtonStart=Start; ButtonBack=Insert Coin
hellngt,P1_BUTTON2,low,True,JOYCODE_1_BUTTON1 OR MOUSECODE_1_BUTTON2,False,P1_LIGHTGUN_X=Move Crosshair; P1_LIGHTGUN_Y=Move Crosshair; P1_BUTTON1=Shoot; START=Start,AxisLeftStick=Move Crosshair; ButtonDpad=Move; ButtonX=Shoot; ButtonStart=Start; ButtonBack=Insert Coin
hero,P1_BUTTON1,low,True,JOYCODE_1_BUTTON1,False,P1_JOYSTICK=Move; START=Start; COIN=Insert Coin,AxisLeftStick=Move; ButtonDpad=Move; ButtonStart=Start; ButtonBack=Insert Coin
hharry,P1_BUTTON3,low,True,JOYCODE_1_BUTTON2,False,P1_JOYSTICK=Move; P1_BUTTON1=Attack; P1_BUTTON2=Jump; START=Start; COIN=Insert Coin,AxisLeftStick=Move; ButtonA=Jump; ButtonDpad=Move; ButtonX=Attack; ButtonStart=Start; ButtonBack=Insert Coin
hharry,P1_BUTTON4,low,True,JOYCODE_1_BUTTON4,False,P1_JOYSTICK=Move; P1_BUTTON1=Attack; P1_BUTTON2=Jump; START=Start; COIN=Insert Coin,AxisLeftStick=Move; ButtonA=Jump; ButtonDpad=Move; ButtonX=Attack; ButtonStart=Start; ButtonBack=Insert Coin
hidctch3,P1_BUTTON1,low,True,JOYCODE_1_BUTTON1 OR MOUSECODE_1_BUTTON1,False,P1_LIGHTGUN_X=Move; P1_LIGHTGUN_Y=Move; START=Start; COIN=Insert Coin,AxisLeftStick=Move; ButtonX=Select; ButtonStart=Start; ButtonBack=Insert Coin
hitice,P1_BUTTON3,low,True,JOYCODE_1_BUTTON2,False,P1_JOYSTICK=Move; P1_BUTTON1=Shoot / Check; P1_BUTTON2=Pass / Save; START=Start; COIN=Insert Coin,AxisLeftStick=Move; ButtonA=Pass / Save; ButtonDpad=Move; ButtonX=Shoot / Check; ButtonStart=Start; ButtonBack=Insert Coin
honeydol,P1_BUTTON2,low,True,JOYCODE_1_BUTTON1,False,P1_JOYSTICK=Move; P1_BUTTON1=Hit Block; START=Start; COIN=Insert Coin,AxisLeftStick=Move; ButtonDpad=Move; ButtonX=Hit Block; ButtonStart=Start; ButtonBack=Insert Coin
honeydol,P1_BUTTON3,low,True,JOYCODE_1_BUTTON2,False,P1_JOYSTICK=Move; P1_BUTTON1=Hit Block; START=Start; COIN=Insert Coin,AxisLeftStick=Move; ButtonDpad=Move; ButtonX=Hit Block; ButtonStart=Start; ButtonBack=Insert Coin
hoops95,P1_BUTTON3,low,True,JOYCODE_1_BUTTON2,False,P1_JOYSTICK=Move; P1_BUTTON1=Shoot / Jump; P1_BUTTON2=Pass / Steal; START=Start; COIN=Insert Coin,AxisLeftStick=Move; ButtonA=Pass / Steal; ButtonDpad=Move; ButtonX=Shoot / Jump; ButtonStart=Start; ButtonBack=Insert Coin
hoops95,P1_BUTTON4,low,True,JOYCODE_1_BUTTON4,False,P1_JOYSTICK=Move; P1_BUTTON1=Shoot / Jump; P1_BUTTON2=Pass / Steal; START=Start; COIN=Insert Coin,AxisLeftStick=Move; ButtonA=Pass / Steal; ButtonDpad=Move; ButtonX=Shoot / Jump; ButtonStart=Start; ButtonBack=Insert Coin
hoops96,P1_BUTTON3,low,True,JOYCODE_1_BUTTON2,False,P1_JOYSTICK=Move; P1_BUTTON1=Shoot / Jump; P1_BUTTON2=Pass / Steal; START=Start; COIN=Insert Coin,AxisLeftStick=Move; ButtonA=Pass / Steal; ButtonDpad=Move; ButtonX=Shoot / Jump; ButtonStart=Start; ButtonBack=Insert Coin
hoops96,P1_BUTTON4,low,True,JOYCODE_1_BUTTON4,False,P1_JOYSTICK=Move; P1_BUTTON1=Shoot / Jump; P1_BUTTON2=Pass / Steal; START=Start; COIN=Insert Coin,AxisLeftStick=Move; ButtonA=Pass / Steal; ButtonDpad=Move; ButtonX=Shoot / Jump; ButtonStart=Start; ButtonBack=Insert Coin
horekid,P1_BUTTON2,low,True,JOYCODE_1_BUTTON1,False,P1_JOYSTICK=Move; P1_BUTTON1=Dig / Fill Hole; START=Start; COIN=Insert Coin,AxisLeftStick=Move; ButtonDpad=Move; ButtonX=Dig / Fill Hole; ButtonStart=Start; ButtonBack=Insert Coin
horizon,P1_BUTTON2,low,True,JOYCODE_1_BUTTON1,False,P1_JOYSTICK=Move; P1_BUTTON1=Shoot; START=Start; COIN=Insert Coin,AxisLeftStick=Move; ButtonDpad=Move; ButtonX=Shoot; ButtonStart=Start; ButtonBack=Insert Coin
hotblock,P1_BUTTON2,low,True,JOYCODE_1_BUTTON1,False,P1_JOYSTICK=Move; P1_BUTTON1=Rotate; START=Start; COIN=Insert Coin,AxisLeftStick=Move; ButtonDpad=Move; ButtonX=Rotate; ButtonStart=Start; ButtonBack=Insert Coin
hotbubl,P1_BUTTON2,low,True,JOYCODE_1_BUTTON1,False,P1_JOYSTICK=Move; P1_BUTTON1=Shoot; START=Start; COIN=Insert Coin,AxisLeftStick=Move; ButtonDpad=Move; ButtonX=Shoot; ButtonStart=Start; ButtonBack=Insert Coin
hotdogst,P1_BUTTON3,low,True,JOYCODE_1_BUTTON2,False,P1_JOYSTICK=Move; P1_BUTTON1=Shoot; P1_BUTTON2=Bomb; START=Start; COIN=Insert Coin,AxisLeftStick=Move; ButtonA=Bomb; ButtonDpad=Move; ButtonX=Shoot; ButtonStart=Start; ButtonBack=Insert Coin
hotnight,P1_BUTTON2,low,True,JOYCODE_1_BUTTON1,False,P1_JOYSTICK=Move; P1_BUTTON1=Draw; START=Start; COIN=Insert Coin,AxisLeftStick=Move; ButtonDpad=Move; ButtonX=Draw; ButtonStart=Start; ButtonBack=Insert Coin
hrclass,P1_BUTTON1,low,True,JOYCODE_1_BUTTON1,False,COIN=Insert Coin,ButtonB=Button; ButtonStart=Start; ButtonBack=Insert Coin
hthero93u,P1_BUTTON4,low,True,JOYCODE_1_BUTTON4,False,P1_JOYSTICK=Move; P1_BUTTON1=Shoot / Slide; P1_BUTTON2=Pass / Rough Play; P1_BUTTON3=Special; START=Start; COIN=Insert Coin,AxisLeftStick=Move; ButtonA=Pass / Rough Play; ButtonB=Special; ButtonDpad=Move; ButtonX=Shoot / Slide; ButtonStart=Start; ButtonBack=Insert Coin
hthero94,P1_BUTTON4,low,True,JOYCODE_1_BUTTON4,False,P1_JOYSTICK=Move; P1_BUTTON1=Shoot / Slide; P1_BUTTON2=Pass / Rough Play; P1_BUTTON3=(Tap) Dash; START=Start; COIN=Insert Coin,AxisLeftStick=Move; ButtonA=Pass / Rough Play; ButtonB=(Tap) Dash; ButtonDpad=Move; ButtonX=Shoot / Slide; ButtonStart=Start; ButtonBack=Insert Coin
hthero95u,P1_BUTTON4,low,True,JOYCODE_1_BUTTON4,False,P1_JOYSTICK=Move; P1_BUTTON1=Shoot / Slide; P1_BUTTON2=Pass / Rough Play; P1_BUTTON3=Special; START=Start; COIN=Insert Coin,AxisLeftStick=Move; ButtonA=Pass / Rough Play; ButtonB=Special; ButtonDpad=Move; ButtonX=Shoot / Slide; ButtonStart=Start; ButtonBack=Insert Coin
hyperpac,P1_BUTTON3,low,True,JOYCODE_1_BUTTON2,False,P1_JOYSTICK=Move; P1_BUTTON1=Jump; P1_BUTTON2=Shoot; START=Start; COIN=Insert Coin,AxisLeftStick=Move; ButtonA=Shoot; ButtonDpad=Move; ButtonX=Jump; ButtonStart=Start; ButtonBack=Insert Coin
ibara,P1_BUTTON3,low,True,JOYCODE_1_BUTTON2,False,P1_JOYSTICK=Move; P1_BUTTON1=Shoot; P1_BUTTON2=Bomb; START=Start; COIN=Insert Coin,AxisLeftStick=Move; ButtonA=Bomb; ButtonDpad=Move; ButtonX=Shoot; ButtonStart=Start; ButtonBack=Insert Coin
ibara,P1_BUTTON4,low,True,JOYCODE_1_BUTTON4,False,P1_JOYSTICK=Move; P1_BUTTON1=Shoot; P1_BUTTON2=Bomb; START=Start; COIN=Insert Coin,AxisLeftStick=Move; ButtonA=Bomb; ButtonDpad=Move; ButtonX=Shoot; ButtonStart=Start; ButtonBack=Insert Coin
ibarablk,P1_BUTTON4,low,True,JOYCODE_1_BUTTON4,False,P1_JOYSTICK=Move; P1_BUTTON1=Shoot; P1_BUTTON2=Bomb; P1_BUTTON3=Auto Fire; START=Start; COIN=Insert Coin,AxisLeftStick=Move; ButtonA=Bomb; ButtonB=Auto Fire; ButtonDpad=Move; ButtonX=Shoot; ButtonStart=Start; ButtonBack=Insert Coin
idsoccer,P1_BUTTON1,low,True,JOYCODE_1_SLIDER2_NEG_SWITCH,False,P1_JOYSTICKLEFT=Move Team Mate 1; P1_JOYSTICKRIGHT=Move Team Mate 2; START=Start; COIN=Insert Coin,AxisLeftStick=Move Team Mate 1; AxisRightStick=Move Team Mate 2; ButtonLeftShoulder=Shoot / Pass / Tackle 1; ButtonRightShoulder=Shoot / Pass / Tackle 2; ButtonStart=Start; ButtonBack=Insert Coin
idsoccer,P1_BUTTON2,low,True,JOYCODE_1_SLIDER1_NEG_SWITCH,False,P1_JOYSTICKLEFT=Move Team Mate 1; P1_JOYSTICKRIGHT=Move Team Mate 2; START=Start; COIN=Insert Coin,AxisLeftStick=Move Team Mate 1; AxisRightStick=Move Team Mate 2; ButtonLeftShoulder=Shoot / Pass / Tackle 1; ButtonRightShoulder=Shoot / Pass / Tackle 2; ButtonStart=Start; ButtonBack=Insert Coin
imgfight,P1_BUTTON3,low,True,JOYCODE_1_BUTTON2,False,P1_JOYSTICK=Move; P1_BUTTON1=Shoot; P1_BUTTON2=Change Speed; START=Start; COIN=Insert Coin,AxisLeftStick=Move; ButtonA=Change Speed; ButtonDpad=Move; ButtonX=Shoot; ButtonStart=Start; ButtonBack=Insert Coin
imgfight,P1_BUTTON4,low,True,JOYCODE_1_BUTTON4,False,P1_JOYSTICK=Move; P1_BUTTON1=Shoot; P1_BUTTON2=Change Speed; START=Start; COIN=Insert Coin,AxisLeftStick=Move; ButtonA=Change Speed; ButtonDpad=Move; ButtonX=Shoot; ButtonStart=Start; ButtonBack=Insert Coin
imolagp,P1_BUTTON2,low,True,JOYCODE_1_SLIDER1_NEG_SWITCH,False,P1_PADDLE=Steering; P1_BUTTON1=Accelerate; COIN=Insert Coin,AxisLeftStick=Steering; AxisTriggerRight=Accelerate; ButtonLeftShoulder=Brake; ButtonStart=Start; ButtonBack=Insert Coin
imolagp,P1_BUTTON3,low,True,JOYCODE_1_BUTTON3,False,P1_PADDLE=Steering; P1_BUTTON1=Accelerate; COIN=Insert Coin,AxisLeftStick=Steering; AxisTriggerRight=Accelerate; ButtonLeftShoulder=Brake; ButtonStart=Start; ButtonBack=Insert Coin
indytemp,P1_BUTTON1,low,True,JOYCODE_1_BUTTON3,False,P1_JOYSTICK=Move; COIN=Insert Coin,AxisLeftStick=Move; ButtonA=Whip; ButtonDpad=Move; ButtonStart=Start; ButtonBack=Insert Coin
intcup94,P1_BUTTON4,low,True,JOYCODE_1_BUTTON4,False,P1_JOYSTICK=Move; P1_BUTTON1=Shoot / Slide; P1_BUTTON2=Pass / Rough Play; P1_BUTTON3=(Tap) Dash; START=Start; COIN=Insert Coin,AxisLeftStick=Move; ButtonA=Pass / Rough Play; ButtonB=(Tap) Dash; ButtonDpad=Move; ButtonX=Shoot / Slide; ButtonStart=Start; ButtonBack=Insert Coin
invasnab,P1_BUTTON1,low,True,JOYCODE_1_BUTTON1 OR JOYCODE_1_SLIDER2_NEG_SWITCH OR MOUSECODE_1_BUTTON1,False,P1_LIGHTGUN_X=Move Crosshair; P1_LIGHTGUN_Y=Move Crosshair; START=Start; COIN=Insert Coin,AxisLeftStick=Move Crosshair; ButtonRightShoulder=Shoot; ButtonX=Shoot; ButtonStart=Start; ButtonBack=Insert Coin
iqblock,P1_BUTTON3,low,True,JOYCODE_1_BUTTON2,False,P1_JOYSTICK=Move; P1_BUTTON1=Rotate; P1_BUTTON2=Change Block; START=Start; COIN=Insert Coin,AxisLeftStick=Move; ButtonA=Change Block; ButtonDpad=Move; ButtonX=Rotate; ButtonStart=Start; ButtonBack=Insert Coin
iqblock,P1_BUTTON4,low,True,JOYCODE_1_BUTTON4,False,P1_JOYSTICK=Move; P1_BUTTON1=Rotate; P1_BUTTON2=Change Block; START=Start; COIN=Insert Coin,AxisLeftStick=Move; ButtonA=Change Block; ButtonDpad=Move; ButtonX=Rotate; ButtonStart=Start; ButtonBack=Insert Coin
irobot,P1_BUTTON1,low,True,JOYCODE_1_BUTTON3,False,P1_AD_STICK_X=Move; P1_AD_STICK_Y=Move; P1_BUTTON2=Shoot; START=Start; COIN=Insert Coin,AxisLeftStick=Move; ButtonA=Shoot; ButtonStart=Start; ButtonBack=Insert Coin
ironclad,P1_BUTTON4,low,True,JOYCODE_1_BUTTON4,False,P1_JOYSTICK=Move; P1_BUTTON1=Shoot / (Hold) Charge; P1_BUTTON2=Release/Retrieve Robot; P1_BUTTON3=Bomb; START=Start; COIN=Insert Coin,AxisLeftStick=Move; ButtonA=Release/Retrieve Robot; ButtonB=Bomb; ButtonDpad=Move; ButtonX=Shoot / (Hold) Charge; ButtonStart=Start; ButtonBack=Insert Coin
ironfort,P1_BUTTON2,low,True,JOYCODE_1_BUTTON1,False,P1_JOYSTICK=Move; P1_BUTTON1=Shoot; START=Start; COIN=Insert Coin,AxisLeftStick=Move; ButtonDpad=Move; ButtonX=Shoot; ButtonStart=Start; ButtonBack=Insert Coin
irrmaze,P1_BUTTON2,low,True,JOYCODE_1_BUTTON1,False,P1_TRACKBALL_X=Move; P1_TRACKBALL_Y=Move; P1_BUTTON1=(Hold) Free Look; START=Start; COIN=Insert Coin,AxisLeftStick=Move; ButtonDpad=Move; ButtonX=(Hold) Free Look; ButtonStart=Start; ButtonBack=Insert Coin
jedi,P1_BUTTON1,low,True,JOYCODE_1_BUTTON3,False,P1_AD_STICK_X=Move; P1_AD_STICK_Y=Move; P1_BUTTON2=Shoot; COIN=Insert Coin,AxisLeftStick=Move; ButtonA=Shoot; ButtonDpad=Move; ButtonStart=Start; ButtonBack=Insert Coin
jedi,P1_BUTTON3,low,True,JOYCODE_1_BUTTON2,False,P1_AD_STICK_X=Move; P1_AD_STICK_Y=Move; P1_BUTTON2=Shoot; COIN=Insert Coin,AxisLeftStick=Move; ButtonA=Shoot; ButtonDpad=Move; ButtonStart=Start; ButtonBack=Insert Coin
jetwave,P1_BUTTON7,low,True,JOYCODE_1_BUTTON5,False,P1_JOYSTICK_LEFT=Turn Harder; P1_JOYSTICK_RIGHT=Turn Harder; P1_PADDLE=Turn; P1_BUTTON6=Accelerate; START=Start / View; COIN=Insert Coin,AxisLeftStick=Turn; AxisRightStick=Turn Harder; ButtonRightShoulder=Accelerate; ButtonStart=Start / View; ButtonBack=Insert Coin
jjack,P1_BUTTON1,low,True,JOYCODE_1_BUTTON3,False,P1_JOYSTICK=Move; P1_BUTTON2=Jump; START=Start; COIN=Insert Coin,AxisLeftStick=Move; ButtonA=Jump; ButtonDpad=Move; ButtonStart=Start; ButtonBack=Insert Coin
jjsquawk,P1_BUTTON3,low,True,JOYCODE_1_BUTTON2,False,P1_JOYSTICK=Move; P1_BUTTON1=Attack; P1_BUTTON2=Jump; START=Start; COIN=Insert Coin,AxisLeftStick=Move; ButtonA=Jump; ButtonDpad=Move; ButtonX=Attack; ButtonStart=Start; ButtonBack=Insert Coin
jmpbreak,P1_BUTTON3,low,True,JOYCODE_1_BUTTON2,False,P1_JOYSTICK=Move; P1_BUTTON1=Shoot; P1_BUTTON2=Jump; START=Start; COIN=Insert Coin,AxisLeftStick=Move; ButtonA=Jump; ButtonDpad=Move; ButtonX=Shoot; ButtonStart=Start; ButtonBack=Insert Coin
jmpbreak,P1_BUTTON4,low,True,JOYCODE_1_BUTTON4,False,P1_JOYSTICK=Move; P1_BUTTON1=Shoot; P1_BUTTON2=Jump; START=Start; COIN=Insert Coin,AxisLeftStick=Move; ButtonA=Jump; ButtonDpad=Move; ButtonX=Shoot; ButtonStart=Start; ButtonBack=Insert Coin
jockeygp,P1_BUTTON2,low,True,JOYCODE_1_BUTTON1,False,P1_JOYSTICK=Move; P1_BUTTON1=Button; START=Start; COIN=Insert Coin,AxisLeftStick=Move; ButtonDpad=Move; ButtonX=Button; ButtonStart=Start; ButtonBack=Insert Coin
jockeygp,P1_BUTTON3,low,True,JOYCODE_1_BUTTON2,False,P1_JOYSTICK=Move; P1_BUTTON1=Button; START=Start; COIN=Insert Coin,AxisLeftStick=Move; ButtonDpad=Move; ButtonX=Button; ButtonStart=Start; ButtonBack=Insert Coin
jockeygp,P1_BUTTON4,low,True,JOYCODE_1_BUTTON4,False,P1_JOYSTICK=Move; P1_BUTTON1=Button; START=Start; COIN=Insert Coin,AxisLeftStick=Move; ButtonDpad=Move; ButtonX=Button; ButtonStart=Start; ButtonBack=Insert Coin
joemacr,P1_BUTTON3,low,True,JOYCODE_1_BUTTON2,False,P1_JOYSTICK=Move; P1_BUTTON1=Attack / Throw; P1_BUTTON2=Jump; START=Start; COIN=Insert Coin,AxisLeftStick=Move; ButtonA=Jump; ButtonDpad=Move; ButtonX=Attack / Throw; ButtonStart=Start; ButtonBack=Insert Coin
jongbou,P1_BUTTON1,low,True,JOYCODE_1_BUTTON1,False,P1_DIAL=Move; START=Start; COIN=Insert Coin,AxisLeftStick=Move; ButtonX=Button; ButtonStart=Start; ButtonBack=Insert Coin
jongbou2,P1_BUTTON1,low,True,JOYCODE_1_BUTTON1,False,P1_DIAL=Move; START=Start; COIN=Insert Coin,AxisLeftStick=Move; ButtonX=Button; ButtonStart=Start; ButtonBack=Insert Coin
josvolly,P1_BUTTON2,low,True,JOYCODE_1_BUTTON1,False,P1_JOYSTICK=Move; P1_BUTTON1=Jump / Shoot; START=Start; COIN=Insert Coin,AxisLeftStick=Move; ButtonDpad=Move; ButtonX=Jump / Shoot; ButtonStart=Start; ButtonBack=Insert Coin
joyjoy,P1_BUTTON3,low,True,JOYCODE_1_BUTTON2,False,P1_JOYSTICK=Move; P1_BUTTON1=Rotate; P1_BUTTON2=Explode; START=Start; COIN=Insert Coin,AxisLeftStick=Move; ButtonA=Explode; ButtonDpad=Move; ButtonX=Rotate; ButtonStart=Start; ButtonBack=Insert Coin
joyjoy,P1_BUTTON4,low,True,JOYCODE_1_BUTTON4,False,P1_JOYSTICK=Move; P1_BUTTON1=Rotate; P1_BUTTON2=Explode; START=Start; COIN=Insert Coin,AxisLeftStick=Move; ButtonA=Explode; ButtonDpad=Move; ButtonX=Rotate; ButtonStart=Start; ButtonBack=Insert Coin
jppyex98,P1_BUTTON4,low,True,JOYCODE_1_BUTTON4,False,P1_JOYSTICK=Move; P1_BUTTON1=Bat / Pitch / Field; P1_BUTTON2=Steal; P1_BUTTON3=Change Power; START=Start; COIN=Insert Coin,AxisLeftStick=Move; ButtonA=Steal; ButtonB=Change Power; ButtonDpad=Move; ButtonX=Bat / Pitch / Field; ButtonStart=Start; ButtonBack=Insert Coin
jppyex98,P1_BUTTON5,low,True,JOYCODE_1_BUTTON5,False,P1_JOYSTICK=Move; P1_BUTTON1=Bat / Pitch / Field; P1_BUTTON2=Steal; P1_BUTTON3=Change Power; START=Start; COIN=Insert Coin,AxisLeftStick=Move; ButtonA=Steal; ButtonB=Change Power; ButtonDpad=Move; ButtonX=Bat / Pitch / Field; ButtonStart=Start; ButtonBack=Insert Coin
jppyex98,P1_BUTTON6,low,True,JOYCODE_1_BUTTON6,False,P1_JOYSTICK=Move; P1_BUTTON1=Bat / Pitch / Field; P1_BUTTON2=Steal; P1_BUTTON3=Change Power; START=Start; COIN=Insert Coin,AxisLeftStick=Move; ButtonA=Steal; ButtonB=Change Power; ButtonDpad=Move; ButtonX=Bat / Pitch / Field; ButtonStart=Start; ButtonBack=Insert Coin
jsk,P1_BUTTON3,low,True,JOYCODE_1_BUTTON2,False,P1_JOYSTICK=Move; P1_BUTTON1=Select; P1_BUTTON2=Cancel; START=Start; COIN=Insert Coin,AxisLeftStick=Move; ButtonA=Cancel; ButtonDpad=Move; ButtonX=Select; ButtonStart=Start; ButtonBack=Insert Coin
jungleh,P1_BUTTON1,low,True,JOYCODE_1_BUTTON3,False,P1_JOYSTICK=Move; START=Start; COIN=Insert Coin,AxisLeftStick=Move; ButtonA=Jump; ButtonDpad=Move; ButtonStart=Start; ButtonBack=Insert Coin
junglek,P1_BUTTON1,low,True,JOYCODE_1_BUTTON3,False,P1_JOYSTICK=Move; START=Start; COIN=Insert Coin,AxisLeftStick=Move; ButtonA=Jump; ButtonDpad=Move; ButtonStart=Start; ButtonBack=Insert Coin
junofrst,P1_BUTTON3,low,True,JOYCODE_1_BUTTON2,False,P1_JOYSTICK=Move; P1_BUTTON1=Shoot; P1_BUTTON2=Warp; START=Start; COIN=Insert Coin,AxisLeftStick=Move; ButtonA=Warp; ButtonDpad=Move; ButtonX=Shoot; ButtonStart=Start; ButtonBack=Insert Coin
kamikcab,P1_BUTTON2,low,True,JOYCODE_1_BUTTON1,False,P1_JOYSTICK=Move; P1_BUTTON1=(Hold) Slow; START=Start; COIN=Insert Coin,AxisLeftStick=Move; ButtonDpad=Move; ButtonX=(Hold) Slow; ButtonStart=Start; ButtonBack=Insert Coin
kaos,P1_BUTTON2,low,True,JOYCODE_1_BUTTON1,False,P1_JOYSTICK_LEFT=Move; P1_JOYSTICK_RIGHT=Move; P1_BUTTON1=Jump; START=Start; COIN=Insert Coin,AxisLeftStick=Move; ButtonDpad=Move; ButtonX=Jump; ButtonStart=Start; ButtonBack=Insert Coin
kaos,P1_BUTTON3,low,True,JOYCODE_1_BUTTON2,False,P1_JOYSTICK_LEFT=Move; P1_JOYSTICK_RIGHT=Move; P1_BUTTON1=Jump; START=Start; COIN=Insert Coin,AxisLeftStick=Move; ButtonDpad=Move; ButtonX=Jump; ButtonStart=Start; ButtonBack=Insert Coin
karatblz,P1_BUTTON3,low,True,JOYCODE_1_BUTTON2,False,P1_JOYSTICK=Move; P1_BUTTON1=Attack; P1_BUTTON2=Jump; START=Start; COIN=Insert Coin,AxisLeftStick=Move; ButtonA=Jump; ButtonDpad=Move; ButtonX=Attack; ButtonStart=Start; ButtonBack=Insert Coin
karatblz,P1_BUTTON4,low,True,JOYCODE_1_BUTTON4,False,P1_JOYSTICK=Move; P1_BUTTON1=Attack; P1_BUTTON2=Jump; START=Start; COIN=Insert Coin,AxisLeftStick=Move; ButtonA=Jump; ButtonDpad=Move; ButtonX=Attack; ButtonStart=Start; ButtonBack=Insert Coin
karianx,P1_BUTTON1,low,True,JOYCODE_1_BUTTON3,False,P1_JOYSTICK=Move; P1_BUTTON2=Rotate; START=Start; COIN=Insert Coin,AxisLeftStick=Move; ButtonA=Rotate; ButtonDpad=Move; ButtonStart=Start; ButtonBack=Insert Coin
karianx,P1_BUTTON3,low,True,JOYCODE_1_BUTTON2,False,P1_JOYSTICK=Move; P1_BUTTON2=Rotate; START=Start; COIN=Insert Coin,AxisLeftStick=Move; ButtonA=Rotate; ButtonDpad=Move; ButtonStart=Start; ButtonBack=Insert Coin
kartduel,P1_BUTTON3,low,True,JOYCODE_1_BUTTON1,False,P1_PEDAL=Accelerate; P1_PEDAL2=Brake; P1_PADDLE=Steering; START=Start; COIN=Insert Coin,AxisLeftStick=Steering; AxisTriggerLeft=Brake; AxisTriggerRight=Accelerate; ButtonStart=Start; ButtonBack=Insert Coin
kbash,P1_BUTTON3,low,True,JOYCODE_1_BUTTON2,False,P1_JOYSTICK=Move; P1_BUTTON1=Attack; P1_BUTTON2=Jump; START=Start; COIN=Insert Coin,AxisLeftStick=Move; ButtonA=Jump; ButtonDpad=Move; ButtonX=Attack; ButtonStart=Start; ButtonBack=Insert Coin
kbash2,P1_BUTTON3,low,True,JOYCODE_1_BUTTON2,False,P1_JOYSTICK=Move; P1_BUTTON1=Attack; P1_BUTTON2=Jump; START=Start; COIN=Insert Coin,AxisLeftStick=Move; ButtonA=Jump; ButtonDpad=Move; ButtonX=Attack; ButtonStart=Start; ButtonBack=Insert Coin
kengo,P1_BUTTON3,low,True,JOYCODE_1_BUTTON2,False,P1_JOYSTICK=Move; P1_JOYSTICK_UP=Move; P1_BUTTON1=Attack / (Hold) Charge; START=Start; COIN=Insert Coin,AxisLeftStick=Move; ButtonA=Jump; ButtonDpad=Move; ButtonX=Attack / (Hold) Charge; ButtonStart=Start; ButtonBack=Insert Coin
kengo,P1_BUTTON4,low,True,JOYCODE_1_BUTTON4,False,P1_JOYSTICK=Move; P1_JOYSTICK_UP=Move; P1_BUTTON1=Attack / (Hold) Charge; START=Start; COIN=Insert Coin,AxisLeftStick=Move; ButtonA=Jump; ButtonDpad=Move; ButtonX=Attack / (Hold) Charge; ButtonStart=Start; ButtonBack=Insert Coin
kenseim,P1_BUTTON1,low,True,JOYCODE_1_BUTTON3,False,START=Start; COIN=Insert Coin,ButtonStart=Start; ButtonBack=Insert Coin
kenseim,P1_BUTTON2,low,True,JOYCODE_1_BUTTON1,False,START=Start; COIN=Insert Coin,ButtonStart=Start; ButtonBack=Insert Coin
kenseim,P1_BUTTON3,low,True,JOYCODE_1_BUTTON2,False,START=Start; COIN=Insert Coin,ButtonStart=Start; ButtonBack=Insert Coin
kenseim,P1_BUTTON4,low,True,JOYCODE_1_BUTTON4,False,START=Start; COIN=Insert Coin,ButtonStart=Start; ButtonBack=Insert Coin
kenseim,P1_BUTTON5,low,True,JOYCODE_1_BUTTON5,False,START=Start; COIN=Insert Coin,ButtonStart=Start; ButtonBack=Insert Coin
kenseim,P1_BUTTON6,low,True,JOYCODE_1_BUTTON6,False,START=Start; COIN=Insert Coin,ButtonStart=Start; ButtonBack=Insert Coin
kickboy,P1_BUTTON2,low,True,JOYCODE_1_BUTTON1,False,P1_JOYSTICK=Move; P1_BUTTON1=Kick; START=Start; COIN=Insert Coin,AxisLeftStick=Move; ButtonDpad=Move; ButtonX=Kick; ButtonStart=Start; ButtonBack=Insert Coin
kickridr,P1_BUTTON1,low,True,JOYCODE_1_BUTTON3,False,P1_JOYSTICK=Move; P1_BUTTON2=Attack; START=Start; COIN=Insert Coin,AxisLeftStick=Move; ButtonA=Attack; ButtonDpad=Move; ButtonStart=Start; ButtonBack=Insert Coin
kingdmgp,P1_BUTTON3,low,True,JOYCODE_1_BUTTON2,False,P1_JOYSTICK=Move; P1_BUTTON1=Shoot; P1_BUTTON2=Bomb; START=Start; COIN=Insert Coin,AxisLeftStick=Move; ButtonA=Bomb; ButtonDpad=Move; ButtonX=Shoot; ButtonStart=Start; ButtonBack=Insert Coin
kittenk,P1_BUTTON3,low,True,JOYCODE_1_BUTTON2,False,P1_JOYSTICK=Move; P1_BUTTON1=Hit Block; P1_BUTTON2=Jump; START=Start; COIN=Insert Coin,AxisLeftStick=Move; ButtonA=Jump; ButtonDpad=Move; ButtonX=Hit Block; ButtonStart=Start; ButtonBack=Insert Coin
knpuzzle,P1_BUTTON3,low,True,JOYCODE_1_BUTTON2,False,P1_JOYSTICK=Move; P1_BUTTON1=Select / Place Tile; P1_BUTTON2=Cancel / Remove Tile; START=Start; COIN=Insert Coin,AxisLeftStick=Move; ButtonA=Cancel / Remove Tile; ButtonDpad=Move; ButtonX=Select / Place Tile; ButtonStart=Start; ButtonBack=Insert Coin
knpuzzle,P1_BUTTON4,low,True,JOYCODE_1_BUTTON4,False,P1_JOYSTICK=Move; P1_BUTTON1=Select / Place Tile; P1_BUTTON2=Cancel / Remove Tile; START=Start; COIN=Insert Coin,AxisLeftStick=Move; ButtonA=Cancel / Remove Tile; ButtonDpad=Move; ButtonX=Select / Place Tile; ButtonStart=Start; ButtonBack=Insert Coin
knpuzzle,P1_BUTTON5,low,True,JOYCODE_1_BUTTON5,False,P1_JOYSTICK=Move; P1_BUTTON1=Select / Place Tile; P1_BUTTON2=Cancel / Remove Tile; START=Start; COIN=Insert Coin,AxisLeftStick=Move; ButtonA=Cancel / Remove Tile; ButtonDpad=Move; ButtonX=Select / Place Tile; ButtonStart=Start; ButtonBack=Insert Coin
knpuzzle,P1_BUTTON6,low,True,JOYCODE_1_BUTTON6,False,P1_JOYSTICK=Move; P1_BUTTON1=Select / Place Tile; P1_BUTTON2=Cancel / Remove Tile; START=Start; COIN=Insert Coin,AxisLeftStick=Move; ButtonA=Cancel / Remove Tile; ButtonDpad=Move; ButtonX=Select / Place Tile; ButtonStart=Start; ButtonBack=Insert Coin
konamigt,P1_BUTTON2,low,True,JOYCODE_1_SLIDER1_NEG_SWITCH,False,P1_DIAL=Steering; P1_BUTTON1=Accelerate; P1_BUTTON3=Change Gear; COIN=Insert Coin,AxisLeftStick=Steering; AxisTriggerRight=Accelerate; ButtonLeftShoulder=Brake; ButtonX=Change Gear; ButtonStart=Start; ButtonBack=Insert Coin
korokoro,P1_BUTTON2,low,True,JOYCODE_1_BUTTON1,False,P1_BUTTON1=(Tap) Roll Dice; COIN=Insert Coin,ButtonX=(Tap) Roll Dice; ButtonStart=Start; ButtonBack=Insert Coin
kotm,P1_BUTTON4,low,True,JOYCODE_1_BUTTON4,False,P1_JOYSTICK=Move; P1_BUTTON1=Punch / Wrestle Move; P1_BUTTON2=Kick; P1_BUTTON3=Run; START=Start; COIN=Insert Coin,AxisLeftStick=Move; ButtonA=Kick; ButtonB=Run; ButtonDpad=Move; ButtonX=Punch / Wrestle Move; ButtonStart=Start; ButtonBack=Insert Coin
kotm2,P1_BUTTON4,low,True,JOYCODE_1_BUTTON4,False,P1_JOYSTICK=Move; P1_BUTTON1=Punch / Wrestle Move; P1_BUTTON2=Kick; P1_BUTTON3=Jump; START=Start; COIN=Insert Coin,AxisLeftStick=Move; ButtonA=Kick; ButtonB=Jump; ButtonDpad=Move; ButtonX=Punch / Wrestle Move; ButtonStart=Start; ButtonBack=Insert Coin
kouyakyu,P1_BUTTON3,low,True,JOYCODE_1_BUTTON2,False,P1_JOYSTICK=Move; P1_BUTTON1=Bat / Pitch / Throw; P1_BUTTON2=Pick Off / Steal; START=Start; COIN=Insert Coin,AxisLeftStick=Move; ButtonA=Pick Off / Steal; ButtonDpad=Move; ButtonX=Bat / Pitch / Throw; ButtonStart=Start; ButtonBack=Insert Coin
kozure,P1_BUTTON3,low,True,JOYCODE_1_BUTTON2,False,P1_JOYSTICK=Move; P1_BUTTON1=Attack / Jump; P1_BUTTON2=Guard; START=Start; COIN=Insert Coin,AxisLeftStick=Move; ButtonA=Guard; ButtonDpad=Move; ButtonX=Attack / Jump; ButtonStart=Start; ButtonBack=Insert Coin
kungfut,P1_BUTTON3,low,True,JOYCODE_1_BUTTON2,False,P1_JOYSTICK_LEFT=Move; P1_JOYSTICK_RIGHT=Move; P1_BUTTON1=Open Door; P1_BUTTON2=Jump; START=Start; COIN=Insert Coin,AxisLeftStick=Move; ButtonA=Jump; ButtonDpad=Move; ButtonX=Open Door; ButtonStart=Start; ButtonBack=Insert Coin
lacrazyc,P1_BUTTON3,low,True,JOYCODE_1_BUTTON2,False,P1_JOYSTICK=Move; P1_BUTTON1=Rotate Left; P1_BUTTON2=Rotate Right; START=Start; COIN=Insert Coin,AxisLeftStick=Move; ButtonA=Rotate Right; ButtonDpad=Move; ButtonX=Rotate Left; ButtonStart=Start; ButtonBack=Insert Coin
ladyfrog,P1_BUTTON1,low,True,JOYCODE_1_BUTTON1,False,P1_JOYSTICK=Move; START=Start; COIN=Insert Coin,AxisLeftStick=Move; ButtonDpad=Move; ButtonStart=Start; ButtonBack=Insert Coin
ladykill,P1_BUTTON1,low,True,JOYCODE_1_BUTTON3,False,P1_JOYSTICK=Move; P1_BUTTON2=Dive / Surface; START=Start; COIN=Insert Coin,AxisLeftStick=Move; ButtonA=Dive / Surface; ButtonDpad=Move; ButtonStart=Start; ButtonBack=Insert Coin
landmakr,P1_BUTTON2,low,True,JOYCODE_1_BUTTON1,False,P1_JOYSTICK=Move; P1_BUTTON1=Shoot Tile; START=Start; COIN=Insert Coin,AxisLeftStick=Move; ButtonDpad=Move; ButtonX=Shoot Tile; ButtonStart=Start; ButtonBack=Insert Coin
landmakr,P1_BUTTON3,low,True,JOYCODE_1_BUTTON2,False,P1_JOYSTICK=Move; P1_BUTTON1=Shoot Tile; START=Start; COIN=Insert Coin,AxisLeftStick=Move; ButtonDpad=Move; ButtonX=Shoot Tile; ButtonStart=Start; ButtonBack=Insert Coin
landmakr,P1_BUTTON4,low,True,JOYCODE_1_BUTTON4,False,P1_JOYSTICK=Move; P1_BUTTON1=Shoot Tile; START=Start; COIN=Insert Coin,AxisLeftStick=Move; ButtonDpad=Move; ButtonX=Shoot Tile; ButtonStart=Start; ButtonBack=Insert Coin
lasthope,P1_BUTTON2,low,True,JOYCODE_1_BUTTON1,False,P1_JOYSTICK=Move; P1_BUTTON1=Shoot / (Hold) Charge; START=Start; COIN=Insert Coin,AxisLeftStick=Move; ButtonDpad=Move; ButtonRightShoulder=Throw; ButtonX=Shoot / (Hold) Charge; ButtonStart=Start; ButtonBack=Insert Coin
lasthope,P1_BUTTON3,low,True,JOYCODE_1_BUTTON2,False,P1_JOYSTICK=Move; P1_BUTTON1=Shoot / (Hold) Charge; START=Start; COIN=Insert Coin,AxisLeftStick=Move; ButtonDpad=Move; ButtonRightShoulder=Throw; ButtonX=Shoot / (Hold) Charge; ButtonStart=Start; ButtonBack=Insert Coin
lasthope,P1_BUTTON4,low,True,JOYCODE_1_BUTTON4,False,P1_JOYSTICK=Move; P1_BUTTON1=Shoot / (Hold) Charge; START=Start; COIN=Insert Coin,AxisLeftStick=Move; ButtonDpad=Move; ButtonRightShoulder=Throw; ButtonX=Shoot / (Hold) Charge; ButtonStart=Start; ButtonBack=Insert Coin
lbowling,P1_BUTTON2,low,True,JOYCODE_1_BUTTON1,False,P1_JOYSTICK=Move; P1_BUTTON1=A Button; START=Start; COIN=Insert Coin,AxisLeftStick=Move; ButtonDpad=Move; ButtonX=A Button; ButtonStart=Start; ButtonBack=Insert Coin
lbowling,P1_BUTTON3,low,True,JOYCODE_1_BUTTON2,False,P1_JOYSTICK=Move; P1_BUTTON1=A Button; START=Start; COIN=Insert Coin,AxisLeftStick=Move; ButtonDpad=Move; ButtonX=A Button; ButtonStart=Start; ButtonBack=Insert Coin
lbowling,P1_BUTTON4,low,True,JOYCODE_1_BUTTON4,False,P1_JOYSTICK=Move; P1_BUTTON1=A Button; START=Start; COIN=Insert Coin,AxisLeftStick=Move; ButtonDpad=Move; ButtonX=A Button; ButtonStart=Start; ButtonBack=Insert Coin
leds2011,P1_BUTTON3,low,True,JOYCODE_1_BUTTON2,False,P1_JOYSTICK=Move; P1_BUTTON1=Jump; P1_BUTTON2=Transform; START=Start; COIN=Insert Coin,AxisLeftStick=Move; ButtonA=Transform; ButtonDpad=Move; ButtonX=Jump; ButtonStart=Start; ButtonBack=Insert Coin
legendos,P1_BUTTON3,low,True,JOYCODE_1_BUTTON2,False,P1_JOYSTICK=Move; P1_BUTTON1=Attack; P1_BUTTON2=Guard; START=Start; COIN=Insert Coin,AxisLeftStick=Move; ButtonA=Guard; ButtonDpad=Move; ButtonX=Attack; ButtonStart=Start; ButtonBack=Insert Coin
legendos,P1_BUTTON4,low,True,JOYCODE_1_BUTTON4,False,P1_JOYSTICK=Move; P1_BUTTON1=Attack; P1_BUTTON2=Guard; START=Start; COIN=Insert Coin,AxisLeftStick=Move; ButtonA=Guard; ButtonDpad=Move; ButtonX=Attack; ButtonStart=Start; ButtonBack=Insert Coin
legion,P1_BUTTON3,low,True,JOYCODE_1_BUTTON2,False,P1_JOYSTICK=Move; P1_BUTTON1=Shoot; P1_BUTTON2=Time Bomb; START=Start; COIN=Insert Coin,AxisLeftStick=Move; ButtonA=Time Bomb; ButtonDpad=Move; ButtonX=Shoot; ButtonStart=Start; ButtonBack=Insert Coin
lgtnfght,P1_BUTTON3,low,True,JOYCODE_1_BUTTON2,False,P1_JOYSTICK=Move; P1_BUTTON1=Shoot; P1_BUTTON2=Special; START=Start; COIN=Insert Coin,AxisLeftStick=Move; ButtonA=Special; ButtonDpad=Move; ButtonX=Shoot; ButtonStart=Start; ButtonBack=Insert Coin
liberate,P1_BUTTON2,low,True,JOYCODE_1_BUTTON1,False,P1_JOYSTICK=Move; P1_BUTTON1=Shoot; START=Start; COIN=Insert Coin,AxisLeftStick=Move; ButtonDpad=Move; ButtonX=Shoot; ButtonStart=Start; ButtonBack=Insert Coin
liberatr,P1_BUTTON2,low,True,JOYCODE_1_BUTTON1,False,P1_TRACKBALL_X=Move Crosshair; P1_TRACKBALL_Y=Move Crosshair; P1_BUTTON1=Shoot; START=Start; COIN=Insert Coin,AxisLeftStick=Move Crosshair; ButtonX=Shoot; ButtonStart=Start; ButtonBack=Insert Coin
lightbr,P1_BUTTON3,low,True,JOYCODE_1_BUTTON2,False,P1_JOYSTICK=Move; P1_BUTTON1=Attack; P1_BUTTON2=Jump; START=Start; COIN=Insert Coin,AxisLeftStick=Move; ButtonA=Jump; ButtonDpad=Move; ButtonX=Attack; ButtonStart=Start; ButtonBack=Insert Coin
lightbr,P1_BUTTON4,low,True,JOYCODE_1_BUTTON4,False,P1_JOYSTICK=Move; P1_BUTTON1=Attack; P1_BUTTON2=Jump; START=Start; COIN=Insert Coin,AxisLeftStick=Move; ButtonA=Jump; ButtonDpad=Move; ButtonX=Attack; ButtonStart=Start; ButtonBack=Insert Coin
littlerb,P1_BUTTON3,low,True,JOYCODE_1_BUTTON2,False,P1_JOYSTICK=Move; P1_BUTTON1=Attack; P1_BUTTON2=Jump; START=Start; COIN=Insert Coin,AxisLeftStick=Move; ButtonA=Jump; ButtonDpad=Move; ButtonX=Attack; ButtonStart=Start; ButtonBack=Insert Coin
llander,P1_BUTTON3,low,True,JOYCODE_1_BUTTON4,False,P1_PEDAL=Booster; P1_BUTTON1=Move; P1_BUTTON2=Move; START=Start; COIN=Insert Coin,AxisLeftStick=Move; AxisTriggerRight=Booster; ButtonDpad=Move; ButtonStart=Start; ButtonBack=Insert Coin
loderndf,P1_BUTTON3,low,True,JOYCODE_1_BUTTON2,False,P1_JOYSTICK=Move; P1_BUTTON1=Dig Left; P1_BUTTON2=Dig Right; START=Start; COIN=Insert Coin,AxisLeftStick=Move; ButtonA=Dig Right; ButtonDpad=Move; ButtonX=Dig Left; ButtonStart=Start; ButtonBack=Insert Coin
loderndfa,P1_BUTTON3,low,True,JOYCODE_1_BUTTON2,False,P1_JOYSTICK=Move; P1_BUTTON1=Dig Left; P1_BUTTON2=Dig Right; START=Start; COIN=Insert Coin,AxisLeftStick=Move; ButtonA=Dig Right; ButtonDpad=Move; ButtonX=Dig Left; ButtonStart=Start; ButtonBack=Insert Coin
loht,P1_BUTTON3,low,True,JOYCODE_1_BUTTON2,False,P1_JOYSTICK=Move; P1_BUTTON1=Attack; P1_BUTTON2=Jump; START=Start; COIN=Insert Coin,AxisLeftStick=Move; ButtonA=Jump; ButtonDpad=Move; ButtonX=Attack; ButtonStart=Start; ButtonBack=Insert Coin
loht,P1_BUTTON4,low,True,JOYCODE_1_BUTTON4,False,P1_JOYSTICK=Move; P1_BUTTON1=Attack; P1_BUTTON2=Jump; START=Start; COIN=Insert Coin,AxisLeftStick=Move; ButtonA=Jump; ButtonDpad=Move; ButtonX=Attack; ButtonStart=Start; ButtonBack=Insert Coin
lotlot,P1_BUTTON2,low,True,JOYCODE_1_BUTTON1,False,P1_JOYSTICK=Move; P1_BUTTON1=Select; START=Start; COIN=Insert Coin,AxisLeftStick=Move; ButtonDpad=Move; ButtonX=Select; ButtonStart=Start; ButtonBack=Insert Coin
lresort,P1_BUTTON3,low,True,JOYCODE_1_BUTTON2,False,P1_JOYSTICK=Move; P1_BUTTON1=Shoot / (Hold) Charge; P1_BUTTON2=Hold Drone In Place; START=Start; COIN=Insert Coin,AxisLeftStick=Move; ButtonA=Hold Drone In Place; ButtonDpad=Move; ButtonX=Shoot / (Hold) Charge; ButtonStart=Start; ButtonBack=Insert Coin
lresort,P1_BUTTON4,low,True,JOYCODE_1_BUTTON4,False,P1_JOYSTICK=Move; P1_BUTTON1=Shoot / (Hold) Charge; P1_BUTTON2=Hold Drone In Place; START=Start; COIN=Insert Coin,AxisLeftStick=Move; ButtonA=Hold Drone In Place; ButtonDpad=Move; ButtonX=Shoot / (Hold) Charge; ButtonStart=Start; ButtonBack=Insert Coin
ltswords,P1_BUTTON3,low,True,JOYCODE_1_BUTTON2,False,P1_JOYSTICK=Move; P1_JOYSTICK_UP=Move; P1_BUTTON1=Attack / (Hold) Charge; START=Start; COIN=Insert Coin,AxisLeftStick=Move; ButtonA=Jump; ButtonDpad=Move; ButtonX=Attack / (Hold) Charge; ButtonStart=Start; ButtonBack=Insert Coin
ltswords,P1_BUTTON4,low,True,JOYCODE_1_BUTTON4,False,P1_JOYSTICK=Move; P1_JOYSTICK_UP=Move; P1_BUTTON1=Attack / (Hold) Charge; START=Start; COIN=Insert Coin,AxisLeftStick=Move; ButtonA=Jump; ButtonDpad=Move; ButtonX=Attack / (Hold) Charge; ButtonStart=Start; ButtonBack=Insert Coin
macrossp,P1_BUTTON3,low,True,JOYCODE_1_BUTTON2,False,P1_JOYSTICK=Move; P1_BUTTON1=Shoot; P1_BUTTON2=Special; START=Start; COIN=Insert Coin,AxisLeftStick=Move; ButtonA=Special; ButtonDpad=Move; ButtonX=Shoot; ButtonStart=Start; ButtonBack=Insert Coin
macrossp,P1_BUTTON4,low,True,JOYCODE_1_BUTTON4,False,P1_JOYSTICK=Move; P1_BUTTON1=Shoot; P1_BUTTON2=Special; START=Start; COIN=Insert Coin,AxisLeftStick=Move; ButtonA=Special; ButtonDpad=Move; ButtonX=Shoot; ButtonStart=Start; ButtonBack=Insert Coin
madgear,P1_BUTTON2,low,True,JOYCODE_1_BUTTON1,False,P1_JOYSTICK=Move; P1_BUTTON1=Jump; START=Start; COIN=Insert Coin,AxisLeftStick=Move; ButtonDpad=Move; ButtonX=Jump; ButtonStart=Start; ButtonBack=Insert Coin
madgear,P1_BUTTON3,low,True,JOYCODE_1_BUTTON2,False,P1_JOYSTICK=Move; P1_BUTTON1=Jump; START=Start; COIN=Insert Coin,AxisLeftStick=Move; ButtonDpad=Move; ButtonX=Jump; ButtonStart=Start; ButtonBack=Insert Coin
mag_boob,P1_BUTTON2,low,True,JOYCODE_1_BUTTON1,False,P1_JOYSTICK=Move; P1_BUTTON1=Dig / Fill; START=Start; COIN=Insert Coin,AxisLeftStick=Move; ButtonDpad=Move; ButtonX=Dig / Fill; ButtonStart=Start; ButtonBack=Insert Coin
mag_boob,P1_BUTTON3,low,True,JOYCODE_1_BUTTON2,False,P1_JOYSTICK=Move; P1_BUTTON1=Dig / Fill; START=Start; COIN=Insert Coin,AxisLeftStick=Move; ButtonDpad=Move; ButtonX=Dig / Fill; ButtonStart=Start; ButtonBack=Insert Coin
mag_burn,P1_BUTTON3,low,True,JOYCODE_1_BUTTON2,False,P1_JOYSTICK=Move; P1_BUTTON1=Shoot; P1_BUTTON2=Jump; START=Start; COIN=Insert Coin,AxisLeftStick=Move; ButtonA=Jump; ButtonDpad=Move; ButtonX=Shoot; ButtonStart=Start; ButtonBack=Insert Coin
mag_day,P1_BUTTON1,low,True,JOYCODE_1_BUTTON3,False,P1_JOYSTICK=Move; P1_BUTTON2=Shoot; START=Start; COIN=Insert Coin,AxisLeftStick=Move; ButtonA=Shoot; ButtonDpad=Move; ButtonStart=Start; ButtonBack=Insert Coin
mag_day,P1_BUTTON3,low,True,JOYCODE_1_BUTTON2,False,P1_JOYSTICK=Move; P1_BUTTON2=Shoot; START=Start; COIN=Insert Coin,AxisLeftStick=Move; ButtonA=Shoot; ButtonDpad=Move; ButtonStart=Start; ButtonBack=Insert Coin
mag_exzi,P1_BUTTON1,low,True,JOYCODE_1_BUTTON3,False,P1_JOYSTICK=Move; P1_BUTTON2=Shoot; START=Start; COIN=Insert Coin,AxisLeftStick=Move; ButtonA=Shoot; ButtonDpad=Move; ButtonStart=Start; ButtonBack=Insert Coin
mag_exzi,P1_BUTTON3,low,True,JOYCODE_1_BUTTON2,False,P1_JOYSTICK=Move; P1_BUTTON2=Shoot; START=Start; COIN=Insert Coin,AxisLeftStick=Move; ButtonA=Shoot; ButtonDpad=Move; ButtonStart=Start; ButtonBack=Insert Coin
mag_pdak,P1_BUTTON2,low,True,JOYCODE_1_SLIDER1_NEG_SWITCH,False,P1_JOYSTICK=Move; P1_BUTTON1=Accelerate; P1_BUTTON3=Jump; START=Start; COIN=Insert Coin,AxisLeftStick=Move; AxisTriggerRight=Accelerate; ButtonA=Jump; ButtonDpad=Move; ButtonLeftShoulder=Brake; ButtonStart=Start; ButtonBack=Insert Coin
mag_time,P1_BUTTON3,low,True,JOYCODE_1_BUTTON2,False,P1_JOYSTICK=Move; P1_BUTTON1=Right Flipper; P1_BUTTON2=Left Flipper; START=Start; COIN=Insert Coin,AxisLeftStick=Move; ButtonA=Right Flipper; ButtonDpad=Move; ButtonLeftShoulder=Left Flipper; ButtonRightShoulder=Right Flipper; ButtonX=Left Flipper; ButtonStart=Start; ButtonBack=Insert Coin
mag_war,P1_BUTTON3,low,True,JOYCODE_1_BUTTON2,False,P1_JOYSTICK=Move; P1_BUTTON1=Shoot; P1_BUTTON2=Shoot Ground; START=Start; COIN=Insert Coin,AxisLeftStick=Move; ButtonA=Shoot Ground; ButtonDpad=Move; ButtonX=Shoot; ButtonStart=Start; ButtonBack=Insert Coin
mag_xain,P1_BUTTON3,low,True,JOYCODE_1_BUTTON2,False,P1_JOYSTICK=Move; P1_BUTTON1=Jump; P1_BUTTON2=Shoot; START=Start; COIN=Insert Coin,AxisLeftStick=Move; ButtonA=Jump; ButtonDpad=Move; ButtonX=Shoot; ButtonStart=Start; ButtonBack=Insert Coin
magdrop2,P1_BUTTON3,low,True,JOYCODE_1_BUTTON2,False,P1_JOYSTICK=Move; P1_BUTTON1=Pull; P1_BUTTON2=Throw; START=Start; COIN=Insert Coin,AxisLeftStick=Move; ButtonA=Throw; ButtonDpad=Move; ButtonX=Pull; ButtonStart=Start; ButtonBack=Insert Coin
magdrop2,P1_BUTTON4,low,True,JOYCODE_1_BUTTON4,False,P1_JOYSTICK=Move; P1_BUTTON1=Pull; P1_BUTTON2=Throw; START=Start; COIN=Insert Coin,AxisLeftStick=Move; ButtonA=Throw; ButtonDpad=Move; ButtonX=Pull; ButtonStart=Start; ButtonBack=Insert Coin
magdrop3,P1_BUTTON4,low,True,JOYCODE_1_BUTTON4,False,P1_JOYSTICK=Move; P1_BUTTON1=Pull; P1_BUTTON2=Throw; P1_BUTTON3=Create Row; START=Start; COIN=Insert Coin,AxisLeftStick=Move; ButtonA=Throw; ButtonB=Create Row; ButtonDpad=Move; ButtonX=Pull; ButtonStart=Start; ButtonBack=Insert Coin
magerror,P1_BUTTON2,low,True,JOYCODE_1_BUTTON1,False,P1_JOYSTICK=Move; P1_BUTTON1=Select; START=Start; COIN=Insert Coin,AxisLeftStick=Move; ButtonDpad=Move; ButtonX=Select; ButtonStart=Start; ButtonBack=Insert Coin
magerror,P1_BUTTON3,low,True,JOYCODE_1_BUTTON2,False,P1_JOYSTICK=Move; P1_BUTTON1=Select; START=Start; COIN=Insert Coin,AxisLeftStick=Move; ButtonDpad=Move; ButtonX=Select; ButtonStart=Start; ButtonBack=Insert Coin
magipur,P1_BUTTON3,low,True,JOYCODE_1_BUTTON2,False,P1_JOYSTICK=Move; P1_BUTTON1=Attack; P1_BUTTON2=Jump; START=Start; COIN=Insert Coin,AxisLeftStick=Move; ButtonA=Jump; ButtonDpad=Move; ButtonX=Attack; ButtonStart=Start; ButtonBack=Insert Coin
maglord,P1_BUTTON3,low,True,JOYCODE_1_BUTTON2,False,P1_JOYSTICK=Move; P1_BUTTON1=Shoot; P1_BUTTON2=Jump; START=Start; COIN=Insert Coin,AxisLeftStick=Move; ButtonA=Jump; ButtonDpad=Move; ButtonX=Shoot; ButtonStart=Start; ButtonBack=Insert Coin
maglord,P1_BUTTON4,low,True,JOYCODE_1_BUTTON4,False,P1_JOYSTICK=Move; P1_BUTTON1=Shoot; P1_BUTTON2=Jump; START=Start; COIN=Insert Coin,AxisLeftStick=Move; ButtonA=Jump; ButtonDpad=Move; ButtonX=Shoot; ButtonStart=Start; ButtonBack=Insert Coin
mainsnk,P1_BUTTON2,low,True,JOYCODE_1_BUTTON1,False,P1_JOYSTICKLEFT=Left Hand; P1_JOYSTICKRIGHT=Right Hand; P1_BUTTON1=(Hold) Move; P1_BUTTON3=Left Uppercut; P1_BUTTON4=Right Uppercut; START=Start; COIN=Insert Coin,AxisLeftStick=Left Hand; AxisRightStick=Right Hand; AxisTriggerLeft=Left Uppercut; AxisTriggerRight=Right Uppercut; ButtonRightShoulder=(Hold) Move; ButtonX=(Hold) Move; ButtonStart=Start; ButtonBack=Insert Coin
majtitle,P1_BUTTON3,low,True,JOYCODE_1_BUTTON2,False,P1_JOYSTICK=Move; P1_BUTTON1=Stroke; P1_BUTTON2=Change Menu Selection; START=Start; COIN=Insert Coin,AxisLeftStick=Move; ButtonA=Change Menu Selection; ButtonDpad=Move; ButtonX=Stroke; ButtonStart=Start; ButtonBack=Insert Coin
majtitle,P1_BUTTON4,low,True,JOYCODE_1_BUTTON4,False,P1_JOYSTICK=Move; P1_BUTTON1=Stroke; P1_BUTTON2=Change Menu Selection; START=Start; COIN=Insert Coin,AxisLeftStick=Move; ButtonA=Change Menu Selection; ButtonDpad=Move; ButtonX=Stroke; ButtonStart=Start; ButtonBack=Insert Coin
mangchi,P1_BUTTON2,low,True,JOYCODE_1_BUTTON1,False,P1_JOYSTICK=Move; P1_BUTTON1=Hit Block; START=Start; COIN=Insert Coin,AxisLeftStick=Move; ButtonDpad=Move; ButtonX=Hit Block; ButtonStart=Start; ButtonBack=Insert Coin
maniacsp,P1_BUTTON2,low,True,JOYCODE_1_BUTTON1,False,P1_JOYSTICK=Move; P1_BUTTON1=Rotate; START=Start; COIN=Insert Coin,AxisLeftStick=Move; ButtonDpad=Move; ButtonX=Rotate; ButtonStart=Start; ButtonBack=Insert Coin
marioun,P1_BUTTON7,low,True,JOYCODE_1_SLIDER1_NEG_SWITCH,False,P1_BUTTON1=Blue; P1_BUTTON2=Red; P1_BUTTON3=Yellow; P1_BUTTON4=Green; P1_BUTTON5=Left Grey; P1_BUTTON6=Right Grey; START=Start; COIN=Insert Coin,ButtonA=Yellow; ButtonB=Red; ButtonLeftShoulder=Left Grey; ButtonRightShoulder=Right Grey; ButtonX=Green; ButtonY=Blue; ButtonStart=Start; ButtonBack=Insert Coin
marioun,P1_BUTTON8,low,True,JOYCODE_1_SLIDER2_NEG_SWITCH,False,P1_BUTTON1=Blue; P1_BUTTON2=Red; P1_BUTTON3=Yellow; P1_BUTTON4=Green; P1_BUTTON5=Left Grey; P1_BUTTON6=Right Grey; START=Start; COIN=Insert Coin,ButtonA=Yellow; ButtonB=Red; ButtonLeftShoulder=Left Grey; ButtonRightShoulder=Right Grey; ButtonX=Green; ButtonY=Blue; ButtonStart=Start; ButtonBack=Insert Coin
maruchan,P1_BUTTON2,low,True,JOYCODE_1_BUTTON1,False,P1_JOYSTICK=Move; P1_BUTTON1=Button; START=Start; COIN=Insert Coin,AxisLeftStick=Move; ButtonDpad=Move; ButtonX=Button; ButtonStart=Start; ButtonBack=Insert Coin
maruchan,P1_BUTTON3,low,True,JOYCODE_1_BUTTON2,False,P1_JOYSTICK=Move; P1_BUTTON1=Button; START=Start; COIN=Insert Coin,AxisLeftStick=Move; ButtonDpad=Move; ButtonX=Button; ButtonStart=Start; ButtonBack=Insert Coin
maruchan,P1_BUTTON4,low,True,JOYCODE_1_BUTTON4,False,P1_JOYSTICK=Move; P1_BUTTON1=Button; START=Start; COIN=Insert Coin,AxisLeftStick=Move; ButtonDpad=Move; ButtonX=Button; ButtonStart=Start; ButtonBack=Insert Coin
marvland,P1_BUTTON3,low,True,JOYCODE_1_BUTTON2,False,P1_JOYSTICK=Move; P1_BUTTON1=Jump; P1_BUTTON2=Attack; START=Start; COIN=Insert Coin,AxisLeftStick=Move; ButtonA=Jump; ButtonDpad=Move; ButtonX=Attack; ButtonStart=Start; ButtonBack=Insert Coin
mastfury,P1_BUTTON5,low,True,JOYCODE_1_BUTTON5,False,P1_JOYSTICK=Move; P1_BUTTON1=Normal Punch; P1_BUTTON2=Strong Punch; P1_BUTTON3=Normal Kick; P1_BUTTON4=Strong Kick; START=Start; COIN=Insert Coin,AxisLeftStick=Move; ButtonA=Normal Kick; ButtonB=Strong Kick; ButtonDpad=Move; ButtonX=Normal Punch; ButtonY=Strong Punch; ButtonStart=Start; ButtonBack=Insert Coin
mastfury,P1_BUTTON6,low,True,JOYCODE_1_BUTTON6,False,P1_JOYSTICK=Move; P1_BUTTON1=Normal Punch; P1_BUTTON2=Strong Punch; P1_BUTTON3=Normal Kick; P1_BUTTON4=Strong Kick; START=Start; COIN=Insert Coin,AxisLeftStick=Move; ButtonA=Normal Kick; ButtonB=Strong Kick; ButtonDpad=Move; ButtonX=Normal Punch; ButtonY=Strong Punch; ButtonStart=Start; ButtonBack=Insert Coin
mastfury,P1_BUTTON7,low,True,JOYCODE_1_SLIDER2_NEG_SWITCH,False,P1_JOYSTICK=Move; P1_BUTTON1=Normal Punch; P1_BUTTON2=Strong Punch; P1_BUTTON3=Normal Kick; P1_BUTTON4=Strong Kick; START=Start; COIN=Insert Coin,AxisLeftStick=Move; ButtonA=Normal Kick; ButtonB=Strong Kick; ButtonDpad=Move; ButtonX=Normal Punch; ButtonY=Strong Punch; ButtonStart=Start; ButtonBack=Insert Coin
mausuke,P1_BUTTON3,low,True,JOYCODE_1_BUTTON2,False,P1_JOYSTICK=Move; P1_BUTTON1=Spin Piece; P1_BUTTON2=Spin Piece; START=Start; COIN=Insert Coin,AxisLeftStick=Move; ButtonA=Spin Piece; ButtonDpad=Move; ButtonX=Spin Piece; ButtonStart=Start; ButtonBack=Insert Coin
mausuke,P1_BUTTON4,low,True,JOYCODE_1_BUTTON4,False,P1_JOYSTICK=Move; P1_BUTTON1=Spin Piece; P1_BUTTON2=Spin Piece; START=Start; COIN=Insert Coin,AxisLeftStick=Move; ButtonA=Spin Piece; ButtonDpad=Move; ButtonX=Spin Piece; ButtonStart=Start; ButtonBack=Insert Coin
mayjin3,P1_BUTTON3,low,True,JOYCODE_1_BUTTON2,False,P1_JOYSTICK=Move; P1_AD_STICK_X=Move; P1_AD_STICK_Y=Move; P1_BUTTON1=Select; P1_BUTTON2=Cancel; START=Start; COIN=Insert Coin,AxisLeftStick=Move; ButtonA=Cancel; ButtonDpad=Move; ButtonX=Select; ButtonStart=Start; ButtonBack=Insert Coin
mayjin3,P1_BUTTON4,low,True,JOYCODE_1_BUTTON4,False,P1_JOYSTICK=Move; P1_AD_STICK_X=Move; P1_AD_STICK_Y=Move; P1_BUTTON1=Select; P1_BUTTON2=Cancel; START=Start; COIN=Insert Coin,AxisLeftStick=Move; ButtonA=Cancel; ButtonDpad=Move; ButtonX=Select; ButtonStart=Start; ButtonBack=Insert Coin
mayjin3,P1_BUTTON5,low,True,JOYCODE_1_BUTTON5,False,P1_JOYSTICK=Move; P1_AD_STICK_X=Move; P1_AD_STICK_Y=Move; P1_BUTTON1=Select; P1_BUTTON2=Cancel; START=Start; COIN=Insert Coin,AxisLeftStick=Move; ButtonA=Cancel; ButtonDpad=Move; ButtonX=Select; ButtonStart=Start; ButtonBack=Insert Coin
mayjin3,P1_BUTTON6,low,True,JOYCODE_1_BUTTON6,False,P1_JOYSTICK=Move; P1_AD_STICK_X=Move; P1_AD_STICK_Y=Move; P1_BUTTON1=Select; P1_BUTTON2=Cancel; START=Start; COIN=Insert Coin,AxisLeftStick=Move; ButtonA=Cancel; ButtonDpad=Move; ButtonX=Select; ButtonStart=Start; ButtonBack=Insert Coin
mayjin3,P1_BUTTON7,low,True,JOYCODE_1_SLIDER1_NEG_SWITCH,False,P1_JOYSTICK=Move; P1_AD_STICK_X=Move; P1_AD_STICK_Y=Move; P1_BUTTON1=Select; P1_BUTTON2=Cancel; START=Start; COIN=Insert Coin,AxisLeftStick=Move; ButtonA=Cancel; ButtonDpad=Move; ButtonX=Select; ButtonStart=Start; ButtonBack=Insert Coin
mayjin3,P1_BUTTON8,low,True,JOYCODE_1_SLIDER2_NEG_SWITCH,False,P1_JOYSTICK=Move; P1_AD_STICK_X=Move; P1_AD_STICK_Y=Move; P1_BUTTON1=Select; P1_BUTTON2=Cancel; START=Start; COIN=Insert Coin,AxisLeftStick=Move; ButtonA=Cancel; ButtonDpad=Move; ButtonX=Select; ButtonStart=Start; ButtonBack=Insert Coin
mcatadv,P1_BUTTON3,low,True,JOYCODE_1_BUTTON2,False,P1_JOYSTICK=Move; P1_BUTTON1=Attack; P1_BUTTON2=Jump; START=Start; COIN=Insert Coin,AxisLeftStick=Move; ButtonA=Jump; ButtonDpad=Move; ButtonX=Attack; ButtonStart=Start; ButtonBack=Insert Coin
mcheonru,P1_BUTTON2,low,True,JOYCODE_1_BUTTON1,False,P1_JOYSTICK=Move; P1_BUTTON1=Select; START=Start; COIN=Insert Coin,AxisLeftStick=Move; ButtonDpad=Move; ButtonX=Select; ButtonStart=Start; ButtonBack=Insert Coin
mcheonru,P1_BUTTON3,low,True,JOYCODE_1_BUTTON2,False,P1_JOYSTICK=Move; P1_BUTTON1=Select; START=Start; COIN=Insert Coin,AxisLeftStick=Move; ButtonDpad=Move; ButtonX=Select; ButtonStart=Start; ButtonBack=Insert Coin
megaphx,P1_BUTTON3,low,True,JOYCODE_1_BUTTON2,False,P1_JOYSTICK=Move; P1_BUTTON1=Shoot; P1_BUTTON2=Shield; START=Start; COIN=Insert Coin,AxisLeftStick=Move; ButtonA=Shield; ButtonDpad=Move; ButtonX=Shoot; ButtonStart=Start; ButtonBack=Insert Coin
megrescu,P1_BUTTON2,low,True,JOYCODE_1_BUTTON1,False,P1_DIAL=Move; P1_BUTTON1=Jump In Window; START=Start; COIN=Insert Coin,AxisLeftStick=Move; ButtonDpad=Move; ButtonX=Jump In Window; ButtonStart=Start; ButtonBack=Insert Coin
metalb,P1_BUTTON3,low,True,JOYCODE_1_BUTTON2,False,P1_JOYSTICK=Move; P1_BUTTON1=Shoot; P1_BUTTON2=Bomb; START=Start; COIN=Insert Coin,AxisLeftStick=Move; ButtonA=Bomb; ButtonDpad=Move; ButtonX=Shoot; ButtonStart=Start; ButtonBack=Insert Coin
metamrph,P1_BUTTON3,low,True,JOYCODE_1_BUTTON2,False,P1_JOYSTICK=Move; P1_BUTTON1=Attack; P1_BUTTON2=Jump; START=Start; COIN=Insert Coin,AxisLeftStick=Move; ButtonA=Jump; ButtonDpad=Move; ButtonX=Attack; ButtonStart=Start; ButtonBack=Insert Coin
metamrphe,P1_BUTTON3,low,True,JOYCODE_1_BUTTON2,False,P1_JOYSTICK=Move; P1_BUTTON1=Attack; P1_BUTTON2=Jump; START=Start; COIN=Insert Coin,AxisLeftStick=Move; ButtonA=Jump; ButtonDpad=Move; ButtonX=Attack; ButtonStart=Start; ButtonBack=Insert Coin
mfjump,P1_BUTTON2,low,True,JOYCODE_1_BUTTON1,False,P1_JOYSTICK=Move; P1_BUTTON1=Select; START=Start; COIN=Insert Coin,AxisLeftStick=Move; ButtonDpad=Move; ButtonX=Select; ButtonStart=Start; ButtonBack=Insert Coin
mfjump,P1_BUTTON3,low,True,JOYCODE_1_BUTTON2,False,P1_JOYSTICK=Move; P1_BUTTON1=Select; START=Start; COIN=Insert Coin,AxisLeftStick=Move; ButtonDpad=Move; ButtonX=Select; ButtonStart=Start; ButtonBack=Insert Coin
mia,P1_BUTTON3,low,True,JOYCODE_1_BUTTON4,False,P1_JOYSTICK=Move; P1_JOYSTICK_UP=Move; P1_BUTTON1=Attack; P1_BUTTON2=Shoot; START=Start; COIN=Insert Coin,AxisLeftStick=Move; ButtonA=Jump; ButtonB=Shoot; ButtonDpad=Move; ButtonX=Attack; ButtonStart=Start; ButtonBack=Insert Coin
micon2,P1_BUTTON1,low,True,JOYCODE_1_BUTTON1,False,START=Start; COIN=Insert Coin,AxisLeftStick=Move; ButtonDpad=Move; ButtonX=Button; ButtonStart=Start; ButtonBack=Insert Coin
miexchng,P1_BUTTON3,low,True,JOYCODE_1_BUTTON2,False,P1_JOYSTICK=Move; P1_BUTTON1=Pull; P1_BUTTON2=Throw; START=Start; COIN=Insert Coin,AxisLeftStick=Move; ButtonA=Throw; ButtonDpad=Move; ButtonX=Pull; ButtonStart=Start; ButtonBack=Insert Coin
miexchng,P1_BUTTON4,low,True,JOYCODE_1_BUTTON4,False,P1_JOYSTICK=Move; P1_BUTTON1=Pull; P1_BUTTON2=Throw; START=Start; COIN=Insert Coin,AxisLeftStick=Move; ButtonA=Throw; ButtonDpad=Move; ButtonX=Pull; ButtonStart=Start; ButtonBack=Insert Coin
mirninja,P1_BUTTON3,low,True,JOYCODE_1_BUTTON2,False,P1_JOYSTICK=Move; P1_BUTTON1=Attack; P1_BUTTON2=Jump; START=Start; COIN=Insert Coin,AxisLeftStick=Move; ButtonA=Jump; ButtonDpad=Move; ButtonX=Attack; ButtonStart=Start; ButtonBack=Insert Coin
misncrft,P1_BUTTON3,low,True,JOYCODE_1_BUTTON2,False,P1_JOYSTICK=Move; P1_BUTTON1=Shoot; P1_BUTTON2=Special; START=Start; COIN=Insert Coin,AxisLeftStick=Move; ButtonA=Special; ButtonDpad=Move; ButtonX=Shoot; ButtonStart=Start; ButtonBack=Insert Coin
misncrft,P1_BUTTON4,low,True,JOYCODE_1_BUTTON4,False,P1_JOYSTICK=Move; P1_BUTTON1=Shoot; P1_BUTTON2=Special; START=Start; COIN=Insert Coin,AxisLeftStick=Move; ButtonA=Special; ButtonDpad=Move; ButtonX=Shoot; ButtonStart=Start; ButtonBack=Insert Coin
missw02,P1_BUTTON2,low,True,JOYCODE_1_BUTTON1,False,P1_JOYSTICK=Move; P1_BUTTON1=Draw; START=Start; COIN=Insert Coin,AxisLeftStick=Move; ButtonDpad=Move; ButtonX=Draw; ButtonStart=Start; ButtonBack=Insert Coin
missw96,P1_BUTTON2,low,True,JOYCODE_1_BUTTON1,False,P1_JOYSTICK=Move; P1_BUTTON1=Draw; START=Start; COIN=Insert Coin,AxisLeftStick=Move; ButtonDpad=Move; ButtonX=Draw; ButtonStart=Start; ButtonBack=Insert Coin
moremore,P1_BUTTON3,low,True,JOYCODE_1_BUTTON2,False,P1_JOYSTICK=Move; P1_BUTTON1=A; P1_BUTTON2=B; START=Start; COIN=Insert Coin,AxisLeftStick=Move; ButtonA=B; ButtonDpad=Move; ButtonX=A; ButtonStart=Start; ButtonBack=Insert Coin
moremorp,P1_BUTTON3,low,True,JOYCODE_1_BUTTON2,False,P1_JOYSTICK=Move; P1_BUTTON1=A; P1_BUTTON2=B; START=Start; COIN=Insert Coin,AxisLeftStick=Move; ButtonA=B; ButtonDpad=Move; ButtonX=A; ButtonStart=Start; ButtonBack=Insert Coin
mortalr,P1_BUTTON2,low,True,JOYCODE_1_BUTTON1,False,P1_JOYSTICK=Steering; P1_BUTTON1=Accelerate; START=Start; COIN=Insert Coin,AxisLeftStick=Steering; AxisTriggerRight=Accelerate; ButtonDpad=Steering; ButtonX=Accelerate; ButtonStart=Start; ButtonBack=Insert Coin
mortalr,P1_BUTTON3,low,True,JOYCODE_1_BUTTON2,False,P1_JOYSTICK=Steering; P1_BUTTON1=Accelerate; START=Start; COIN=Insert Coin,AxisLeftStick=Steering; AxisTriggerRight=Accelerate; ButtonDpad=Steering; ButtonX=Accelerate; ButtonStart=Start; ButtonBack=Insert Coin
mosaicf2,P1_BUTTON3,low,True,JOYCODE_1_BUTTON2,False,P1_JOYSTICK=Move; P1_BUTTON1=Select; P1_BUTTON2=Help; START=Start; COIN=Insert Coin,AxisLeftStick=Move; ButtonA=Help; ButtonDpad=Move; ButtonX=Select; ButtonStart=Start; ButtonBack=Insert Coin
motofren,P1_BUTTON2,low,True,JOYCODE_1_BUTTON3,False,P1_AD_STICK_X=Steering; P1_PEDAL=Accelerate; START=Shoot; COIN=Insert Coin,AxisLeftStick=Steering; AxisTriggerRight=Accelerate; ButtonA=Shoot; ButtonStart=Start; ButtonBack=Insert Coin
motofren,P1_BUTTON3,low,True,JOYCODE_1_BUTTON4,False,P1_AD_STICK_X=Steering; P1_PEDAL=Accelerate; START=Shoot; COIN=Insert Coin,AxisLeftStick=Steering; AxisTriggerRight=Accelerate; ButtonA=Shoot; ButtonStart=Start; ButtonBack=Insert Coin
motofren,P1_BUTTON4,low,True,JOYCODE_1_BUTTON2,False,P1_AD_STICK_X=Steering; P1_PEDAL=Accelerate; START=Shoot; COIN=Insert Coin,AxisLeftStick=Steering; AxisTriggerRight=Accelerate; ButtonA=Shoot; ButtonStart=Start; ButtonBack=Insert Coin
motos,P1_BUTTON2,low,True,JOYCODE_1_BUTTON1,False,P1_JOYSTICK=Move; P1_BUTTON1=Button; START=Start; COIN=Insert Coin,AxisLeftStick=Move; ButtonDpad=Move; ButtonX=Button; ButtonStart=Start; ButtonBack=Insert Coin
mouja,P1_BUTTON3,low,True,JOYCODE_1_BUTTON2,False,P1_JOYSTICK=Move; P1_BUTTON1=Rotate Left; P1_BUTTON2=Rotate Right; START=Start; COIN=Insert Coin,AxisLeftStick=Move; ButtonA=Rotate Right; ButtonDpad=Move; ButtonX=Rotate Left; ButtonStart=Start; ButtonBack=Insert Coin
mp_soni2,P1_BUTTON1,low,True,JOYCODE_1_BUTTON3,False,P1_JOYSTICK=Move; P1_BUTTON2=Jump; START=Start; COIN=Insert Coin,AxisLeftStick=Move; ButtonA=Jump; ButtonDpad=Move; ButtonStart=Start; ButtonBack=Insert Coin
mp_soni2,P1_BUTTON3,low,True,JOYCODE_1_BUTTON2,False,P1_JOYSTICK=Move; P1_BUTTON2=Jump; START=Start; COIN=Insert Coin,AxisLeftStick=Move; ButtonA=Jump; ButtonDpad=Move; ButtonStart=Start; ButtonBack=Insert Coin
mp_sonic,P1_BUTTON1,low,True,JOYCODE_1_BUTTON3,False,P1_JOYSTICK=Move; P1_BUTTON2=Jump; START=Start; COIN=Insert Coin,AxisLeftStick=Move; ButtonA=Jump; ButtonDpad=Move; ButtonStart=Start; ButtonBack=Insert Coin
mp_sonic,P1_BUTTON3,low,True,JOYCODE_1_BUTTON2,False,P1_JOYSTICK=Move; P1_BUTTON2=Jump; START=Start; COIN=Insert Coin,AxisLeftStick=Move; ButtonA=Jump; ButtonDpad=Move; ButtonStart=Start; ButtonBack=Insert Coin
mp_twcup,P1_BUTTON3,low,True,JOYCODE_1_BUTTON2,False,P1_JOYSTICK=Move; P1_BUTTON1=Short Pass / Tackle; P1_BUTTON2=Long Pass / Shoot; START=Start; COIN=Insert Coin,AxisLeftStick=Move; ButtonA=Long Pass / Shoot; ButtonDpad=Move; ButtonX=Short Pass / Tackle; ButtonStart=Start; ButtonBack=Insert Coin
mrdig,P1_BUTTON1,low,True,JOYCODE_1_BUTTON3,False,P1_JOYSTICK=Move; P1_BUTTON2=Dig; START=Start; COIN=Insert Coin,AxisLeftStick=Move; ButtonA=Dig; ButtonDpad=Move; ButtonStart=Start; ButtonBack=Insert Coin
mrdig,P1_BUTTON3,low,True,JOYCODE_1_BUTTON2,False,P1_JOYSTICK=Move; P1_BUTTON2=Dig; START=Start; COIN=Insert Coin,AxisLeftStick=Move; ButtonA=Dig; ButtonDpad=Move; ButtonStart=Start; ButtonBack=Insert Coin
mrdig,P1_BUTTON4,low,True,JOYCODE_1_BUTTON4,False,P1_JOYSTICK=Move; P1_BUTTON2=Dig; START=Start; COIN=Insert Coin,AxisLeftStick=Move; ButtonA=Dig; ButtonDpad=Move; ButtonStart=Start; ButtonBack=Insert Coin
mrdrillr,P1_BUTTON1,low,True,JOYCODE_1_BUTTON1,False,P1_JOYSTICK=Move; START=Start; COIN=Insert Coin,AxisLeftStick=Move; ButtonDpad=Move; ButtonX=Drill; ButtonStart=Start; ButtonBack=Insert Coin
mrdrilr2,P1_BUTTON2,low,True,JOYCODE_1_BUTTON1,False,P1_JOYSTICK=Move; P1_BUTTON1=Drill; START=Start; COIN=Insert Coin,AxisLeftStick=Move; ButtonDpad=Move; ButtonX=Drill; ButtonStart=Start; ButtonBack=Insert Coin
mrdrilr2,P1_BUTTON3,low,True,JOYCODE_1_BUTTON2,False,P1_JOYSTICK=Move; P1_BUTTON1=Drill; START=Start; COIN=Insert Coin,AxisLeftStick=Move; ButtonDpad=Move; ButtonX=Drill; ButtonStart=Start; ButtonBack=Insert Coin
mrdrilr2,P1_BUTTON4,low,True,JOYCODE_1_BUTTON4,False,P1_JOYSTICK=Move; P1_BUTTON1=Drill; START=Start; COIN=Insert Coin,AxisLeftStick=Move; ButtonDpad=Move; ButtonX=Drill; ButtonStart=Start; ButtonBack=Insert Coin
mrdrilr2,P1_BUTTON5,low,True,JOYCODE_1_BUTTON5,False,P1_JOYSTICK=Move; P1_BUTTON1=Drill; START=Start; COIN=Insert Coin,AxisLeftStick=Move; ButtonDpad=Move; ButtonX=Drill; ButtonStart=Start; ButtonBack=Insert Coin
mrdrilr2,P1_BUTTON6,low,True,JOYCODE_1_BUTTON6,False,P1_JOYSTICK=Move; P1_BUTTON1=Drill; START=Start; COIN=Insert Coin,AxisLeftStick=Move; ButtonDpad=Move; ButtonX=Drill; ButtonStart=Start; ButtonBack=Insert Coin
mrdrilrg,P1_BUTTON2,low,True,JOYCODE_1_BUTTON1,False,P1_JOYSTICK=Move; P1_BUTTON1=Drill; START=Start; COIN=Insert Coin,AxisLeftStick=Move; ButtonDpad=Move; ButtonX=Drill; ButtonStart=Start; ButtonBack=Insert Coin
mrdrilrg,P1_BUTTON3,low,True,JOYCODE_1_BUTTON2,False,P1_JOYSTICK=Move; P1_BUTTON1=Drill; START=Start; COIN=Insert Coin,AxisLeftStick=Move; ButtonDpad=Move; ButtonX=Drill; ButtonStart=Start; ButtonBack=Insert Coin
mrdrilrg,P1_BUTTON4,low,True,JOYCODE_1_BUTTON4,False,P1_JOYSTICK=Move; P1_BUTTON1=Drill; START=Start; COIN=Insert Coin,AxisLeftStick=Move; ButtonDpad=Move; ButtonX=Drill; ButtonStart=Start; ButtonBack=Insert Coin
mrdrilrg,P1_BUTTON5,low,True,JOYCODE_1_BUTTON5,False,P1_JOYSTICK=Move; P1_BUTTON1=Drill; START=Start; COIN=Insert Coin,AxisLeftStick=Move; ButtonDpad=Move; ButtonX=Drill; ButtonStart=Start; ButtonBack=Insert Coin
mrdrilrg,P1_BUTTON6,low,True,JOYCODE_1_BUTTON6,False,P1_JOYSTICK=Move; P1_BUTTON1=Drill; START=Start; COIN=Insert Coin,AxisLeftStick=Move; ButtonDpad=Move; ButtonX=Drill; ButtonStart=Start; ButtonBack=Insert Coin
mrkicker,P1_BUTTON3,low,True,JOYCODE_1_BUTTON2,False,P1_JOYSTICK=Move; P1_BUTTON1=Kick Ball; P1_BUTTON2=Jump; START=Start; COIN=Insert Coin,AxisLeftStick=Move; ButtonA=Jump; ButtonDpad=Move; ButtonX=Kick Ball; ButtonStart=Start; ButtonBack=Insert Coin
mrkicker,P1_BUTTON4,low,True,JOYCODE_1_BUTTON4,False,P1_JOYSTICK=Move; P1_BUTTON1=Kick Ball; P1_BUTTON2=Jump; START=Start; COIN=Insert Coin,AxisLeftStick=Move; ButtonA=Jump; ButtonDpad=Move; ButtonX=Kick Ball; ButtonStart=Start; ButtonBack=Insert Coin
msgogo,P1_BUTTON2,low,True,JOYCODE_1_BUTTON1,False,P1_JOYSTICK=Move; P1_BUTTON1=Shoot; START=Start; COIN=Insert Coin,AxisLeftStick=Move; ButtonDpad=Move; ButtonX=Shoot; ButtonStart=Start; ButtonBack=Insert Coin
mslug,P1_BUTTON4,low,True,JOYCODE_1_BUTTON4,False,P1_JOYSTICK=Move; P1_BUTTON1=Shoot; P1_BUTTON2=Jump; P1_BUTTON3=Grenade; START=Start; COIN=Insert Coin,AxisLeftStick=Move; ButtonA=Jump; ButtonB=Grenade; ButtonDpad=Move; ButtonX=Shoot; ButtonStart=Start; ButtonBack=Insert Coin
mslug2,P1_BUTTON4,low,True,JOYCODE_1_BUTTON4,False,P1_JOYSTICK=Move; P1_BUTTON1=Shoot; P1_BUTTON2=Jump; P1_BUTTON3=Grenade; START=Start; COIN=Insert Coin,AxisLeftStick=Move; ButtonA=Jump; ButtonB=Grenade; ButtonDpad=Move; ButtonX=Shoot; ButtonStart=Start; ButtonBack=Insert Coin
mslug3,P1_BUTTON4,low,True,JOYCODE_1_BUTTON4,False,P1_JOYSTICK=Move; P1_BUTTON1=Shoot; P1_BUTTON2=Jump; P1_BUTTON3=Grenade; START=Start; COIN=Insert Coin,AxisLeftStick=Move; ButtonA=Jump; ButtonB=Grenade; ButtonDpad=Move; ButtonX=Shoot; ButtonStart=Start; ButtonBack=Insert Coin
mslugx,P1_BUTTON4,low,True,JOYCODE_1_BUTTON4,False,P1_JOYSTICK=Move; P1_BUTTON1=Shoot; P1_BUTTON2=Jump; P1_BUTTON3=Grenade; START=Start; COIN=Insert Coin,AxisLeftStick=Move; ButtonA=Jump; ButtonB=Grenade; ButtonDpad=Move; ButtonX=Shoot; ButtonStart=Start; ButtonBack=Insert Coin
msword,P1_BUTTON3,low,True,JOYCODE_1_BUTTON2,False,P1_JOYSTICK=Move; P1_BUTTON1=Attack; P1_BUTTON2=Jump; START=Start; COIN=Insert Coin,AxisLeftStick=Move; ButtonA=Jump; ButtonDpad=Move; ButtonX=Attack; ButtonStart=Start; ButtonBack=Insert Coin
mtwinbee,P1_BUTTON3,low,True,JOYCODE_1_BUTTON2,False,P1_JOYSTICK=Move; P1_BUTTON1=Shoot / (Hold) Charge; P1_BUTTON2=Bomb; START=Start; COIN=Insert Coin,AxisLeftStick=Move; ButtonA=Bomb; ButtonDpad=Move; ButtonX=Shoot / (Hold) Charge; ButtonStart=Start; ButtonBack=Insert Coin
mushisam,P1_BUTTON4,low,True,JOYCODE_1_BUTTON4,False,P1_JOYSTICK=Move; P1_BUTTON1=Shoot; P1_BUTTON2=Bomb; P1_BUTTON3=Auto Fire; START=Start; COIN=Insert Coin,AxisLeftStick=Move; ButtonA=Bomb; ButtonB=Auto Fire; ButtonDpad=Move; ButtonX=Shoot; ButtonStart=Start; ButtonBack=Insert Coin
mushitam,P1_BUTTON2,low,True,JOYCODE_1_BUTTON1,False,P1_JOYSTICK=Pull Down To Launch; P1_BUTTON1=Button; START=Start; COIN=Insert Coin,AxisLeftStick=Pull Down To Launch; ButtonDpad=Pull Down To Launch; ButtonX=Button; ButtonStart=Start; ButtonBack=Insert Coin
mushitam,P1_BUTTON3,low,True,JOYCODE_1_BUTTON2,False,P1_JOYSTICK=Pull Down To Launch; P1_BUTTON1=Button; START=Start; COIN=Insert Coin,AxisLeftStick=Pull Down To Launch; ButtonDpad=Pull Down To Launch; ButtonX=Button; ButtonStart=Start; ButtonBack=Insert Coin
mushitam,P1_BUTTON4,low,True,JOYCODE_1_BUTTON4,False,P1_JOYSTICK=Pull Down To Launch; P1_BUTTON1=Button; START=Start; COIN=Insert Coin,AxisLeftStick=Pull Down To Launch; ButtonDpad=Pull Down To Launch; ButtonX=Button; ButtonStart=Start; ButtonBack=Insert Coin
musicbal,P1_BUTTON3,low,True,JOYCODE_1_BUTTON2,False,P1_BUTTON1=Left Flipper; P1_BUTTON2=Right Flipper; START=Start; COIN=Insert Coin,ButtonA=Right Flipper; ButtonLeftShoulder=Left Flipper; ButtonRightShoulder=Right Flipper; ButtonX=Left Flipper; ButtonStart=Start; ButtonBack=Insert Coin
musicbal,P1_BUTTON4,low,True,JOYCODE_1_BUTTON4,False,P1_BUTTON1=Left Flipper; P1_BUTTON2=Right Flipper; START=Start; COIN=Insert Coin,ButtonA=Right Flipper; ButtonLeftShoulder=Left Flipper; ButtonRightShoulder=Right Flipper; ButtonX=Left Flipper; ButtonStart=Start; ButtonBack=Insert Coin
mustache,P1_BUTTON2,low,True,JOYCODE_1_BUTTON1,False,P1_JOYSTICK=Move; P1_BUTTON1=Jump; START=Start; COIN=Insert Coin,AxisLeftStick=Move; ButtonDpad=Move; ButtonX=Jump; ButtonStart=Start; ButtonBack=Insert Coin
mutnat,P1_BUTTON3,low,True,JOYCODE_1_BUTTON2,False,P1_JOYSTICK=Move; P1_BUTTON1=Attack / (Hold) Charge; P1_BUTTON2=Jump; START=Start; COIN=Insert Coin,AxisLeftStick=Move; ButtonA=Jump; ButtonDpad=Move; ButtonX=Attack / (Hold) Charge; ButtonStart=Start; ButtonBack=Insert Coin
mutnat,P1_BUTTON4,low,True,JOYCODE_1_BUTTON4,False,P1_JOYSTICK=Move; P1_BUTTON1=Attack / (Hold) Charge; P1_BUTTON2=Jump; START=Start; COIN=Insert Coin,AxisLeftStick=Move; ButtonA=Jump; ButtonDpad=Move; ButtonX=Attack / (Hold) Charge; ButtonStart=Start; ButtonBack=Insert Coin
mwalk,P1_BUTTON3,low,True,JOYCODE_1_BUTTON2,False,P1_JOYSTICK=Move; P1_BUTTON1=Attack / (Hold) Charge; P1_BUTTON2=Dance; START=Start; COIN=Insert Coin,AxisLeftStick=Move; ButtonA=Dance; ButtonDpad=Move; ButtonX=Attack / (Hold) Charge; ButtonStart=Start; ButtonBack=Insert Coin
mystwarr,P1_BUTTON3,low,True,JOYCODE_1_BUTTON2,False,P1_JOYSTICK=Move; P1_BUTTON1=Attack; P1_BUTTON2=Jump; START=Start; COIN=Insert Coin,AxisLeftStick=Move; ButtonA=Jump; ButtonDpad=Move; ButtonX=Attack; ButtonStart=Start; ButtonBack=Insert Coin
nagano98,P1_BUTTON3,low,True,JOYCODE_1_BUTTON2,False,P1_JOYSTICK=Move; P1_BUTTON1=A / Red; P1_BUTTON2=B / Green; START=Start; COIN=Insert Coin,AxisLeftStick=Move; ButtonA=B / Green; ButtonDpad=Move; ButtonX=A / Red; ButtonStart=Start; ButtonBack=Insert Coin
nam1975,P1_BUTTON4,low,True,JOYCODE_1_BUTTON4,False,P1_JOYSTICK=Move; P1_BUTTON1=Shoot; P1_BUTTON2=Grenade; P1_BUTTON3=Run / Dodge Bullet; START=Start; COIN=Insert Coin,AxisLeftStick=Move; ButtonA=Grenade; ButtonB=Run / Dodge Bullet; ButtonDpad=Move; ButtonX=Shoot; ButtonStart=Start; ButtonBack=Insert Coin
nbagold,P1_BUTTON1,low,True,JOYCODE_1_BUTTON3,False,P1_JOYSTICK=Move; P1_BUTTON2=Shoot / Block; P1_BUTTON3=Pass / Steal; START=Start; COIN=Insert Coin,AxisLeftStick=Move; ButtonA=Shoot / Block; ButtonB=Pass / Steal; ButtonDpad=Move; ButtonY=Turbo; ButtonStart=Start; ButtonBack=Insert Coin
ncombat,P1_BUTTON4,low,True,JOYCODE_1_BUTTON4,False,P1_JOYSTICK=Move; P1_BUTTON1=Shoot; P1_BUTTON2=Jump; P1_BUTTON3=Flip; START=Start; COIN=Insert Coin,AxisLeftStick=Move; ButtonA=Jump; ButtonB=Flip; ButtonDpad=Move; ButtonX=Shoot; ButtonStart=Start; ButtonBack=Insert Coin
ncommand,P1_BUTTON4,low,True,JOYCODE_1_BUTTON4,False,P1_JOYSTICK=Move; P1_BUTTON1=Shoot; P1_BUTTON2=Dodge; P1_BUTTON3=Bomb; START=Start; COIN=Insert Coin,AxisLeftStick=Move; ButtonA=Dodge; ButtonB=Bomb; ButtonDpad=Move; ButtonX=Shoot; ButtonStart=Start; ButtonBack=Insert Coin
ncv1,P1_BUTTON3,low,True,JOYCODE_1_BUTTON2,False,P1_JOYSTICK=Move; P1_BUTTON1=A Button; P1_BUTTON2=B Button; START=Start; COIN=Insert Coin,AxisLeftStick=Move; ButtonA=B Button; ButtonDpad=Move; ButtonX=A Button; ButtonStart=Start; ButtonBack=Insert Coin
ncv2,P1_BUTTON3,low,True,JOYCODE_1_BUTTON2,False,P1_JOYSTICK=Move; P1_BUTTON1=A Button; P1_BUTTON2=B Button; START=Start; COIN=Insert Coin,AxisLeftStick=Move; ButtonA=B Button; ButtonDpad=Move; ButtonX=A Button; ButtonStart=Start; ButtonBack=Insert Coin
nebulray,P1_BUTTON3,low,True,JOYCODE_1_BUTTON2,False,P1_JOYSTICK=Move; P1_BUTTON1=Shoot; P1_BUTTON2=Bomb; START=Start,AxisLeftStick=Move; ButtonA=Bomb; ButtonDpad=Move; ButtonX=Shoot; ButtonStart=Start; ButtonBack=Insert Coin
nemo,P1_BUTTON3,low,True,JOYCODE_1_BUTTON2,False,P1_JOYSTICK=Move; P1_BUTTON1=Attack; P1_BUTTON2=Jump; START=Start; COIN=Insert Coin,AxisLeftStick=Move; ButtonA=Jump; ButtonDpad=Move; ButtonX=Attack; ButtonStart=Start; ButtonBack=Insert Coin
neobombe,P1_BUTTON2,low,True,JOYCODE_1_BUTTON1,False,P1_JOYSTICK=Move; P1_BUTTON1=Place Bomb/Kick/Pick Up; START=Start; COIN=Insert Coin,AxisLeftStick=Move; ButtonDpad=Move; ButtonX=Place Bomb/Kick/Pick Up; ButtonStart=Start; ButtonBack=Insert Coin
neobombe,P1_BUTTON3,low,True,JOYCODE_1_BUTTON2,False,P1_JOYSTICK=Move; P1_BUTTON1=Place Bomb/Kick/Pick Up; START=Start; COIN=Insert Coin,AxisLeftStick=Move; ButtonDpad=Move; ButtonX=Place Bomb/Kick/Pick Up; ButtonStart=Start; ButtonBack=Insert Coin
neobombe,P1_BUTTON4,low,True,JOYCODE_1_BUTTON4,False,P1_JOYSTICK=Move; P1_BUTTON1=Place Bomb/Kick/Pick Up; START=Start; COIN=Insert Coin,AxisLeftStick=Move; ButtonDpad=Move; ButtonX=Place Bomb/Kick/Pick Up; ButtonStart=Start; ButtonBack=Insert Coin
neocup98,P1_BUTTON4,low,True,JOYCODE_1_BUTTON4,False,P1_JOYSTICK=Move; P1_BUTTON1=Shoot / Low Pass / Slide; P1_BUTTON2=High Pass / Tackle; P1_BUTTON3=Short Pass / Change Player; START=Start; COIN=Insert Coin,AxisLeftStick=Move; ButtonA=High Pass / Tackle; ButtonB=Short Pass / Change Player; ButtonDpad=Move; ButtonX=Shoot / Low Pass / Slide; ButtonStart=Start; ButtonBack=Insert Coin
neodrift,P1_BUTTON3,low,True,JOYCODE_1_BUTTON2,False,P1_JOYSTICK=Move; P1_BUTTON1=Accelerate; P1_BUTTON2=Brake; START=Start; COIN=Insert Coin,AxisLeftStick=Move; AxisTriggerRight=Accelerate; ButtonA=Brake; ButtonDpad=Move; ButtonLeftShoulder=Brake; ButtonX=Accelerate; ButtonStart=Start; ButtonBack=Insert Coin
neodrift,P1_BUTTON4,low,True,JOYCODE_1_BUTTON4,False,P1_JOYSTICK=Move; P1_BUTTON1=Accelerate; P1_BUTTON2=Brake; START=Start; COIN=Insert Coin,AxisLeftStick=Move; AxisTriggerRight=Accelerate; ButtonA=Brake; ButtonDpad=Move; ButtonLeftShoulder=Brake; ButtonX=Accelerate; ButtonStart=Start; ButtonBack=Insert Coin
neomrdo,P1_BUTTON2,low,True,JOYCODE_1_BUTTON1,False,P1_JOYSTICK=Move; P1_BUTTON1=Shoot; START=Start; COIN=Insert Coin,AxisLeftStick=Move; ButtonDpad=Move; ButtonX=Shoot; ButtonStart=Start; ButtonBack=Insert Coin
neomrdo,P1_BUTTON3,low,True,JOYCODE_1_BUTTON2,False,P1_JOYSTICK=Move; P1_BUTTON1=Shoot; START=Start; COIN=Insert Coin,AxisLeftStick=Move; ButtonDpad=Move; ButtonX=Shoot; ButtonStart=Start; ButtonBack=Insert Coin
neomrdo,P1_BUTTON4,low,True,JOYCODE_1_BUTTON4,False,P1_JOYSTICK=Move; P1_BUTTON1=Shoot; START=Start; COIN=Insert Coin,AxisLeftStick=Move; ButtonDpad=Move; ButtonX=Shoot; ButtonStart=Start; ButtonBack=Insert Coin
newfant,P1_BUTTON2,low,True,JOYCODE_1_BUTTON1,False,P1_JOYSTICK=Move; P1_BUTTON1=Draw; START=Start; COIN=Insert Coin,AxisLeftStick=Move; ButtonDpad=Move; ButtonX=Draw; ButtonStart=Start; ButtonBack=Insert Coin
news,P1_BUTTON2,low,True,JOYCODE_1_BUTTON1,False,P1_JOYSTICK=Move; P1_BUTTON1=Rotate; START=Start; COIN=Insert Coin,AxisLeftStick=Move; ButtonDpad=Move; ButtonX=Rotate; ButtonStart=Start; ButtonBack=Insert Coin
newxpang,P1_BUTTON4,low,True,JOYCODE_1_BUTTON4,False,P1_JOYSTICK=Move; P1_BUTTON1=Select; P1_BUTTON2=Help; P1_BUTTON3=Add Blocks; START=Start; COIN=Insert Coin,AxisLeftStick=Move; ButtonA=Help; ButtonB=Add Blocks; ButtonDpad=Move; ButtonX=Select; ButtonStart=Start; ButtonBack=Insert Coin
nicetsuk,P1_BUTTON5,low,True,JOYCODE_1_BUTTON8,False,P1_JOYSTICK_UP=Move; P1_JOYSTICK_DOWN=Move; P1_BUTTON1=Hit Forehead; P1_BUTTON2=Hit Chest; P1_BUTTON3=Hit Back of Head; P1_BUTTON4=Talk; START=Start; COIN=Insert Coin,AxisLeftStick=Move; ButtonA=Hit Back of Head; ButtonB=Talk; ButtonDpad=Move; ButtonX=Hit Chest; ButtonY=Hit Forehead; ButtonStart=Start; ButtonBack=Insert Coin
nicetsuk,P1_BUTTON6,low,True,JOYCODE_1_BUTTON5,False,P1_JOYSTICK_UP=Move; P1_JOYSTICK_DOWN=Move; P1_BUTTON1=Hit Forehead; P1_BUTTON2=Hit Chest; P1_BUTTON3=Hit Back of Head; P1_BUTTON4=Talk; START=Start; COIN=Insert Coin,AxisLeftStick=Move; ButtonA=Hit Back of Head; ButtonB=Talk; ButtonDpad=Move; ButtonX=Hit Chest; ButtonY=Hit Forehead; ButtonStart=Start; ButtonBack=Insert Coin
nicetsuk,P1_BUTTON7,low,True,JOYCODE_1_BUTTON6,False,P1_JOYSTICK_UP=Move; P1_JOYSTICK_DOWN=Move; P1_BUTTON1=Hit Forehead; P1_BUTTON2=Hit Chest; P1_BUTTON3=Hit Back of Head; P1_BUTTON4=Talk; START=Start; COIN=Insert Coin,AxisLeftStick=Move; ButtonA=Hit Back of Head; ButtonB=Talk; ButtonDpad=Move; ButtonX=Hit Chest; ButtonY=Hit Forehead; ButtonStart=Start; ButtonBack=Insert Coin
nightstr,P1_BUTTON2,low,True,JOYCODE_1_BUTTON1,False,P1_JOYSTICK=Move; P1_AD_STICK_X=Move; P1_AD_STICK_Y=Move; P1_BUTTON1=Shoot; START=Start; COIN=Insert Coin,AxisLeftStick=Move; ButtonDpad=Move; ButtonX=Shoot; ButtonStart=Start; ButtonBack=Insert Coin
ninjemak,P1_BUTTON3,low,True,JOYCODE_1_BUTTON2,False,P1_JOYSTICK=Move; P1_BUTTON1=Shoot; P1_BUTTON2=Special; START=Start; COIN=Insert Coin,AxisLeftStick=Move; ButtonA=Special; ButtonDpad=Move; ButtonX=Shoot; ButtonStart=Start; ButtonBack=Insert Coin
nitd,P1_BUTTON3,low,True,JOYCODE_1_BUTTON2,False,P1_JOYSTICK=Move; P1_BUTTON1=Shoot; P1_BUTTON2=Jump; START=Start; COIN=Insert Coin,AxisLeftStick=Move; ButtonA=Jump; ButtonDpad=Move; ButtonX=Shoot; ButtonStart=Start; ButtonBack=Insert Coin
nitd,P1_BUTTON4,low,True,JOYCODE_1_BUTTON4,False,P1_JOYSTICK=Move; P1_BUTTON1=Shoot; P1_BUTTON2=Jump; START=Start; COIN=Insert Coin,AxisLeftStick=Move; ButtonA=Jump; ButtonDpad=Move; ButtonX=Shoot; ButtonStart=Start; ButtonBack=Insert Coin
nitedrvr,P1_BUTTON4,low,True,JOYCODE_1_HAT1RIGHT,False,P1_DIAL=Steering; P1_BUTTON1=Accelerate; P1_BUTTON2=Pro Track; P1_BUTTON3=Expert Track; P1_BUTTON5=Gear 1; P1_BUTTON6=Gear 2; P1_BUTTON7=Gear 3; P1_BUTTON8=Gear 4; START=Start; COIN=Insert Coin,AxisLeftStick=Steering; AxisTriggerRight=Accelerate; ButtonA=Gear 2; ButtonB=Gear 4; ButtonDpadDown=Novice Track; ButtonDpadLeft=Pro Track; ButtonDpadUp=Expert Track; ButtonX=Gear 3; ButtonY=Gear 1; ButtonStart=Start; ButtonBack=Insert Coin
nmg5,P1_BUTTON3,low,True,JOYCODE_1_BUTTON2,False,P1_JOYSTICK=Move; P1_BUTTON1=A; P1_BUTTON2=B; START=Start; COIN=Insert Coin,AxisLeftStick=Move; ButtonA=B; ButtonDpad=Move; ButtonX=A; ButtonStart=Start; ButtonBack=Insert Coin
nspirit,P1_BUTTON4,low,True,JOYCODE_1_BUTTON4,False,P1_JOYSTICK=Move; P1_BUTTON1=Change Weapon; P1_BUTTON2=Attack; P1_BUTTON3=Jump; START=Start; COIN=Insert Coin,AxisLeftStick=Move; ButtonA=Jump; ButtonB=Change Weapon; ButtonDpad=Move; ButtonX=Attack; ButtonStart=Start; ButtonBack=Insert Coin
nunchaku,P1_BUTTON2,low,True,JOYCODE_1_BUTTON1,False,P1_JOYSTICK=Move; P1_BUTTON1=Attack; START=Start; COIN=Insert Coin,AxisLeftStick=Move; ButtonDpad=Move; ButtonX=Attack; ButtonStart=Start; ButtonBack=Insert Coin
offroadc,P1_BUTTON5,low,True,JOYCODE_1_RZAXIS_NEG_SWITCH,False,P1_PEDAL=Accelerate; P1_PADDLE=Steering; P1_BUTTON1=Change Music; P1_BUTTON2=View 1; P1_BUTTON3=View 2; P1_BUTTON4=View 3; START=Boost; COIN=Insert Coin,AxisLeftStick=Steering; AxisTriggerRight=Accelerate; ButtonA=Boost; ButtonDpadLeft=View 2; ButtonDpadRight=View 3; ButtonDpadUp=View 1; ButtonLeftShoulder=Brake; ButtonY=Change Music; ButtonStart=Start; ButtonBack=Insert Coin
offroadc,P1_BUTTON6,low,True,JOYCODE_1_RZAXIS_POS_SWITCH,False,P1_PEDAL=Accelerate; P1_PADDLE=Steering; P1_BUTTON1=Change Music; P1_BUTTON2=View 1; P1_BUTTON3=View 2; P1_BUTTON4=View 3; START=Boost; COIN=Insert Coin,AxisLeftStick=Steering; AxisTriggerRight=Accelerate; ButtonA=Boost; ButtonDpadLeft=View 2; ButtonDpadRight=View 3; ButtonDpadUp=View 1; ButtonLeftShoulder=Brake; ButtonY=Change Music; ButtonStart=Start; ButtonBack=Insert Coin
offroadc,P1_BUTTON7,low,True,JOYCODE_1_ZAXIS_NEG_SWITCH,False,P1_PEDAL=Accelerate; P1_PADDLE=Steering; P1_BUTTON1=Change Music; P1_BUTTON2=View 1; P1_BUTTON3=View 2; P1_BUTTON4=View 3; START=Boost; COIN=Insert Coin,AxisLeftStick=Steering; AxisTriggerRight=Accelerate; ButtonA=Boost; ButtonDpadLeft=View 2; ButtonDpadRight=View 3; ButtonDpadUp=View 1; ButtonLeftShoulder=Brake; ButtonY=Change Music; ButtonStart=Start; ButtonBack=Insert Coin
offroadc,P1_BUTTON8,low,True,JOYCODE_1_ZAXIS_POS_SWITCH,False,P1_PEDAL=Accelerate; P1_PADDLE=Steering; P1_BUTTON1=Change Music; P1_BUTTON2=View 1; P1_BUTTON3=View 2; P1_BUTTON4=View 3; START=Boost; COIN=Insert Coin,AxisLeftStick=Steering; AxisTriggerRight=Accelerate; ButtonA=Boost; ButtonDpadLeft=View 2; ButtonDpadRight=View 3; ButtonDpadUp=View 1; ButtonLeftShoulder=Brake; ButtonY=Change Music; ButtonStart=Start; ButtonBack=Insert Coin
offtwall,P1_BUTTON2,low,True,JOYCODE_1_BUTTON1,False,P1_JOYSTICK=Move; P1_DIAL_V=Move; P1_BUTTON1=Button / Start; COIN=Insert Coin,AxisLeftStick=Move; ButtonDpad=Move; ButtonX=Button / Start; ButtonStart=Start; ButtonBack=Insert Coin
offtwall,P1_BUTTON3,low,True,JOYCODE_1_BUTTON2,False,P1_JOYSTICK=Move; P1_DIAL_V=Move; P1_BUTTON1=Button / Start; COIN=Insert Coin,AxisLeftStick=Move; ButtonDpad=Move; ButtonX=Button / Start; ButtonStart=Start; ButtonBack=Insert Coin
offtwall,P1_BUTTON4,low,True,JOYCODE_1_BUTTON4,False,P1_JOYSTICK=Move; P1_DIAL_V=Move; P1_BUTTON1=Button / Start; COIN=Insert Coin,AxisLeftStick=Move; ButtonDpad=Move; ButtonX=Button / Start; ButtonStart=Start; ButtonBack=Insert Coin
omega,P1_BUTTON1,low,True,JOYCODE_1_BUTTON3,False,P1_DIAL=Move; P1_BUTTON2=Release Ball / Shoot; START=Start; COIN=Insert Coin,AxisLeftStick=Move; ButtonA=Release Ball / Shoot; ButtonDpad=Move; ButtonStart=Start; ButtonBack=Insert Coin
ooparts,P1_BUTTON3,low,True,JOYCODE_1_BUTTON2,False,P1_JOYSTICK=Move; P1_BUTTON1=Tilt (Touching a Wall); P1_BUTTON2=Shoot; START=Start; COIN=Insert Coin,AxisLeftStick=Move; ButtonA=Shoot; ButtonDpad=Move; ButtonX=Tilt (Touching a Wall); ButtonStart=Start; ButtonBack=Insert Coin
opaopa,P1_BUTTON2,low,True,JOYCODE_1_BUTTON1,False,P1_JOYSTICK=Move; P1_BUTTON1=Shoot; START=Start; COIN=Insert Coin,AxisLeftStick=Move; ButtonDpad=Move; ButtonX=Shoot; ButtonStart=Start; ButtonBack=Insert Coin
ordyne,P1_BUTTON3,low,True,JOYCODE_1_BUTTON2,False,P1_JOYSTICK=Move; P1_BUTTON1=Shoot; P1_BUTTON2=Bomb; START=Start; COIN=Insert Coin,AxisLeftStick=Move; ButtonA=Bomb; ButtonDpad=Move; ButtonX=Shoot; ButtonStart=Start; ButtonBack=Insert Coin
othldrby,P1_BUTTON2,low,True,JOYCODE_1_BUTTON1,False,P1_JOYSTICK=Move; P1_BUTTON1=Select; START=Start; COIN=Insert Coin,AxisLeftStick=Move; ButtonDpad=Move; ButtonX=Select; ButtonStart=Start; ButtonBack=Insert Coin
othldrby,P1_BUTTON3,low,True,JOYCODE_1_BUTTON2,False,P1_JOYSTICK=Move; P1_BUTTON1=Select; START=Start; COIN=Insert Coin,AxisLeftStick=Move; ButtonDpad=Move; ButtonX=Select; ButtonStart=Start; ButtonBack=Insert Coin
outfxies,P1_BUTTON3,low,True,JOYCODE_1_BUTTON2,False,P1_JOYSTICK=Move; P1_BUTTON1=Attack; P1_BUTTON2=Jump; START=Start,AxisLeftStick=Move; ButtonA=Jump; ButtonDpad=Move; ButtonX=Attack; ButtonStart=Start; ButtonBack=Insert Coin
outzone,P1_BUTTON3,low,True,JOYCODE_1_BUTTON2,False,P1_JOYSTICK=Move; P1_BUTTON1=Shoot; P1_BUTTON2=Bomb; START=Start; COIN=Insert Coin,AxisLeftStick=Move; ButtonA=Bomb; ButtonDpad=Move; ButtonX=Shoot; ButtonStart=Start; ButtonBack=Insert Coin
overtop,P1_BUTTON3,low,True,JOYCODE_1_BUTTON2,False,P1_JOYSTICK=Move; P1_BUTTON1=Accelerate; P1_BUTTON2=Brake; START=Start; COIN=Insert Coin,AxisLeftStick=Move; AxisTriggerLeft=Brake; AxisTriggerRight=Accelerate; ButtonA=Brake; ButtonDpad=Move; ButtonX=Accelerate; ButtonStart=Start; ButtonBack=Insert Coin
overtop,P1_BUTTON4,low,True,JOYCODE_1_BUTTON4,False,P1_JOYSTICK=Move; P1_BUTTON1=Accelerate; P1_BUTTON2=Brake; START=Start; COIN=Insert Coin,AxisLeftStick=Move; AxisTriggerLeft=Brake; AxisTriggerRight=Accelerate; ButtonA=Brake; ButtonDpad=Move; ButtonX=Accelerate; ButtonStart=Start; ButtonBack=Insert Coin
p47aces,P1_BUTTON3,low,True,JOYCODE_1_BUTTON2,False,P1_JOYSTICK=Move; P1_BUTTON1=Shoot; P1_BUTTON2=Bomb; START=Start; COIN=Insert Coin,AxisLeftStick=Move; ButtonA=Bomb; ButtonDpad=Move; ButtonX=Shoot; ButtonStart=Start; ButtonBack=Insert Coin
p47aces,P1_BUTTON4,low,True,JOYCODE_1_BUTTON4,False,P1_JOYSTICK=Move; P1_BUTTON1=Shoot; P1_BUTTON2=Bomb; START=Start; COIN=Insert Coin,AxisLeftStick=Move; ButtonA=Bomb; ButtonDpad=Move; ButtonX=Shoot; ButtonStart=Start; ButtonBack=Insert Coin
p47aces,P1_BUTTON5,low,True,JOYCODE_1_BUTTON6,False,P1_JOYSTICK=Move; P1_BUTTON1=Shoot; P1_BUTTON2=Bomb; START=Start; COIN=Insert Coin,AxisLeftStick=Move; ButtonA=Bomb; ButtonDpad=Move; ButtonX=Shoot; ButtonStart=Start; ButtonBack=Insert Coin
packbang,P1_BUTTON3,low,True,JOYCODE_1_BUTTON2,False,P1_JOYSTICK=Move; P1_BUTTON1=Throw; P1_BUTTON2=Jump; START=Start; COIN=Insert Coin,AxisLeftStick=Move; ButtonA=Jump; ButtonDpad=Move; ButtonX=Throw; ButtonStart=Start; ButtonBack=Insert Coin
pacmania,P1_BUTTON1,low,True,JOYCODE_1_BUTTON3,False,P1_JOYSTICK=Move; P1_BUTTON2=Jump; START=Start; COIN=Insert Coin,AxisLeftStick=Move; ButtonA=Jump; ButtonDpad=Move; ButtonStart=Start; ButtonBack=Insert Coin
pacmania,P1_BUTTON3,low,True,JOYCODE_1_BUTTON2,False,P1_JOYSTICK=Move; P1_BUTTON2=Jump; START=Start; COIN=Insert Coin,AxisLeftStick=Move; ButtonA=Jump; ButtonDpad=Move; ButtonStart=Start; ButtonBack=Insert Coin
pang,P1_BUTTON2,low,True,JOYCODE_1_BUTTON1,False,P1_JOYSTICK=Move; P1_BUTTON1=Shoot; START=Start; COIN=Insert Coin,AxisLeftStick=Move; ButtonDpad=Move; ButtonX=Shoot; ButtonStart=Start; ButtonBack=Insert Coin
panicbom,P1_BUTTON2,low,True,JOYCODE_1_BUTTON1,False,P1_JOYSTICK=Move; P1_BUTTON1=Rotate; START=Start; COIN=Insert Coin,AxisLeftStick=Move; AxisTriggerLeft=Brake; AxisTriggerRight=Accelerate; ButtonDpad=Move; ButtonX=Rotate; ButtonStart=Start; ButtonBack=Insert Coin
panicbom,P1_BUTTON3,low,True,JOYCODE_1_BUTTON2,False,P1_JOYSTICK=Move; P1_BUTTON1=Rotate; START=Start; COIN=Insert Coin,AxisLeftStick=Move; AxisTriggerLeft=Brake; AxisTriggerRight=Accelerate; ButtonDpad=Move; ButtonX=Rotate; ButtonStart=Start; ButtonBack=Insert Coin
panicbom,P1_BUTTON4,low,True,JOYCODE_1_BUTTON4,False,P1_JOYSTICK=Move; P1_BUTTON1=Rotate; START=Start; COIN=Insert Coin,AxisLeftStick=Move; AxisTriggerLeft=Brake; AxisTriggerRight=Accelerate; ButtonDpad=Move; ButtonX=Rotate; ButtonStart=Start; ButtonBack=Insert Coin
panikuru,P1_BUTTON2,low,True,JOYCODE_1_BUTTON1,False,P1_JOYSTICK=Move; P1_BUTTON1=Place Counter; START=Start; COIN=Insert Coin,AxisLeftStick=Move; ButtonDpad=Move; ButtonX=Place Counter; ButtonStart=Start; ButtonBack=Insert Coin
panikuru,P1_BUTTON3,low,True,JOYCODE_1_BUTTON2,False,P1_JOYSTICK=Move; P1_BUTTON1=Place Counter; START=Start; COIN=Insert Coin,AxisLeftStick=Move; ButtonDpad=Move; ButtonX=Place Counter; ButtonStart=Start; ButtonBack=Insert Coin
panikuru,P1_BUTTON4,low,True,JOYCODE_1_BUTTON4,False,P1_JOYSTICK=Move; P1_BUTTON1=Place Counter; START=Start; COIN=Insert Coin,AxisLeftStick=Move; ButtonDpad=Move; ButtonX=Place Counter; ButtonStart=Start; ButtonBack=Insert Coin
panikuru,P1_BUTTON5,low,True,JOYCODE_1_BUTTON5,False,P1_JOYSTICK=Move; P1_BUTTON1=Place Counter; START=Start; COIN=Insert Coin,AxisLeftStick=Move; ButtonDpad=Move; ButtonX=Place Counter; ButtonStart=Start; ButtonBack=Insert Coin
panikuru,P1_BUTTON6,low,True,JOYCODE_1_BUTTON6,False,P1_JOYSTICK=Move; P1_BUTTON1=Place Counter; START=Start; COIN=Insert Coin,AxisLeftStick=Move; ButtonDpad=Move; ButtonX=Place Counter; ButtonStart=Start; ButtonBack=Insert Coin
paperboy,P1_BUTTON1,low,True,JOYCODE_1_BUTTON3,False,P1_AD_STICK_X=Move; P1_AD_STICK_Y=Move; P1_BUTTON2=Thtow Papaer; COIN=Insert Coin,AxisLeftStick=Move; ButtonA=Thtow Papaer; ButtonDpad=Move; ButtonStart=Start; ButtonBack=Insert Coin
paranoia,P1_BUTTON2,low,True,JOYCODE_1_BUTTON1,False,P1_JOYSTICK=Move; P1_BUTTON1=Shoot; START=Start,AxisLeftStick=Move; ButtonDpad=Move; ButtonX=Shoot; ButtonStart=Start; ButtonBack=Insert Coin
paranoia,P1_BUTTON3,low,True,JOYCODE_1_BUTTON2,False,P1_JOYSTICK=Move; P1_BUTTON1=Shoot; START=Start,AxisLeftStick=Move; ButtonDpad=Move; ButtonX=Shoot; ButtonStart=Start; ButtonBack=Insert Coin
pass,P1_BUTTON1,low,True,JOYCODE_1_BUTTON3,False,P1_JOYSTICK=Move; P1_BUTTON2=Retract Tongue; START=Start; COIN=Insert Coin,AxisLeftStick=Move; ButtonA=Retract Tongue; ButtonDpad=Move; ButtonStart=Start; ButtonBack=Insert Coin
pastelis,P1_BUTTON3,low,True,JOYCODE_1_BUTTON2,False,P1_JOYSTICK=Move; P1_BUTTON1=Shoot; P1_BUTTON2=Jump; START=Start; COIN=Insert Coin,AxisLeftStick=Move; ButtonA=Jump; ButtonDpad=Move; ButtonX=Shoot; ButtonStart=Start; ButtonBack=Insert Coin
patocar,P1_BUTTON1,low,True,JOYCODE_1_BUTTON1,False,P1_TRACKBALL_X=Move; P1_TRACKBALL_Y=Move; START=Start; COIN=Insert Coin,AxisLeftStick=Move; ButtonDpad=Move; ButtonStart=Start; ButtonBack=Insert Coin
pbillrd,P1_BUTTON1,low,True,JOYCODE_1_BUTTON3,False,P1_JOYSTICK=Move; P1_BUTTON2=Release Ball / Shoot; START=Start; COIN=Insert Coin,AxisLeftStick=Move; ButtonA=Release Ball / Shoot; ButtonDpad=Move; ButtonStart=Start; ButtonBack=Insert Coin
pblbeach,P1_BUTTON1,low,True,JOYCODE_1_BUTTON3,False,P1_JOYSTICK=Move; P1_BUTTON2=Button; START=Start; COIN=Insert Coin,AxisLeftStick=Move; ButtonA=Button; ButtonDpad=Move; ButtonStart=Start; ButtonBack=Insert Coin
pblbeach,P1_BUTTON3,low,True,JOYCODE_1_BUTTON2,False,P1_JOYSTICK=Move; P1_BUTTON2=Button; START=Start; COIN=Insert Coin,AxisLeftStick=Move; ButtonA=Button; ButtonDpad=Move; ButtonStart=Start; ButtonBack=Insert Coin
pblbeach,P1_BUTTON4,low,True,JOYCODE_1_BUTTON4,False,P1_JOYSTICK=Move; P1_BUTTON2=Button; START=Start; COIN=Insert Coin,AxisLeftStick=Move; ButtonA=Button; ButtonDpad=Move; ButtonStart=Start; ButtonBack=Insert Coin
pbobbl2n,P1_BUTTON2,low,True,JOYCODE_1_BUTTON1,False,P1_JOYSTICK=Move; P1_BUTTON1=Shoot; START=Start; COIN=Insert Coin,AxisLeftStick=Move; ButtonDpad=Move; ButtonX=Shoot; ButtonStart=Start; ButtonBack=Insert Coin
pbobbl2n,P1_BUTTON3,low,True,JOYCODE_1_BUTTON2,False,P1_JOYSTICK=Move; P1_BUTTON1=Shoot; START=Start; COIN=Insert Coin,AxisLeftStick=Move; ButtonDpad=Move; ButtonX=Shoot; ButtonStart=Start; ButtonBack=Insert Coin
pbobbl2n,P1_BUTTON4,low,True,JOYCODE_1_BUTTON4,False,P1_JOYSTICK=Move; P1_BUTTON1=Shoot; START=Start; COIN=Insert Coin,AxisLeftStick=Move; ButtonDpad=Move; ButtonX=Shoot; ButtonStart=Start; ButtonBack=Insert Coin
pbobble,P1_BUTTON2,low,True,JOYCODE_1_BUTTON1,False,P1_JOYSTICK=Move; P1_BUTTON1=Shoot; START=Start; COIN=Insert Coin,AxisLeftStick=Move; ButtonDpad=Move; ButtonX=Shoot; ButtonStart=Start; ButtonBack=Insert Coin
pbobble,P1_BUTTON3,low,True,JOYCODE_1_BUTTON2,False,P1_JOYSTICK=Move; P1_BUTTON1=Shoot; START=Start; COIN=Insert Coin,AxisLeftStick=Move; ButtonDpad=Move; ButtonX=Shoot; ButtonStart=Start; ButtonBack=Insert Coin
pbobble2,P1_BUTTON2,low,True,JOYCODE_1_BUTTON1,False,P1_JOYSTICK=Move; P1_BUTTON1=Shoot; START=Start; COIN=Insert Coin,AxisLeftStick=Move; ButtonDpad=Move; ButtonX=Shoot; ButtonStart=Start; ButtonBack=Insert Coin
pbobble2,P1_BUTTON3,low,True,JOYCODE_1_BUTTON2,False,P1_JOYSTICK=Move; P1_BUTTON1=Shoot; START=Start; COIN=Insert Coin,AxisLeftStick=Move; ButtonDpad=Move; ButtonX=Shoot; ButtonStart=Start; ButtonBack=Insert Coin
pbobble2,P1_BUTTON4,low,True,JOYCODE_1_BUTTON4,False,P1_JOYSTICK=Move; P1_BUTTON1=Shoot; START=Start; COIN=Insert Coin,AxisLeftStick=Move; ButtonDpad=Move; ButtonX=Shoot; ButtonStart=Start; ButtonBack=Insert Coin
pbobble2u,P1_BUTTON2,low,True,JOYCODE_1_BUTTON1,False,P1_JOYSTICK=Move; P1_BUTTON1=Shoot; START=Start; COIN=Insert Coin,AxisLeftStick=Move; ButtonDpad=Move; ButtonX=Shoot; ButtonStart=Start; ButtonBack=Insert Coin
pbobble2u,P1_BUTTON3,low,True,JOYCODE_1_BUTTON2,False,P1_JOYSTICK=Move; P1_BUTTON1=Shoot; START=Start; COIN=Insert Coin,AxisLeftStick=Move; ButtonDpad=Move; ButtonX=Shoot; ButtonStart=Start; ButtonBack=Insert Coin
pbobble2u,P1_BUTTON4,low,True,JOYCODE_1_BUTTON4,False,P1_JOYSTICK=Move; P1_BUTTON1=Shoot; START=Start; COIN=Insert Coin,AxisLeftStick=Move; ButtonDpad=Move; ButtonX=Shoot; ButtonStart=Start; ButtonBack=Insert Coin
pbobble2x,P1_BUTTON2,low,True,JOYCODE_1_BUTTON1,False,P1_JOYSTICK=Move; P1_BUTTON1=Shoot; START=Start; COIN=Insert Coin,AxisLeftStick=Move; ButtonDpad=Move; ButtonX=Shoot; ButtonStart=Start; ButtonBack=Insert Coin
pbobble2x,P1_BUTTON3,low,True,JOYCODE_1_BUTTON2,False,P1_JOYSTICK=Move; P1_BUTTON1=Shoot; START=Start; COIN=Insert Coin,AxisLeftStick=Move; ButtonDpad=Move; ButtonX=Shoot; ButtonStart=Start; ButtonBack=Insert Coin
pbobble2x,P1_BUTTON4,low,True,JOYCODE_1_BUTTON4,False,P1_JOYSTICK=Move; P1_BUTTON1=Shoot; START=Start; COIN=Insert Coin,AxisLeftStick=Move; ButtonDpad=Move; ButtonX=Shoot; ButtonStart=Start; ButtonBack=Insert Coin
pbobble3,P1_BUTTON2,low,True,JOYCODE_1_BUTTON1,False,P1_JOYSTICK=Move; P1_BUTTON1=Shoot; START=Start; COIN=Insert Coin,AxisLeftStick=Move; ButtonDpad=Move; ButtonX=Shoot; ButtonStart=Start; ButtonBack=Insert Coin
pbobble3,P1_BUTTON3,low,True,JOYCODE_1_BUTTON2,False,P1_JOYSTICK=Move; P1_BUTTON1=Shoot; START=Start; COIN=Insert Coin,AxisLeftStick=Move; ButtonDpad=Move; ButtonX=Shoot; ButtonStart=Start; ButtonBack=Insert Coin
pbobble3,P1_BUTTON4,low,True,JOYCODE_1_BUTTON4,False,P1_JOYSTICK=Move; P1_BUTTON1=Shoot; START=Start; COIN=Insert Coin,AxisLeftStick=Move; ButtonDpad=Move; ButtonX=Shoot; ButtonStart=Start; ButtonBack=Insert Coin
pbobble4,P1_BUTTON2,low,True,JOYCODE_1_BUTTON1,False,P1_JOYSTICK=Move; P1_BUTTON1=Shoot; START=Start; COIN=Insert Coin,AxisLeftStick=Move; ButtonDpad=Move; ButtonX=Shoot; ButtonStart=Start; ButtonBack=Insert Coin
pbobble4,P1_BUTTON3,low,True,JOYCODE_1_BUTTON2,False,P1_JOYSTICK=Move; P1_BUTTON1=Shoot; START=Start; COIN=Insert Coin,AxisLeftStick=Move; ButtonDpad=Move; ButtonX=Shoot; ButtonStart=Start; ButtonBack=Insert Coin
pbobble4,P1_BUTTON4,low,True,JOYCODE_1_BUTTON4,False,P1_JOYSTICK=Move; P1_BUTTON1=Shoot; START=Start; COIN=Insert Coin,AxisLeftStick=Move; ButtonDpad=Move; ButtonX=Shoot; ButtonStart=Start; ButtonBack=Insert Coin
pbobblen,P1_BUTTON2,low,True,JOYCODE_1_BUTTON1,False,P1_JOYSTICK=Move; P1_BUTTON1=Shoot; START=Start; COIN=Insert Coin,AxisLeftStick=Move; ButtonDpad=Move; ButtonX=Shoot; ButtonStart=Start; ButtonBack=Insert Coin
pbobblen,P1_BUTTON3,low,True,JOYCODE_1_BUTTON2,False,P1_JOYSTICK=Move; P1_BUTTON1=Shoot; START=Start; COIN=Insert Coin,AxisLeftStick=Move; ButtonDpad=Move; ButtonX=Shoot; ButtonStart=Start; ButtonBack=Insert Coin
pbobblen,P1_BUTTON4,low,True,JOYCODE_1_BUTTON4,False,P1_JOYSTICK=Move; P1_BUTTON1=Shoot; START=Start; COIN=Insert Coin,AxisLeftStick=Move; ButtonDpad=Move; ButtonX=Shoot; ButtonStart=Start; ButtonBack=Insert Coin
pclubys,P1_BUTTON3,low,True,JOYCODE_1_BUTTON2,False,P1_JOYSTICK=Move; P1_BUTTON1=A; P1_BUTTON2=B; START=Start; COIN=Insert Coin,AxisLeftStick=Move; ButtonA=B; ButtonDpad=Move; ButtonX=A; ButtonStart=Start; ButtonBack=Insert Coin
peekaboo,P1_BUTTON4,low,True,JOYCODE_1_BUTTON4,False,P1_PADDLE=Move; P1_BUTTON1=Release Ball / Shoot; P1_BUTTON2=Move; P1_BUTTON3=Move; START=Start; COIN=Insert Coin,AxisLeftStick=Move; ButtonDpad=Move; ButtonX=Release Ball / Shoot; ButtonStart=Start; ButtonBack=Insert Coin
pepper2,P1_BUTTON1,low,True,JOYCODE_1_BUTTON1,False,P1_JOYSTICK=Move; START=Start; COIN=Insert Coin,AxisLeftStick=Move; ButtonDpad=Move; ButtonStart=Start; ButtonBack=Insert Coin
perestro,P1_BUTTON2,low,True,JOYCODE_1_BUTTON1,False,P1_JOYSTICK=Move; P1_BUTTON1=Draw; START=Start; COIN=Insert Coin,AxisLeftStick=Move; ButtonDpad=Move; ButtonX=Draw; ButtonStart=Start; ButtonBack=Insert Coin
pgalvip,P1_BUTTON3,low,True,JOYCODE_1_BUTTON2,False,P1_JOYSTICK=Move; P1_BUTTON1=(Hold) Cue Strike Position; P1_BUTTON2=Hit Ball; START=Start; COIN=Insert Coin,AxisLeftStick=Move; ButtonA=Hit Ball; ButtonDpad=Move; ButtonX=(Hold) Cue Strike Position; ButtonStart=Start; ButtonBack=Insert Coin
phelios,P1_BUTTON2,low,True,JOYCODE_1_BUTTON1,False,P1_JOYSTICK=Move; P1_BUTTON1=Shoot / (Hold) Charge; START=Start; COIN=Insert Coin,AxisLeftStick=Move; ButtonDpad=Move; ButtonX=Shoot / (Hold) Charge; ButtonStart=Start; ButtonBack=Insert Coin
phelios,P1_BUTTON3,low,True,JOYCODE_1_BUTTON2,False,P1_JOYSTICK=Move; P1_BUTTON1=Shoot / (Hold) Charge; START=Start; COIN=Insert Coin,AxisLeftStick=Move; ButtonDpad=Move; ButtonX=Shoot / (Hold) Charge; ButtonStart=Start; ButtonBack=Insert Coin
photoy2k,P1_BUTTON4,low,True,JOYCODE_1_BUTTON4,False,P1_JOYSTICK=Move; P1_BUTTON1=Select; P1_BUTTON2=Auto Find; P1_BUTTON3=Extra Time; START=Start; COIN=Insert Coin,AxisLeftStick=Move; ButtonA=Auto Find; ButtonB=Extra Time; ButtonDpad=Move; ButtonX=Select; ButtonStart=Start; ButtonBack=Insert Coin
pinkswts,P1_BUTTON3,low,True,JOYCODE_1_BUTTON2,False,P1_JOYSTICK=Move; P1_BUTTON1=Shoot; P1_BUTTON2=Bomb; START=Start; COIN=Insert Coin,AxisLeftStick=Move; ButtonA=Bomb; ButtonDpad=Move; ButtonX=Shoot; ButtonStart=Start; ButtonBack=Insert Coin
pinkswts,P1_BUTTON4,low,True,JOYCODE_1_BUTTON4,False,P1_JOYSTICK=Move; P1_BUTTON1=Shoot; P1_BUTTON2=Bomb; START=Start; COIN=Insert Coin,AxisLeftStick=Move; ButtonA=Bomb; ButtonDpad=Move; ButtonX=Shoot; ButtonStart=Start; ButtonBack=Insert Coin
pinkswtssc,P1_BUTTON4,low,True,JOYCODE_1_BUTTON4,False,P1_JOYSTICK=Move; P1_BUTTON1=Decrease Speed; P1_BUTTON2=Rose Hips / Formation; P1_BUTTON3=Shoot / Rose Cracker; START=Start; COIN=Insert Coin,AxisLeftStick=Move; ButtonA=Rose Hips / Formation; ButtonB=Decrease Speed; ButtonDpad=Move; ButtonX=Shoot / Rose Cracker; ButtonStart=Start; ButtonBack=Insert Coin
pipibibs,P1_BUTTON2,low,True,JOYCODE_1_BUTTON1,False,P1_JOYSTICK=Move; P1_BUTTON1=Shoot; START=Start; COIN=Insert Coin,AxisLeftStick=Move; ButtonDpad=Move; ButtonX=Shoot; ButtonStart=Start; ButtonBack=Insert Coin
piratesh,P1_BUTTON3,low,True,JOYCODE_1_BUTTON3,False,P1_JOYSTICK_UP=Move; P1_JOYSTICK_DOWN=Move; P1_DIAL=Move; START=Start; COIN=Insert Coin,AxisLeftStick=Move; ButtonDpadUp=Move; ButtonDpadDown=Move; ButtonStart=Start; ButtonBack=Insert Coin
pistoldm,P1_BUTTON2,low,True,JOYCODE_1_BUTTON1,False,P1_JOYSTICK=Move; P1_BUTTON1=Shoot / (Hold) Charge; START=Start; COIN=Insert Coin,AxisLeftStick=Move; ButtonDpad=Move; ButtonX=Shoot / (Hold) Charge; ButtonStart=Start; ButtonBack=Insert Coin
pistoldm,P1_BUTTON3,low,True,JOYCODE_1_BUTTON2,False,P1_JOYSTICK=Move; P1_BUTTON1=Shoot / (Hold) Charge; START=Start; COIN=Insert Coin,AxisLeftStick=Move; ButtonDpad=Move; ButtonX=Shoot / (Hold) Charge; ButtonStart=Start; ButtonBack=Insert Coin
pitfall2,P1_BUTTON1,low,True,JOYCODE_1_BUTTON3,False,P1_JOYSTICK=Move; P1_BUTTON2=Jump; START=Start; COIN=Insert Coin,AxisLeftStick=Move; ButtonA=Jump; ButtonDpad=Move; ButtonStart=Start; ButtonBack=Insert Coin
pkgnsh,P1_BUTTON1,low,True,JOYCODE_1_BUTTON3,False,P1_PADDLE=Power; P1_BUTTON2=Stop; START=Start; COIN=Insert Coin,AxisLeftStick=Power; ButtonA=Stop; ButtonStart=Start; ButtonBack=Insert Coin
pktgaldx,P1_BUTTON3,low,True,JOYCODE_1_BUTTON2,False,P1_JOYSTICK=Move; P1_BUTTON1=Shot; P1_BUTTON2=(Hold) Cue Position; START=Start; COIN=Insert Coin,AxisLeftStick=Move; ButtonA=(Hold) Cue Position; ButtonDpad=Move; ButtonX=Shot; ButtonStart=Start; ButtonBack=Insert Coin
plgirls,P1_BUTTON2,low,True,JOYCODE_1_BUTTON1,False,P1_JOYSTICK=Move; P1_BUTTON1=Button; START=Start; COIN=Insert Coin,AxisLeftStick=Move; ButtonDpad=Move; ButtonX=Button; ButtonStart=Start; ButtonBack=Insert Coin
plotting,P1_BUTTON1,low,True,JOYCODE_1_BUTTON1,False,P1_JOYSTICK=Move; START=Start; COIN=Insert Coin,AxisLeftStick=Move; ButtonDpad=Move; ButtonX=Shoot; ButtonStart=Start; ButtonBack=Insert Coin
plygonet,P1_BUTTON2,low,True,JOYCODE_1_SLIDER1_NEG_SWITCH,False,P1_JOYSTICKLEFT_UP=Left Track; P1_JOYSTICKLEFT_DOWN=Left Track; P1_JOYSTICKRIGHT_UP=Right Track; P1_JOYSTICKRIGHT_DOWN=Right Track; P1_BUTTON1=Shoot; COIN=Insert Coin,AxisLeftStick=Left Track; AxisRightStick=Right Track; AxisTriggerRight=Shoot; ButtonStart=Start; ButtonBack=Insert Coin
pnickj,P1_BUTTON3,low,True,JOYCODE_1_BUTTON2,False,P1_JOYSTICK=Move; P1_BUTTON1=Rotate Left; P1_BUTTON2=Rotate Right; START=Start; COIN=Insert Coin,AxisLeftStick=Move; ButtonA=Rotate Right; ButtonDpad=Move; ButtonX=Rotate Left; ButtonStart=Start; ButtonBack=Insert Coin
pnyaa,P1_BUTTON4,low,True,JOYCODE_1_BUTTON4,False,P1_JOYSTICK=Move; P1_BUTTON1=Rotate; P1_BUTTON2=Rotate; P1_BUTTON3=Change; START=Start; COIN=Insert Coin,AxisLeftStick=Move; ButtonA=Rotate; ButtonB=Change; ButtonDpad=Move; ButtonX=Rotate; ButtonStart=Start; ButtonBack=Insert Coin
poizone,P1_BUTTON2,low,True,JOYCODE_1_BUTTON1,False,P1_JOYSTICK=Move; P1_BUTTON1=Hit Block; START=Start; COIN=Insert Coin,AxisLeftStick=Move; ButtonDpad=Move; ButtonX=Hit Block; ButtonStart=Start; ButtonBack=Insert Coin
pokonyan,P1_BUTTON3,low,True,JOYCODE_1_BUTTON2,False,P1_JOYSTICK=Move; P1_BUTTON1=Spin; P1_BUTTON2=Plant Flower; START=Start; COIN=Insert Coin,AxisLeftStick=Move; ButtonA=Plant Flower; ButtonDpad=Move; ButtonX=Spin; ButtonStart=Start; ButtonBack=Insert Coin
polystar,P1_BUTTON3,low,True,JOYCODE_1_BUTTON2,False,P1_JOYSTICK=Move; P1_BUTTON1=Shoot; P1_BUTTON2=Missile; START=Start; COIN=Insert Coin,AxisLeftStick=Move; ButtonA=Missile; ButtonDpad=Move; ButtonX=Shoot; ButtonStart=Start; ButtonBack=Insert Coin
poosho,P1_BUTTON3,low,True,JOYCODE_1_BUTTON2,False,P1_JOYSTICK=Move; P1_BUTTON1=Shoot; P1_BUTTON2=Jump; START=Start; COIN=Insert Coin,AxisLeftStick=Move; ButtonA=Jump; ButtonDpad=Move; ButtonX=Shoot; ButtonStart=Start; ButtonBack=Insert Coin
poosho,P1_BUTTON4,low,True,JOYCODE_1_BUTTON4,False,P1_JOYSTICK=Move; P1_BUTTON1=Shoot; P1_BUTTON2=Jump; START=Start; COIN=Insert Coin,AxisLeftStick=Move; ButtonA=Jump; ButtonDpad=Move; ButtonX=Shoot; ButtonStart=Start; ButtonBack=Insert Coin
popbingo,P1_BUTTON2,low,True,JOYCODE_1_BUTTON1,False,P1_JOYSTICK=Move; P1_BUTTON1=Rotate; START=Start; COIN=Insert Coin,AxisLeftStick=Move; ButtonDpad=Move; ButtonX=Rotate; ButtonStart=Start; ButtonBack=Insert Coin
popbingo,P1_BUTTON3,low,True,JOYCODE_1_BUTTON2,False,P1_JOYSTICK=Move; P1_BUTTON1=Rotate; START=Start; COIN=Insert Coin,AxisLeftStick=Move; ButtonDpad=Move; ButtonX=Rotate; ButtonStart=Start; ButtonBack=Insert Coin
popbingo,P1_BUTTON4,low,True,JOYCODE_1_BUTTON4,False,P1_JOYSTICK=Move; P1_BUTTON1=Rotate; START=Start; COIN=Insert Coin,AxisLeftStick=Move; ButtonDpad=Move; ButtonX=Rotate; ButtonStart=Start; ButtonBack=Insert Coin
popbounc,P1_BUTTON2,low,True,JOYCODE_1_BUTTON1,False,P1_JOYSTICK=Move; P1_DIAL=Move; P1_BUTTON1=Button; START=Start; COIN=Insert Coin,AxisLeftStick=Move; ButtonDpad=Move; ButtonX=Button; ButtonStart=Start; ButtonBack=Insert Coin
popbounc,P1_BUTTON3,low,True,JOYCODE_1_BUTTON2,False,P1_JOYSTICK=Move; P1_DIAL=Move; P1_BUTTON1=Button; START=Start; COIN=Insert Coin,AxisLeftStick=Move; ButtonDpad=Move; ButtonX=Button; ButtonStart=Start; ButtonBack=Insert Coin
popnpop,P1_BUTTON3,low,True,JOYCODE_1_BUTTON2,False,P1_JOYSTICK=Move; P1_BUTTON1=Release; P1_BUTTON2=Rotate; START=Start; COIN=Insert Coin,AxisLeftStick=Move; ButtonA=Rotate; ButtonDpad=Move; ButtonX=Release; ButtonStart=Start; ButtonBack=Insert Coin
popnpop,P1_BUTTON4,low,True,JOYCODE_1_BUTTON4,False,P1_JOYSTICK=Move; P1_BUTTON1=Release; P1_BUTTON2=Rotate; START=Start; COIN=Insert Coin,AxisLeftStick=Move; ButtonA=Rotate; ButtonDpad=Move; ButtonX=Release; ButtonStart=Start; ButtonBack=Insert Coin
popobear,P1_BUTTON3,low,True,JOYCODE_1_BUTTON2,False,P1_JOYSTICK=Move; P1_BUTTON1=Bomb; P1_BUTTON2=Shoot; START=Start; COIN=Insert Coin,AxisLeftStick=Move; ButtonA=Bomb; ButtonDpad=Move; ButtonX=Shoot; ButtonStart=Start; ButtonBack=Insert Coin
powyakex,P1_BUTTON4,low,True,JOYCODE_1_BUTTON4,False,P1_JOYSTICK=Move; P1_BUTTON1=Bat / Pitch / Field; P1_BUTTON2=Steal; P1_BUTTON3=Change Power; START=Start; COIN=Insert Coin,AxisLeftStick=Move; ButtonA=Steal; ButtonB=Change Power; ButtonDpad=Move; ButtonX=Bat / Pitch / Field; ButtonStart=Start; ButtonBack=Insert Coin
powyakex,P1_BUTTON5,low,True,JOYCODE_1_BUTTON5,False,P1_JOYSTICK=Move; P1_BUTTON1=Bat / Pitch / Field; P1_BUTTON2=Steal; P1_BUTTON3=Change Power; START=Start; COIN=Insert Coin,AxisLeftStick=Move; ButtonA=Steal; ButtonB=Change Power; ButtonDpad=Move; ButtonX=Bat / Pitch / Field; ButtonStart=Start; ButtonBack=Insert Coin
powyakex,P1_BUTTON6,low,True,JOYCODE_1_BUTTON6,False,P1_JOYSTICK=Move; P1_BUTTON1=Bat / Pitch / Field; P1_BUTTON2=Steal; P1_BUTTON3=Change Power; START=Start; COIN=Insert Coin,AxisLeftStick=Move; ButtonA=Steal; ButtonB=Change Power; ButtonDpad=Move; ButtonX=Bat / Pitch / Field; ButtonStart=Start; ButtonBack=Insert Coin
ppmast93,P1_BUTTON3,low,True,JOYCODE_1_BUTTON2,False,P1_JOYSTICK=Move; P1_BUTTON1=Hit Ball; P1_BUTTON2=Power / Spin; START=Start; COIN=Insert Coin,AxisLeftStick=Move; ButtonA=Power / Spin; ButtonDpad=Move; ButtonX=Hit Ball; ButtonStart=Start; ButtonBack=Insert Coin
prehisle,P1_BUTTON3,low,True,JOYCODE_1_BUTTON2,False,P1_JOYSTICK=Move; P1_BUTTON1=Shoot; P1_BUTTON2=Change Drone Position; START=Start; COIN=Insert Coin,AxisLeftStick=Move; ButtonA=Change Drone Position; ButtonDpad=Move; ButtonLeftShoulder=Arm Left; ButtonRightShoulder=Arm Right; ButtonX=Shoot; ButtonStart=Start; ButtonBack=Insert Coin
preisle2,P1_BUTTON3,low,True,JOYCODE_1_BUTTON2,False,P1_JOYSTICK=Move; P1_BUTTON1=Shoot / (Hold) Alt Fire; P1_BUTTON2=Special; START=Start; COIN=Insert Coin,AxisLeftStick=Move; ButtonA=Special; ButtonDpad=Move; ButtonX=Shoot / (Hold) Alt Fire; ButtonStart=Start; ButtonBack=Insert Coin
preisle2,P1_BUTTON4,low,True,JOYCODE_1_BUTTON4,False,P1_JOYSTICK=Move; P1_BUTTON1=Shoot / (Hold) Alt Fire; P1_BUTTON2=Special; START=Start; COIN=Insert Coin,AxisLeftStick=Move; ButtonA=Special; ButtonDpad=Move; ButtonX=Shoot / (Hold) Alt Fire; ButtonStart=Start; ButtonBack=Insert Coin
prikura,P1_BUTTON4,low,True,JOYCODE_1_BUTTON4,False,P1_JOYSTICK=Move; P1_BUTTON1=Shoot; P1_BUTTON2=Melee; P1_BUTTON3=Special; START=Start; COIN=Insert Coin,AxisLeftStick=Move; ButtonA=Melee; ButtonB=Special; ButtonDpad=Move; ButtonX=Shoot; ButtonStart=Start; ButtonBack=Insert Coin
primglex,P1_BUTTON4,low,True,JOYCODE_1_BUTTON4,False,P1_JOYSTICK=Move; P1_BUTTON1=Long Pass; P1_BUTTON2=Short Pass / Change; P1_BUTTON3=Shoot / Head / Tackle; START=Start; COIN=Insert Coin,AxisLeftStick=Move; ButtonA=Short Pass / Change; ButtonB=Long Pass; ButtonDpad=Move; ButtonX=Shoot / Head / Tackle; ButtonStart=Start; ButtonBack=Insert Coin
prmtmfgt,P1_BUTTON4,low,True,JOYCODE_1_BUTTON4,False,P1_JOYSTICK=Move; P1_BUTTON1=Weak Punch; P1_BUTTON2=Medium Punch; P1_BUTTON3=Hard Punch; START=Start; COIN=Insert Coin,AxisLeftStick=Move; ButtonA=Medium Punch; ButtonB=Hard Punch; ButtonDpad=Move; ButtonX=Weak Punch; ButtonStart=Start; ButtonBack=Insert Coin
prosport,P1_BUTTON2,low,True,JOYCODE_1_BUTTON1,False,P1_JOYSTICK=Move; P1_BUTTON1=Button; START=Start; COIN=Insert Coin,AxisLeftStick=Move; ButtonDpad=Move; ButtonX=Button; ButtonStart=Start; ButtonBack=Insert Coin
prtytime,P1_BUTTON2,low,True,JOYCODE_1_BUTTON1,False,P1_JOYSTICK=Move; P1_BUTTON1=Dive / Surface; START=Start; COIN=Insert Coin,AxisLeftStick=Move; ButtonDpad=Move; ButtonX=Dive / Surface; ButtonStart=Start; ButtonBack=Insert Coin
prtytime,P1_BUTTON3,low,True,JOYCODE_1_BUTTON2,False,P1_JOYSTICK=Move; P1_BUTTON1=Dive / Surface; START=Start; COIN=Insert Coin,AxisLeftStick=Move; ButtonDpad=Move; ButtonX=Dive / Surface; ButtonStart=Start; ButtonBack=Insert Coin
pspikes,P1_BUTTON2,low,True,JOYCODE_1_BUTTON1,False,P1_JOYSTICK=Move; P1_BUTTON1=Button; START=Start; COIN=Insert Coin,AxisLeftStick=Move; ButtonDpad=Move; ButtonX=Button; ButtonStart=Start; ButtonBack=Insert Coin
pspikes,P1_BUTTON3,low,True,JOYCODE_1_BUTTON2,False,P1_JOYSTICK=Move; P1_BUTTON1=Button; START=Start; COIN=Insert Coin,AxisLeftStick=Move; ButtonDpad=Move; ButtonX=Button; ButtonStart=Start; ButtonBack=Insert Coin
pspikes2,P1_BUTTON3,low,True,JOYCODE_1_BUTTON2,False,P1_JOYSTICK=Move; P1_BUTTON1=Normal Hit / Serve / Block; P1_BUTTON2=Special Hit / Serve / Block; START=Start; COIN=Insert Coin,AxisLeftStick=Move; ButtonA=Special Hit / Serve / Block; ButtonDpad=Move; ButtonX=Normal Hit / Serve / Block; ButtonStart=Start; ButtonBack=Insert Coin
pspikes2,P1_BUTTON4,low,True,JOYCODE_1_BUTTON4,False,P1_JOYSTICK=Move; P1_BUTTON1=Normal Hit / Serve / Block; P1_BUTTON2=Special Hit / Serve / Block; START=Start; COIN=Insert Coin,AxisLeftStick=Move; ButtonA=Special Hit / Serve / Block; ButtonDpad=Move; ButtonX=Normal Hit / Serve / Block; ButtonStart=Start; ButtonBack=Insert Coin
psyvaria,P1_BUTTON3,low,True,JOYCODE_1_BUTTON2,False,P1_JOYSTICK=Move; P1_BUTTON1=Shoot; P1_BUTTON2=Bomb; START=Start; COIN=Insert Coin,AxisLeftStick=Move; ButtonA=Bomb; ButtonDpad=Move; ButtonX=Shoot; ButtonStart=Start; ButtonBack=Insert Coin
psyvarrv,P1_BUTTON3,low,True,JOYCODE_1_BUTTON2,False,P1_JOYSTICK=Move; P1_BUTTON1=Shoot; P1_BUTTON2=Bomb; START=Start; COIN=Insert Coin,AxisLeftStick=Move; ButtonA=Bomb; ButtonDpad=Move; ButtonX=Shoot; ButtonStart=Start; ButtonBack=Insert Coin
pturn,P1_BUTTON3,low,True,JOYCODE_1_BUTTON2,False,P1_JOYSTICK=Move; P1_BUTTON1=Run; P1_BUTTON2=Jump; START=Start; COIN=Insert Coin,AxisLeftStick=Move; ButtonA=Jump; ButtonDpad=Move; ButtonX=Run; ButtonStart=Start; ButtonBack=Insert Coin
puchicar,P1_BUTTON3,low,True,JOYCODE_1_BUTTON2,False,P1_JOYSTICK=Move; P1_BUTTON1=Release / Select; P1_BUTTON2=(Hold) Move Faster; START=Start; COIN=Insert Coin,AxisLeftStick=Move; ButtonA=(Hold) Move Faster; ButtonDpad=Move; ButtonX=Release / Select; ButtonStart=Start; ButtonBack=Insert Coin
puchicar,P1_BUTTON4,low,True,JOYCODE_1_BUTTON4,False,P1_JOYSTICK=Move; P1_BUTTON1=Release / Select; P1_BUTTON2=(Hold) Move Faster; START=Start; COIN=Insert Coin,AxisLeftStick=Move; ButtonA=(Hold) Move Faster; ButtonDpad=Move; ButtonX=Release / Select; ButtonStart=Start; ButtonBack=Insert Coin
pulstar,P1_BUTTON3,low,True,JOYCODE_1_BUTTON2,False,P1_JOYSTICK=Move; P1_BUTTON1=Shoot / (Hold) Alt Fire; P1_BUTTON2=Drone Control; START=Start; COIN=Insert Coin,AxisLeftStick=Move; ButtonA=Drone Control; ButtonDpad=Move; ButtonX=Shoot / (Hold) Alt Fire; ButtonStart=Start; ButtonBack=Insert Coin
pulstar,P1_BUTTON4,low,True,JOYCODE_1_BUTTON4,False,P1_JOYSTICK=Move; P1_BUTTON1=Shoot / (Hold) Alt Fire; P1_BUTTON2=Drone Control; START=Start; COIN=Insert Coin,AxisLeftStick=Move; ButtonA=Drone Control; ButtonDpad=Move; ButtonX=Shoot / (Hold) Alt Fire; ButtonStart=Start; ButtonBack=Insert Coin
punchout,P1_BUTTON3,low,True,JOYCODE_1_BUTTON2,False,P1_JOYSTICK=Dodge / Guard; P1_BUTTON1=Left Punch; P1_BUTTON2=Right Punch; COIN=Insert Coin,AxisLeftStick=Dodge / Guard; AxisTriggerLeft=Left Punch; AxisTriggerRight=Right Punch; ButtonA=Right Punch; ButtonDpad=Dodge / Guard; ButtonX=Left Punch; ButtonY=Hook/Uppercut/KO; ButtonStart=Start; ButtonBack=Insert Coin
pushman,P1_BUTTON2,low,True,JOYCODE_1_BUTTON1,False,P1_JOYSTICK=Move; P1_BUTTON1=Pull; START=Start; COIN=Insert Coin,AxisLeftStick=Move; ButtonDpad=Move; ButtonX=Pull; ButtonStart=Start; ButtonBack=Insert Coin
pushman,P1_BUTTON3,low,True,JOYCODE_1_BUTTON2,False,P1_JOYSTICK=Move; P1_BUTTON1=Pull; START=Start; COIN=Insert Coin,AxisLeftStick=Move; ButtonDpad=Move; ButtonX=Pull; ButtonStart=Start; ButtonBack=Insert Coin
puyosun,P1_BUTTON3,low,True,JOYCODE_1_BUTTON2,False,P1_JOYSTICK=Move; P1_BUTTON1=Spin Piece; P1_BUTTON2=Spin Piece; START=Start; COIN=Insert Coin,AxisLeftStick=Move; ButtonA=Spin Piece; ButtonDpad=Move; ButtonX=Spin Piece; ButtonStart=Start; ButtonBack=Insert Coin
puyosun,P1_BUTTON4,low,True,JOYCODE_1_BUTTON4,False,P1_JOYSTICK=Move; P1_BUTTON1=Spin Piece; P1_BUTTON2=Spin Piece; START=Start; COIN=Insert Coin,AxisLeftStick=Move; ButtonA=Spin Piece; ButtonDpad=Move; ButtonX=Spin Piece; ButtonStart=Start; ButtonBack=Insert Coin
puzlstar,P1_BUTTON4,low,True,JOYCODE_1_BUTTON4,False,P1_JOYSTICK=Move; P1_BUTTON1=Select; P1_BUTTON2=Extend Time; P1_BUTTON3=Restore; START=Start; COIN=Insert Coin,AxisLeftStick=Move; ButtonA=Extend Time; ButtonB=Restore; ButtonDpad=Move; ButtonX=Select; ButtonStart=Start; ButtonBack=Insert Coin
puzzldpr,P1_BUTTON2,low,True,JOYCODE_1_BUTTON1,False,P1_JOYSTICK=Move; P1_BUTTON1=Shoot; START=Start; COIN=Insert Coin,AxisLeftStick=Move; ButtonDpad=Move; ButtonX=Shoot; ButtonStart=Start; ButtonBack=Insert Coin
puzzldpr,P1_BUTTON3,low,True,JOYCODE_1_BUTTON2,False,P1_JOYSTICK=Move; P1_BUTTON1=Shoot; START=Start; COIN=Insert Coin,AxisLeftStick=Move; ButtonDpad=Move; ButtonX=Shoot; ButtonStart=Start; ButtonBack=Insert Coin
puzzldpr,P1_BUTTON4,low,True,JOYCODE_1_BUTTON4,False,P1_JOYSTICK=Move; P1_BUTTON1=Shoot; START=Start; COIN=Insert Coin,AxisLeftStick=Move; ButtonDpad=Move; ButtonX=Shoot; ButtonStart=Start; ButtonBack=Insert Coin
puzzledp,P1_BUTTON2,low,True,JOYCODE_1_BUTTON1,False,P1_JOYSTICK=Move; P1_BUTTON1=Shoot; START=Start; COIN=Insert Coin,AxisLeftStick=Move; ButtonDpad=Move; ButtonX=Shoot; ButtonStart=Start; ButtonBack=Insert Coin
puzzledp,P1_BUTTON3,low,True,JOYCODE_1_BUTTON2,False,P1_JOYSTICK=Move; P1_BUTTON1=Shoot; START=Start; COIN=Insert Coin,AxisLeftStick=Move; ButtonDpad=Move; ButtonX=Shoot; ButtonStart=Start; ButtonBack=Insert Coin
puzzledp,P1_BUTTON4,low,True,JOYCODE_1_BUTTON4,False,P1_JOYSTICK=Move; P1_BUTTON1=Shoot; START=Start; COIN=Insert Coin,AxisLeftStick=Move; ButtonDpad=Move; ButtonX=Shoot; ButtonStart=Start; ButtonBack=Insert Coin
puzzli2,P1_BUTTON3,low,True,JOYCODE_1_BUTTON2,False,P1_JOYSTICK=Move; P1_BUTTON1=Drop; P1_BUTTON2=Swap; START=Start; COIN=Insert Coin,AxisLeftStick=Move; ButtonA=Swap; ButtonDpad=Move; ButtonX=Drop; ButtonStart=Start; ButtonBack=Insert Coin
puzzli2,P1_BUTTON4,low,True,JOYCODE_1_BUTTON4,False,P1_JOYSTICK=Move; P1_BUTTON1=Drop; P1_BUTTON2=Swap; START=Start; COIN=Insert Coin,AxisLeftStick=Move; ButtonA=Swap; ButtonDpad=Move; ButtonX=Drop; ButtonStart=Start; ButtonBack=Insert Coin
puzzli2s,P1_BUTTON3,low,True,JOYCODE_1_BUTTON2,False,P1_JOYSTICK=Move; P1_BUTTON1=Drop; P1_BUTTON2=Swap; START=Start; COIN=Insert Coin,AxisLeftStick=Move; ButtonA=Swap; ButtonDpad=Move; ButtonX=Drop; ButtonStart=Start; ButtonBack=Insert Coin
puzzli2s,P1_BUTTON4,low,True,JOYCODE_1_BUTTON4,False,P1_JOYSTICK=Move; P1_BUTTON1=Drop; P1_BUTTON2=Swap; START=Start; COIN=Insert Coin,AxisLeftStick=Move; ButtonA=Swap; ButtonDpad=Move; ButtonX=Drop; ButtonStart=Start; ButtonBack=Insert Coin
puzzlove,P1_BUTTON3,low,True,JOYCODE_1_BUTTON2,False,P1_JOYSTICK=Move; P1_BUTTON1=Jump; P1_BUTTON2=Add Time; START=Start; COIN=Insert Coin,AxisLeftStick=Move; ButtonA=Add Time; ButtonDpad=Move; ButtonX=Jump; ButtonStart=Start; ButtonBack=Insert Coin
pwrgoal,P1_BUTTON4,low,True,JOYCODE_1_BUTTON4,False,P1_JOYSTICK=Move; P1_BUTTON1=Shoot / Slide; P1_BUTTON2=Pass / Rough Play; P1_BUTTON3=Special; START=Start; COIN=Insert Coin,AxisLeftStick=Move; ButtonA=Pass / Rough Play; ButtonB=Special; ButtonDpad=Move; ButtonX=Shoot / Slide; ButtonStart=Start; ButtonBack=Insert Coin
py2k2,P1_BUTTON2,low,True,JOYCODE_1_BUTTON1,False,P1_JOYSTICK=Move; P1_BUTTON1=Select; START=Start; COIN=Insert Coin,AxisLeftStick=Move; ButtonDpad=Move; ButtonX=Select; ButtonStart=Start; ButtonBack=Insert Coin
py2k2,P1_BUTTON3,low,True,JOYCODE_1_BUTTON2,False,P1_JOYSTICK=Move; P1_BUTTON1=Select; START=Start; COIN=Insert Coin,AxisLeftStick=Move; ButtonDpad=Move; ButtonX=Select; ButtonStart=Start; ButtonBack=Insert Coin
py2k2,P1_BUTTON4,low,True,JOYCODE_1_BUTTON4,False,P1_JOYSTICK=Move; P1_BUTTON1=Select; START=Start; COIN=Insert Coin,AxisLeftStick=Move; ButtonDpad=Move; ButtonX=Select; ButtonStart=Start; ButtonBack=Insert Coin
pzlbreak,P1_BUTTON3,low,True,JOYCODE_1_BUTTON2,False,P1_JOYSTICK=Move; P1_BUTTON1=Tilt Right; P1_BUTTON2=Tilt Left; START=Start; COIN=Insert Coin,AxisLeftStick=Move; ButtonA=Tilt Left; ButtonDpad=Move; ButtonX=Tilt Right; ButtonStart=Start; ButtonBack=Insert Coin
qb3,P1_BUTTON1,low,True,JOYCODE_1_BUTTON3,False,P1_JOYSTICKLEFT=Move; P1_JOYSTICKRIGHT=Shoot; START=Start; COIN=Insert Coin,AxisLeftStick=Move; AxisRightStick=Shoot; ButtonStart=Start; ButtonBack=Insert Coin
qb3,P1_BUTTON2,low,True,JOYCODE_1_BUTTON1,False,P1_JOYSTICKLEFT=Move; P1_JOYSTICKRIGHT=Shoot; START=Start; COIN=Insert Coin,AxisLeftStick=Move; AxisRightStick=Shoot; ButtonStart=Start; ButtonBack=Insert Coin
qb3,P1_BUTTON4,low,True,JOYCODE_1_BUTTON2,False,P1_JOYSTICKLEFT=Move; P1_JOYSTICKRIGHT=Shoot; START=Start; COIN=Insert Coin,AxisLeftStick=Move; AxisRightStick=Shoot; ButtonStart=Start; ButtonBack=Insert Coin
quartet2,P1_BUTTON3,low,True,JOYCODE_1_BUTTON2,False,P1_JOYSTICK=Move; P1_BUTTON1=Jump; P1_BUTTON2=Shoot; START=Start; COIN=Insert Coin,AxisLeftStick=Move; ButtonA=Jump; ButtonDpad=Move; ButtonX=Shoot; ButtonStart=Start; ButtonBack=Insert Coin
quasar,P1_BUTTON2,low,True,JOYCODE_1_BUTTON1,False,P1_JOYSTICK_LEFT=Move; P1_JOYSTICK_RIGHT=Move; P1_BUTTON1=Shoot; START=Start; COIN=Insert Coin,AxisLeftStick=Move; ButtonX=Shoot; ButtonStart=Start; ButtonBack=Insert Coin
radikalb,P1_BUTTON3,low,True,JOYCODE_1_BUTTON4,False,P1_JOYSTICK_UP=Steering; P1_PADDLE=Steering; P1_BUTTON1=Accelerate; P1_BUTTON2=Brake; START=Start; COIN=Insert Coin,AxisLeftStick=Steering; AxisTriggerLeft=Brake; AxisTriggerRight=Accelerate; ButtonA=Brake; ButtonX=Accelerate; ButtonStart=Start; ButtonBack=Insert Coin
raidendx,P1_BUTTON3,low,True,JOYCODE_1_BUTTON2,False,P1_JOYSTICK=Move; P1_BUTTON1=Shoot; P1_BUTTON2=Bomb; START=Start; COIN=Insert Coin,AxisLeftStick=Move; ButtonA=Bomb; ButtonDpad=Move; ButtonX=Shoot; ButtonStart=Start; ButtonBack=Insert Coin
raphero,P1_BUTTON3,low,True,JOYCODE_1_BUTTON2,False,P1_JOYSTICK=Move; P1_BUTTON1=Shoot; P1_BUTTON2=Bomb; START=Start; COIN=Insert Coin,AxisLeftStick=Move; ButtonA=Bomb; ButtonDpad=Move; ButtonX=Shoot; ButtonStart=Start; ButtonBack=Insert Coin
raverace,P1_BUTTON4,low,True,JOYCODE_1_BUTTON4,False,P1_JOYSTICK_UP=Shift Down; P1_JOYSTICK_DOWN=Shift Up; P1_PEDAL=Accelerate; P1_PEDAL2=Brake; P1_PADDLE=Steering; COIN=Insert Coin,AxisLeftStick=Steering; AxisTriggerLeft=Brake; AxisTriggerRight=Accelerate; ButtonB=Shift Down; ButtonLeftShoulder=Shift Down; ButtonRightShoulder=Shift Up; ButtonX=Shift Up; ButtonStart=Start; ButtonBack=Insert Coin
rayforce,P1_BUTTON3,low,True,JOYCODE_1_BUTTON2,False,P1_JOYSTICK=Move; P1_BUTTON1=Shoot; P1_BUTTON2=Shoot Lock-On; START=Start; COIN=Insert Coin,AxisLeftStick=Move; ButtonA=Shoot Lock-On; ButtonDpad=Move; ButtonX=Shoot; ButtonStart=Start; ButtonBack=Insert Coin
rayforce,P1_BUTTON4,low,True,JOYCODE_1_BUTTON4,False,P1_JOYSTICK=Move; P1_BUTTON1=Shoot; P1_BUTTON2=Shoot Lock-On; START=Start; COIN=Insert Coin,AxisLeftStick=Move; ButtonA=Shoot Lock-On; ButtonDpad=Move; ButtonX=Shoot; ButtonStart=Start; ButtonBack=Insert Coin
raystorm,P1_BUTTON3,low,True,JOYCODE_1_BUTTON2,False,P1_JOYSTICK=Move; P1_BUTTON1=Shoot / Laser; P1_BUTTON2=Laser / Bomb; START=Start; COIN=Insert Coin,AxisLeftStick=Move; ButtonA=Laser / Bomb; ButtonDpad=Move; ButtonX=Shoot / Laser; ButtonStart=Start; ButtonBack=Insert Coin
rdft,P1_BUTTON3,low,True,JOYCODE_1_BUTTON2,False,P1_JOYSTICK=Move; P1_BUTTON1=Shoot; P1_BUTTON2=Bomb; START=Start; COIN=Insert Coin,AxisLeftStick=Move; ButtonA=Bomb; ButtonDpad=Move; ButtonX=Shoot; ButtonStart=Start; ButtonBack=Insert Coin
recalh,P1_BUTTON4,low,True,JOYCODE_1_BUTTON4,False,P1_JOYSTICK=Move; P1_BUTTON1=Shoot; P1_BUTTON2=Jump; P1_BUTTON3=Special; START=Start; COIN=Insert Coin,AxisLeftStick=Move; ButtonA=Jump; ButtonB=Special; ButtonDpad=Move; ButtonX=Shoot; ButtonStart=Start; ButtonBack=Insert Coin
redrobin,P1_BUTTON2,low,True,JOYCODE_1_BUTTON1,False,P1_JOYSTICK_LEFT=Move; P1_JOYSTICK_RIGHT=Move; P1_BUTTON1=Jump; START=Start; COIN=Insert Coin,AxisLeftStick=Move; ButtonDpad=Move; ButtonX=Jump; ButtonStart=Start; ButtonBack=Insert Coin
rezon,P1_BUTTON2,low,True,JOYCODE_1_BUTTON1,False,P1_JOYSTICK=Move; P1_BUTTON1=Shoot; START=Start; COIN=Insert Coin,AxisLeftStick=Move; ButtonDpad=Move; ButtonX=Shoot; ButtonStart=Start; ButtonBack=Insert Coin
rezon,P1_BUTTON3,low,True,JOYCODE_1_BUTTON2,False,P1_JOYSTICK=Move; P1_BUTTON1=Shoot; START=Start; COIN=Insert Coin,AxisLeftStick=Move; ButtonDpad=Move; ButtonX=Shoot; ButtonStart=Start; ButtonBack=Insert Coin
ridhero,P1_BUTTON4,low,True,JOYCODE_1_BUTTON4,False,P1_JOYSTICK=Move; P1_BUTTON1=Accelerate; P1_BUTTON2=Brake; P1_BUTTON3=Turbo; START=Start; COIN=Insert Coin,AxisLeftStick=Move; AxisTriggerLeft=Brake; AxisTriggerRight=Accelerate; ButtonA=Brake; ButtonB=Turbo; ButtonDpad=Move; ButtonX=Accelerate; ButtonStart=Start; ButtonBack=Insert Coin
ridingf,P1_BUTTON4,low,True,JOYCODE_1_BUTTON4,False,P1_JOYSTICK=Move; P1_BUTTON1=Attack; P1_BUTTON2=Jump; P1_BUTTON3=Special; START=Start; COIN=Insert Coin,AxisLeftStick=Move; ButtonA=Jump; ButtonB=Special; ButtonDpad=Move; ButtonX=Attack; ButtonStart=Start; ButtonBack=Insert Coin
ringrage,P1_BUTTON3,low,True,JOYCODE_1_BUTTON2,False,P1_JOYSTICK=Move; P1_BUTTON1=Punch; P1_BUTTON2=Kick; START=Start; COIN=Insert Coin,AxisLeftStick=Move; ButtonA=Kick; ButtonDpad=Move; ButtonX=Punch; ButtonStart=Start; ButtonBack=Insert Coin
ringrage,P1_BUTTON4,low,True,JOYCODE_1_BUTTON4,False,P1_JOYSTICK=Move; P1_BUTTON1=Punch; P1_BUTTON2=Kick; START=Start; COIN=Insert Coin,AxisLeftStick=Move; ButtonA=Kick; ButtonDpad=Move; ButtonX=Punch; ButtonStart=Start; ButtonBack=Insert Coin
riotcity,P1_BUTTON3,low,True,JOYCODE_1_BUTTON2,False,P1_JOYSTICK=Move; P1_BUTTON1=Attack; P1_BUTTON2=Jump; START=Start; COIN=Insert Coin,AxisLeftStick=Move; ButtonA=Jump; ButtonDpad=Move; ButtonX=Attack; ButtonStart=Start; ButtonBack=Insert Coin
rltennis,P1_BUTTON2,low,True,JOYCODE_1_BUTTON1,False,P1_JOYSTICK=Move; P1_BUTTON1=Hit Ball; START=Start; COIN=Insert Coin,AxisLeftStick=Move; ButtonDpad=Move; ButtonX=Hit Ball; ButtonStart=Start; ButtonBack=Insert Coin
rltennis,P1_BUTTON3,low,True,JOYCODE_1_BUTTON2,False,P1_JOYSTICK=Move; P1_BUTTON1=Hit Ball; START=Start; COIN=Insert Coin,AxisLeftStick=Move; ButtonDpad=Move; ButtonX=Hit Ball; ButtonStart=Start; ButtonBack=Insert Coin
roadburn,P1_BUTTON4,low,True,JOYCODE_1_BUTTON1,False,P1_PEDAL=Accelerate; P1_PADDLE=Steering; P1_BUTTON2=Brake; P1_BUTTON3=Music; START=Start; COIN=Insert Coin,AxisLeftStick=Steering; AxisTriggerLeft=Brake; AxisTriggerRight=Accelerate; ButtonY=Music; ButtonStart=Start; ButtonBack=Insert Coin
roadrunn,P1_BUTTON2,low,True,JOYCODE_1_BUTTON1,False,P1_AD_STICK_X=Move; P1_AD_STICK_Y=Move; P1_BUTTON1=Hop; COIN=Insert Coin,AxisLeftStick=Move; ButtonX=Hop; ButtonStart=Start; ButtonBack=Insert Coin
roboarmy,P1_BUTTON4,low,True,JOYCODE_1_BUTTON4,False,P1_JOYSTICK=Move; P1_BUTTON1=Attack; P1_BUTTON2=Jump; P1_BUTTON3=Special; START=Start; COIN=Insert Coin,AxisLeftStick=Move; ButtonA=Jump; ButtonB=Special; ButtonDpad=Move; ButtonX=Attack; ButtonStart=Start; ButtonBack=Insert Coin
rolcrush,P1_BUTTON2,low,True,JOYCODE_1_BUTTON1,False,P1_JOYSTICK=Move; P1_BUTTON1=Shoot; START=Start; COIN=Insert Coin,AxisLeftStick=Move; ButtonDpad=Move; ButtonX=Shoot; ButtonStart=Start; ButtonBack=Insert Coin
rolcrush,P1_BUTTON3,low,True,JOYCODE_1_BUTTON2,False,P1_JOYSTICK=Move; P1_BUTTON1=Shoot; START=Start; COIN=Insert Coin,AxisLeftStick=Move; ButtonDpad=Move; ButtonX=Shoot; ButtonStart=Start; ButtonBack=Insert Coin
rompers,P1_BUTTON1,low,True,JOYCODE_1_BUTTON3,False,P1_JOYSTICK=Move; P1_BUTTON2=Push; START=Start; COIN=Insert Coin,AxisLeftStick=Move; ButtonA=Push; ButtonDpad=Move; ButtonStart=Start; ButtonBack=Insert Coin
rompers,P1_BUTTON3,low,True,JOYCODE_1_BUTTON2,False,P1_JOYSTICK=Move; P1_BUTTON2=Push; START=Start; COIN=Insert Coin,AxisLeftStick=Move; ButtonA=Push; ButtonDpad=Move; ButtonStart=Start; ButtonBack=Insert Coin
roughrac,P1_BUTTON3,low,True,JOYCODE_1_BUTTON2,False,P1_JOYSTICK=Steering; P1_DIAL=Steering; P1_BUTTON1=Turbo; P1_BUTTON2=Accelerate; START=Start; COIN=Insert Coin,AxisLeftStick=Steering; AxisTriggerRight=Accelerate; ButtonA=Turbo; ButtonDpad=Steering; ButtonX=Accelerate; ButtonStart=Start; ButtonBack=Insert Coin
rshark,P1_BUTTON3,low,True,JOYCODE_1_BUTTON2,False,P1_JOYSTICK=Move; P1_BUTTON1=Shoot; P1_BUTTON2=Special; START=Start; COIN=Insert Coin,AxisLeftStick=Move; ButtonA=Special; ButtonDpad=Move; ButtonX=Shoot; ButtonStart=Start; ButtonBack=Insert Coin
rshark,P1_BUTTON4,low,True,JOYCODE_1_BUTTON4,False,P1_JOYSTICK=Move; P1_BUTTON1=Shoot; P1_BUTTON2=Special; START=Start; COIN=Insert Coin,AxisLeftStick=Move; ButtonA=Special; ButtonDpad=Move; ButtonX=Shoot; ButtonStart=Start; ButtonBack=Insert Coin
rthun2,P1_BUTTON3,low,True,JOYCODE_1_BUTTON2,False,P1_JOYSTICK=Move; P1_BUTTON1=Shoot; P1_BUTTON2=Jump; START=Start; COIN=Insert Coin,AxisLeftStick=Move; ButtonA=Jump; ButtonDpad=Move; ButtonX=Shoot; ButtonStart=Start; ButtonBack=Insert Coin
rtype,P1_BUTTON3,low,True,JOYCODE_1_BUTTON2,False,P1_JOYSTICK=Move; P1_BUTTON1=Shoot / (Hold) Charge; P1_BUTTON2=Drone; START=Start; COIN=Insert Coin,AxisLeftStick=Move; ButtonA=Drone; ButtonDpad=Move; ButtonX=Shoot / (Hold) Charge; ButtonStart=Start; ButtonBack=Insert Coin
rtype,P1_BUTTON4,low,True,JOYCODE_1_BUTTON4,False,P1_JOYSTICK=Move; P1_BUTTON1=Shoot / (Hold) Charge; P1_BUTTON2=Drone; START=Start; COIN=Insert Coin,AxisLeftStick=Move; ButtonA=Drone; ButtonDpad=Move; ButtonX=Shoot / (Hold) Charge; ButtonStart=Start; ButtonBack=Insert Coin
rtype2,P1_BUTTON3,low,True,JOYCODE_1_BUTTON2,False,P1_JOYSTICK=Move; P1_BUTTON1=Shoot / (Hold) Charge; P1_BUTTON2=Drone; START=Start; COIN=Insert Coin,AxisLeftStick=Move; ButtonA=Drone; ButtonDpad=Move; ButtonX=Shoot / (Hold) Charge; ButtonStart=Start; ButtonBack=Insert Coin
rtype2,P1_BUTTON4,low,True,JOYCODE_1_BUTTON4,False,P1_JOYSTICK=Move; P1_BUTTON1=Shoot / (Hold) Charge; P1_BUTTON2=Drone; START=Start; COIN=Insert Coin,AxisLeftStick=Move; ButtonA=Drone; ButtonDpad=Move; ButtonX=Shoot / (Hold) Charge; ButtonStart=Start; ButtonBack=Insert Coin
rushhero,P1_BUTTON3,low,True,JOYCODE_1_BUTTON2,False,P1_JOYSTICK=Move; P1_BUTTON1=Pass / Kick / Tackle; P1_BUTTON2=Change Player / Select; START=Start; COIN=Insert Coin,AxisLeftStick=Move; ButtonA=Change Player / Select; ButtonDpad=Move; ButtonX=Pass / Kick / Tackle; ButtonStart=Start; ButtonBack=Insert Coin
ryujin,P1_BUTTON3,low,True,JOYCODE_1_BUTTON2,False,P1_JOYSTICK=Move; P1_BUTTON1=Shoot / (Hold) Charge; P1_BUTTON2=Bomb; START=Start; COIN=Insert Coin,AxisLeftStick=Move; ButtonA=Bomb; ButtonDpad=Move; ButtonX=Shoot / (Hold) Charge; ButtonStart=Start; ButtonBack=Insert Coin
s1945,P1_BUTTON3,low,True,JOYCODE_1_BUTTON2,False,P1_JOYSTICK=Move; P1_BUTTON1=Shoot; P1_BUTTON2=Bomb; START=Start; COIN=Insert Coin,AxisLeftStick=Move; ButtonA=Bomb; ButtonDpad=Move; ButtonX=Shoot; ButtonStart=Start; ButtonBack=Insert Coin
s1945p,P1_BUTTON4,low,True,JOYCODE_1_BUTTON4,False,P1_JOYSTICK=Move; P1_BUTTON1=Shoot / (Hold) Charge; P1_BUTTON2=Support Attack; P1_BUTTON3=Auto Fire; START=Start; COIN=Insert Coin,AxisLeftStick=Move; ButtonA=Support Attack; ButtonB=Auto Fire; ButtonDpad=Move; ButtonX=Shoot / (Hold) Charge; ButtonStart=Start; ButtonBack=Insert Coin
sadari,P1_BUTTON3,low,True,JOYCODE_1_BUTTON2,False,P1_JOYSTICK=Move; P1_BUTTON1=Drop; P1_BUTTON2=Change; START=Start; COIN=Insert Coin,AxisLeftStick=Move; ButtonA=Change; ButtonDpad=Move; ButtonX=Drop; ButtonStart=Start; ButtonBack=Insert Coin
safarir,P1_BUTTON1,low,True,JOYCODE_1_BUTTON1,False,P1_JOYSTICK_LEFT=Move; P1_JOYSTICK_RIGHT=Move; START=Start; COIN=Insert Coin,AxisLeftStick=Move; ButtonDpad=Move; ButtonX=Accelerate; ButtonStart=Start; ButtonBack=Insert Coin
salmndr2,P1_BUTTON3,low,True,JOYCODE_1_BUTTON2,False,P1_JOYSTICK=Move; P1_BUTTON1=Shoot; P1_BUTTON2=Special; START=Start; COIN=Insert Coin,AxisLeftStick=Move; ButtonA=Special; ButtonDpad=Move; ButtonX=Shoot; ButtonStart=Start; ButtonBack=Insert Coin
samuraia,P1_BUTTON3,low,True,JOYCODE_1_BUTTON2,False,P1_JOYSTICK=Move; P1_BUTTON1=Shoot; P1_BUTTON2=Bomb; START=Start; COIN=Insert Coin,AxisLeftStick=Move; ButtonA=Bomb; ButtonDpad=Move; ButtonX=Shoot; ButtonStart=Start; ButtonBack=Insert Coin
sandor,P1_BUTTON2,low,True,JOYCODE_1_BUTTON1,False,P1_JOYSTICK=Move; P1_BUTTON1=Button; START=Start; COIN=Insert Coin,AxisLeftStick=Move; ButtonDpad=Move; ButtonX=Button; ButtonStart=Start; ButtonBack=Insert Coin
sandor,P1_BUTTON3,low,True,JOYCODE_1_BUTTON2,False,P1_JOYSTICK=Move; P1_BUTTON1=Button; START=Start; COIN=Insert Coin,AxisLeftStick=Move; ButtonDpad=Move; ButtonX=Button; ButtonStart=Start; ButtonBack=Insert Coin
sandor,P1_BUTTON4,low,True,JOYCODE_1_BUTTON4,False,P1_JOYSTICK=Move; P1_BUTTON1=Button; START=Start; COIN=Insert Coin,AxisLeftStick=Move; ButtonDpad=Move; ButtonX=Button; ButtonStart=Start; ButtonBack=Insert Coin
sasissu,P1_BUTTON1,low,True,JOYCODE_1_BUTTON3,False,P1_JOYSTICK=Move; P1_BUTTON2=Button; START=Start; COIN=Insert Coin,AxisLeftStick=Move; ButtonA=Button; ButtonDpad=Move; ButtonStart=Start; ButtonBack=Insert Coin
sasissu,P1_BUTTON3,low,True,JOYCODE_1_BUTTON2,False,P1_JOYSTICK=Move; P1_BUTTON2=Button; START=Start; COIN=Insert Coin,AxisLeftStick=Move; ButtonA=Button; ButtonDpad=Move; ButtonStart=Start; ButtonBack=Insert Coin
sasissu,P1_BUTTON4,low,True,JOYCODE_1_BUTTON4,False,P1_JOYSTICK=Move; P1_BUTTON2=Button; START=Start; COIN=Insert Coin,AxisLeftStick=Move; ButtonA=Button; ButtonDpad=Move; ButtonStart=Start; ButtonBack=Insert Coin
sasuke,P1_BUTTON1,low,True,JOYCODE_1_BUTTON1,False,P1_JOYSTICK_LEFT=Move; P1_JOYSTICK_RIGHT=Move; START=Start; COIN=Insert Coin,AxisLeftStick=Move; ButtonDpad=Move; ButtonX=Shoot; ButtonStart=Start; ButtonBack=Insert Coin
sb2003,P1_BUTTON3,low,True,JOYCODE_1_BUTTON2,False,P1_JOYSTICK=Move; P1_BUTTON1=Jump; P1_BUTTON2=Attack; START=Start; COIN=Insert Coin,AxisLeftStick=Move; ButtonA=Jump; ButtonDpad=Move; ButtonX=Attack; ButtonStart=Start; ButtonBack=Insert Coin
sb2003,P1_BUTTON4,low,True,JOYCODE_1_BUTTON4,False,P1_JOYSTICK=Move; P1_BUTTON1=Jump; P1_BUTTON2=Attack; START=Start; COIN=Insert Coin,AxisLeftStick=Move; ButtonA=Jump; ButtonDpad=Move; ButtonX=Attack; ButtonStart=Start; ButtonBack=Insert Coin
sbagman,P1_BUTTON2,low,True,JOYCODE_1_BUTTON1,False,P1_JOYSTICK=Move; P1_BUTTON1=Jump / Pick Up / Drop; COIN=Insert Coin,AxisLeftStick=Move; ButtonDpad=Move; ButtonX=Jump / Pick Up / Drop; ButtonStart=Start; ButtonBack=Insert Coin
sbbros,P1_BUTTON2,low,True,JOYCODE_1_BUTTON1,False,P1_JOYSTICK=Move; P1_BUTTON1=Shoot; START=Start; COIN=Insert Coin,AxisLeftStick=Move; ButtonDpad=Move; ButtonX=Shoot; ButtonStart=Start; ButtonBack=Insert Coin
sbp,P1_BUTTON2,low,True,JOYCODE_1_BUTTON1,False,P1_JOYSTICK=Move; P1_BUTTON1=Shoot; START=Start; COIN=Insert Coin,AxisLeftStick=Move; ButtonDpad=Move; ButtonX=Shoot; ButtonStart=Start; ButtonBack=Insert Coin
sbp,P1_BUTTON3,low,True,JOYCODE_1_BUTTON2,False,P1_JOYSTICK=Move; P1_BUTTON1=Shoot; START=Start; COIN=Insert Coin,AxisLeftStick=Move; ButtonDpad=Move; ButtonX=Shoot; ButtonStart=Start; ButtonBack=Insert Coin
sbp,P1_BUTTON4,low,True,JOYCODE_1_BUTTON4,False,P1_JOYSTICK=Move; P1_BUTTON1=Shoot; START=Start; COIN=Insert Coin,AxisLeftStick=Move; ButtonDpad=Move; ButtonX=Shoot; ButtonStart=Start; ButtonBack=Insert Coin
scfinals,P1_BUTTON4,low,True,JOYCODE_1_BUTTON4,False,P1_JOYSTICK=Move; P1_BUTTON1=Shoot / Slide; P1_BUTTON2=Pass / Rough Play; P1_BUTTON3=Special; START=Start; COIN=Insert Coin,AxisLeftStick=Move; ButtonA=Pass / Rough Play; ButtonB=Special; ButtonDpad=Move; ButtonX=Shoot / Slide; ButtonStart=Start; ButtonBack=Insert Coin
scorpion,P1_BUTTON1,low,True,JOYCODE_1_BUTTON3,False,P1_JOYSTICK=Move; P1_BUTTON2=Shoot; START=Start; COIN=Insert Coin,AxisLeftStick=Move; ButtonA=Shoot; ButtonDpad=Move; ButtonStart=Start; ButtonBack=Insert Coin
screwloo,P1_BUTTON2,low,True,JOYCODE_1_BUTTON6,False,P1_JOYSTICKLEFT=Move; P1_JOYSTICKRIGHT=Shoot; P1_BUTTON1=Start / Boost; COIN=Insert Coin,AxisLeftStick=Move; AxisRightStick=Shoot; ButtonStart=Start / Boost; ButtonBack=Insert Coin
scudhamm,P1_BUTTON4,low,True,JOYCODE_1_BUTTON4,False,P1_DIAL_V=Hammer Up / Down; P1_BUTTON1=Rock; P1_BUTTON2=Scissor; P1_BUTTON3=Paper; START=Start; COIN=Insert Coin,AxisLeftStick=Hammer Up / Down; ButtonA=Scissor; ButtonB=Paper; ButtonX=Rock; ButtonStart=Start; ButtonBack=Insert Coin
seabass,P1_BUTTON4,low,True,JOYCODE_1_BUTTON4,False,P1_JOYSTICK=Move; P1_BUTTON1=Cast / Slow Reel; P1_BUTTON2=Medium Reel; P1_BUTTON3=Change Lure / Fast Reel; START=Start; COIN=Insert Coin,AxisLeftStick=Move; ButtonA=Medium Reel; ButtonB=Change Lure / Fast Reel; ButtonDpad=Move; ButtonX=Cast / Slow Reel; ButtonStart=Start; ButtonBack=Insert Coin
seawolf2,P1_BUTTON1,low,True,JOYCODE_1_BUTTON1,False,P1_POSITIONAL=Move; START=Start; COIN=Insert Coin,AxisLeftStick=Move; ButtonDpad=Move; ButtonStart=Start; ButtonBack=Insert Coin
selfeena,P1_BUTTON3,low,True,JOYCODE_1_BUTTON2,False,P1_JOYSTICK=Move; P1_BUTTON1=Shoot / Pick Up / Throw; P1_BUTTON2=Bomb; START=Start; COIN=Insert Coin,AxisLeftStick=Move; ButtonA=Bomb; ButtonDpad=Move; ButtonX=Shoot / Pick Up / Throw; ButtonStart=Start; ButtonBack=Insert Coin
sengekis,P1_BUTTON3,low,True,JOYCODE_1_BUTTON2,False,P1_JOYSTICK=Move; P1_BUTTON1=Shoot; P1_BUTTON2=Bomb; START=Start; COIN=Insert Coin,AxisLeftStick=Move; ButtonA=Bomb; ButtonDpad=Move; ButtonX=Shoot; ButtonStart=Start; ButtonBack=Insert Coin
sengoku,P1_BUTTON4,low,True,JOYCODE_1_BUTTON4,False,P1_JOYSTICK=Move; P1_BUTTON1=Attack; P1_BUTTON2=Jump; P1_BUTTON3=Draw/Change Weapon; START=Start; COIN=Insert Coin,AxisLeftStick=Move; ButtonA=Jump; ButtonB=Draw/Change Weapon; ButtonDpad=Move; ButtonX=Attack; ButtonStart=Start; ButtonBack=Insert Coin
senknow,P1_BUTTON2,low,True,JOYCODE_1_BUTTON1,False,P1_JOYSTICK=Move; P1_BUTTON1=Rotate; START=Start; COIN=Insert Coin,AxisLeftStick=Move; ButtonDpad=Move; ButtonX=Rotate; ButtonStart=Start; ButtonBack=Insert Coin
senknow,P1_BUTTON3,low,True,JOYCODE_1_BUTTON2,False,P1_JOYSTICK=Move; P1_BUTTON1=Rotate; START=Start; COIN=Insert Coin,AxisLeftStick=Move; ButtonDpad=Move; ButtonX=Rotate; ButtonStart=Start; ButtonBack=Insert Coin
senkyu,P1_BUTTON3,low,True,JOYCODE_1_BUTTON2,False,P1_JOYSTICK=Move; P1_BUTTON1=Rotate Left; P1_BUTTON2=Rotate Right; START=Start; COIN=Insert Coin,AxisLeftStick=Move; ButtonA=Rotate Right; ButtonDpad=Move; ButtonX=Rotate Left; ButtonStart=Start; ButtonBack=Insert Coin
sf2049,P1_BUTTON4,low,True,JOYCODE_1_RZAXIS_NEG_SWITCH,False,P1_PEDAL=Accelerate; P1_PEDAL2=Brake; P1_PADDLE=Steering; P1_BUTTON10=View 2; P1_BUTTON11=View 3; P1_BUTTON12=Music; P1_BUTTON9=View 1; START=Start; COIN=Insert Coin,AxisLeftStick=Steering; AxisTriggerLeft=Brake; AxisTriggerRight=Accelerate; ButtonDpadDown=Music; ButtonDpadLeft=View 1; ButtonDpadRight=View 3; ButtonDpadUp=View 2; ButtonStart=Start; ButtonBack=Insert Coin
sf2049,P1_BUTTON5,low,True,JOYCODE_1_RZAXIS_POS_SWITCH,False,P1_PEDAL=Accelerate; P1_PEDAL2=Brake; P1_PADDLE=Steering; P1_BUTTON10=View 2; P1_BUTTON11=View 3; P1_BUTTON12=Music; P1_BUTTON9=View 1; START=Start; COIN=Insert Coin,AxisLeftStick=Steering; AxisTriggerLeft=Brake; AxisTriggerRight=Accelerate; ButtonDpadDown=Music; ButtonDpadLeft=View 1; ButtonDpadRight=View 3; ButtonDpadUp=View 2; ButtonStart=Start; ButtonBack=Insert Coin
sf2049,P1_BUTTON6,low,True,JOYCODE_1_ZAXIS_NEG_SWITCH,False,P1_PEDAL=Accelerate; P1_PEDAL2=Brake; P1_PADDLE=Steering; P1_BUTTON10=View 2; P1_BUTTON11=View 3; P1_BUTTON12=Music; P1_BUTTON9=View 1; START=Start; COIN=Insert Coin,AxisLeftStick=Steering; AxisTriggerLeft=Brake; AxisTriggerRight=Accelerate; ButtonDpadDown=Music; ButtonDpadLeft=View 1; ButtonDpadRight=View 3; ButtonDpadUp=View 2; ButtonStart=Start; ButtonBack=Insert Coin
sf2049,P1_BUTTON7,low,True,JOYCODE_1_ZAXIS_POS_SWITCH,False,P1_PEDAL=Accelerate; P1_PEDAL2=Brake; P1_PADDLE=Steering; P1_BUTTON10=View 2; P1_BUTTON11=View 3; P1_BUTTON12=Music; P1_BUTTON9=View 1; START=Start; COIN=Insert Coin,AxisLeftStick=Steering; AxisTriggerLeft=Brake; AxisTriggerRight=Accelerate; ButtonDpadDown=Music; ButtonDpadLeft=View 1; ButtonDpadRight=View 3; ButtonDpadUp=View 2; ButtonStart=Start; ButtonBack=Insert Coin
sf2049,P1_BUTTON8,low,True,JOYCODE_1_BUTTON5,False,P1_PEDAL=Accelerate; P1_PEDAL2=Brake; P1_PADDLE=Steering; P1_BUTTON10=View 2; P1_BUTTON11=View 3; P1_BUTTON12=Music; P1_BUTTON9=View 1; START=Start; COIN=Insert Coin,AxisLeftStick=Steering; AxisTriggerLeft=Brake; AxisTriggerRight=Accelerate; ButtonDpadDown=Music; ButtonDpadLeft=View 1; ButtonDpadRight=View 3; ButtonDpadUp=View 2; ButtonStart=Start; ButtonBack=Insert Coin
sf2049se,P1_BUTTON4,low,True,JOYCODE_1_RZAXIS_NEG_SWITCH,False,P1_PEDAL=Accelerate; P1_PEDAL2=Brake; P1_PADDLE=Steering; P1_BUTTON10=View 2; P1_BUTTON11=View 3; P1_BUTTON12=Music; P1_BUTTON9=View 1; START=Start; COIN=Insert Coin,AxisLeftStick=Steering; AxisTriggerLeft=Brake; AxisTriggerRight=Accelerate; ButtonDpadDown=Music; ButtonDpadLeft=View 1; ButtonDpadRight=View 3; ButtonDpadUp=View 2; ButtonStart=Start; ButtonBack=Insert Coin
sf2049se,P1_BUTTON5,low,True,JOYCODE_1_RZAXIS_POS_SWITCH,False,P1_PEDAL=Accelerate; P1_PEDAL2=Brake; P1_PADDLE=Steering; P1_BUTTON10=View 2; P1_BUTTON11=View 3; P1_BUTTON12=Music; P1_BUTTON9=View 1; START=Start; COIN=Insert Coin,AxisLeftStick=Steering; AxisTriggerLeft=Brake; AxisTriggerRight=Accelerate; ButtonDpadDown=Music; ButtonDpadLeft=View 1; ButtonDpadRight=View 3; ButtonDpadUp=View 2; ButtonStart=Start; ButtonBack=Insert Coin
sf2049se,P1_BUTTON6,low,True,JOYCODE_1_ZAXIS_NEG_SWITCH,False,P1_PEDAL=Accelerate; P1_PEDAL2=Brake; P1_PADDLE=Steering; P1_BUTTON10=View 2; P1_BUTTON11=View 3; P1_BUTTON12=Music; P1_BUTTON9=View 1; START=Start; COIN=Insert Coin,AxisLeftStick=Steering; AxisTriggerLeft=Brake; AxisTriggerRight=Accelerate; ButtonDpadDown=Music; ButtonDpadLeft=View 1; ButtonDpadRight=View 3; ButtonDpadUp=View 2; ButtonStart=Start; ButtonBack=Insert Coin
sf2049se,P1_BUTTON7,low,True,JOYCODE_1_ZAXIS_POS_SWITCH,False,P1_PEDAL=Accelerate; P1_PEDAL2=Brake; P1_PADDLE=Steering; P1_BUTTON10=View 2; P1_BUTTON11=View 3; P1_BUTTON12=Music; P1_BUTTON9=View 1; START=Start; COIN=Insert Coin,AxisLeftStick=Steering; AxisTriggerLeft=Brake; AxisTriggerRight=Accelerate; ButtonDpadDown=Music; ButtonDpadLeft=View 1; ButtonDpadRight=View 3; ButtonDpadUp=View 2; ButtonStart=Start; ButtonBack=Insert Coin
sf2049se,P1_BUTTON8,low,True,JOYCODE_1_BUTTON5,False,P1_PEDAL=Accelerate; P1_PEDAL2=Brake; P1_PADDLE=Steering; P1_BUTTON10=View 2; P1_BUTTON11=View 3; P1_BUTTON12=Music; P1_BUTTON9=View 1; START=Start; COIN=Insert Coin,AxisLeftStick=Steering; AxisTriggerLeft=Brake; AxisTriggerRight=Accelerate; ButtonDpadDown=Music; ButtonDpadLeft=View 1; ButtonDpadRight=View 3; ButtonDpadUp=View 2; ButtonStart=Start; ButtonBack=Insert Coin
sf2049te,P1_BUTTON4,low,True,JOYCODE_1_RZAXIS_NEG_SWITCH,False,P1_PEDAL=Accelerate; P1_PEDAL2=Brake; P1_PADDLE=Steering; P1_BUTTON10=View 2; P1_BUTTON11=View 3; P1_BUTTON12=Music; P1_BUTTON9=View 1; START=Start; COIN=Insert Coin,AxisLeftStick=Steering; AxisTriggerLeft=Brake; AxisTriggerRight=Accelerate; ButtonDpadDown=Music; ButtonDpadLeft=View 1; ButtonDpadRight=View 3; ButtonDpadUp=View 2; ButtonStart=Start; ButtonBack=Insert Coin
sf2049te,P1_BUTTON5,low,True,JOYCODE_1_RZAXIS_POS_SWITCH,False,P1_PEDAL=Accelerate; P1_PEDAL2=Brake; P1_PADDLE=Steering; P1_BUTTON10=View 2; P1_BUTTON11=View 3; P1_BUTTON12=Music; P1_BUTTON9=View 1; START=Start; COIN=Insert Coin,AxisLeftStick=Steering; AxisTriggerLeft=Brake; AxisTriggerRight=Accelerate; ButtonDpadDown=Music; ButtonDpadLeft=View 1; ButtonDpadRight=View 3; ButtonDpadUp=View 2; ButtonStart=Start; ButtonBack=Insert Coin
sf2049te,P1_BUTTON6,low,True,JOYCODE_1_ZAXIS_NEG_SWITCH,False,P1_PEDAL=Accelerate; P1_PEDAL2=Brake; P1_PADDLE=Steering; P1_BUTTON10=View 2; P1_BUTTON11=View 3; P1_BUTTON12=Music; P1_BUTTON9=View 1; START=Start; COIN=Insert Coin,AxisLeftStick=Steering; AxisTriggerLeft=Brake; AxisTriggerRight=Accelerate; ButtonDpadDown=Music; ButtonDpadLeft=View 1; ButtonDpadRight=View 3; ButtonDpadUp=View 2; ButtonStart=Start; ButtonBack=Insert Coin
sf2049te,P1_BUTTON7,low,True,JOYCODE_1_ZAXIS_POS_SWITCH,False,P1_PEDAL=Accelerate; P1_PEDAL2=Brake; P1_PADDLE=Steering; P1_BUTTON10=View 2; P1_BUTTON11=View 3; P1_BUTTON12=Music; P1_BUTTON9=View 1; START=Start; COIN=Insert Coin,AxisLeftStick=Steering; AxisTriggerLeft=Brake; AxisTriggerRight=Accelerate; ButtonDpadDown=Music; ButtonDpadLeft=View 1; ButtonDpadRight=View 3; ButtonDpadUp=View 2; ButtonStart=Start; ButtonBack=Insert Coin
sf2049te,P1_BUTTON8,low,True,JOYCODE_1_BUTTON5,False,P1_PEDAL=Accelerate; P1_PEDAL2=Brake; P1_PADDLE=Steering; P1_BUTTON10=View 2; P1_BUTTON11=View 3; P1_BUTTON12=Music; P1_BUTTON9=View 1; START=Start; COIN=Insert Coin,AxisLeftStick=Steering; AxisTriggerLeft=Brake; AxisTriggerRight=Accelerate; ButtonDpadDown=Music; ButtonDpadLeft=View 1; ButtonDpadRight=View 3; ButtonDpadUp=View 2; ButtonStart=Start; ButtonBack=Insert Coin
sf2ce,P1_BUTTON6,low,True,JOYCODE_1_SLIDER2_NEG_SWITCH,False,P1_JOYSTICK=Move; P1_BUTTON1=Light Punch; P1_BUTTON2=Medium Punch; P1_BUTTON3=Heavy Kick; P1_BUTTON4=Light Kick; P1_BUTTON5=Medium Kick; START=Start; COIN=Insert Coin,AxisLeftStick=Move; ButtonA=Light Kick; ButtonB=Medium Kick; ButtonDpad=Move; ButtonLeftShoulder=Heavy Punch; ButtonRightShoulder=Heavy Kick; ButtonX=Light Punch; ButtonY=Medium Punch; ButtonStart=Start; ButtonBack=Insert Coin
sfrush,P1_BUTTON4,low,True,JOYCODE_1_RZAXIS_NEG_SWITCH,False,P1_PEDAL=Accelerate; P1_PEDAL2=Brake; P1_PADDLE=Steering; P1_BUTTON10=View 3; P1_BUTTON11=(Hold) Reverse Gear; P1_BUTTON12=Music; P1_BUTTON13=Track 1; P1_BUTTON14=Track 2; P1_BUTTON15=Track 3; P1_BUTTON16=Track 4; P1_BUTTON8=View 1; P1_BUTTON9=View 2; START=Start; COIN=Insert Coin,AxisLeftStick=Steering; AxisTriggerLeft=Brake; AxisTriggerRight=Accelerate; ButtonA=Track 2; ButtonB=Track 3; ButtonDpadDown=Music; ButtonDpadLeft=View 1; ButtonDpadRight=View 3; ButtonDpadUp=View 2; ButtonLeftShoulder=(Hold) Reverse Gear; ButtonX=Track 1; ButtonY=Track 4; ButtonStart=Start; ButtonBack=Insert Coin
sfrush,P1_BUTTON5,low,True,JOYCODE_1_RZAXIS_POS_SWITCH,False,P1_PEDAL=Accelerate; P1_PEDAL2=Brake; P1_PADDLE=Steering; P1_BUTTON10=View 3; P1_BUTTON11=(Hold) Reverse Gear; P1_BUTTON12=Music; P1_BUTTON13=Track 1; P1_BUTTON14=Track 2; P1_BUTTON15=Track 3; P1_BUTTON16=Track 4; P1_BUTTON8=View 1; P1_BUTTON9=View 2; START=Start; COIN=Insert Coin,AxisLeftStick=Steering; AxisTriggerLeft=Brake; AxisTriggerRight=Accelerate; ButtonA=Track 2; ButtonB=Track 3; ButtonDpadDown=Music; ButtonDpadLeft=View 1; ButtonDpadRight=View 3; ButtonDpadUp=View 2; ButtonLeftShoulder=(Hold) Reverse Gear; ButtonX=Track 1; ButtonY=Track 4; ButtonStart=Start; ButtonBack=Insert Coin
sfrush,P1_BUTTON6,low,True,JOYCODE_1_ZAXIS_NEG_SWITCH,False,P1_PEDAL=Accelerate; P1_PEDAL2=Brake; P1_PADDLE=Steering; P1_BUTTON10=View 3; P1_BUTTON11=(Hold) Reverse Gear; P1_BUTTON12=Music; P1_BUTTON13=Track 1; P1_BUTTON14=Track 2; P1_BUTTON15=Track 3; P1_BUTTON16=Track 4; P1_BUTTON8=View 1; P1_BUTTON9=View 2; START=Start; COIN=Insert Coin,AxisLeftStick=Steering; AxisTriggerLeft=Brake; AxisTriggerRight=Accelerate; ButtonA=Track 2; ButtonB=Track 3; ButtonDpadDown=Music; ButtonDpadLeft=View 1; ButtonDpadRight=View 3; ButtonDpadUp=View 2; ButtonLeftShoulder=(Hold) Reverse Gear; ButtonX=Track 1; ButtonY=Track 4; ButtonStart=Start; ButtonBack=Insert Coin
sfrush,P1_BUTTON7,low,True,JOYCODE_1_ZAXIS_POS_SWITCH,False,P1_PEDAL=Accelerate; P1_PEDAL2=Brake; P1_PADDLE=Steering; P1_BUTTON10=View 3; P1_BUTTON11=(Hold) Reverse Gear; P1_BUTTON12=Music; P1_BUTTON13=Track 1; P1_BUTTON14=Track 2; P1_BUTTON15=Track 3; P1_BUTTON16=Track 4; P1_BUTTON8=View 1; P1_BUTTON9=View 2; START=Start; COIN=Insert Coin,AxisLeftStick=Steering; AxisTriggerLeft=Brake; AxisTriggerRight=Accelerate; ButtonA=Track 2; ButtonB=Track 3; ButtonDpadDown=Music; ButtonDpadLeft=View 1; ButtonDpadRight=View 3; ButtonDpadUp=View 2; ButtonLeftShoulder=(Hold) Reverse Gear; ButtonX=Track 1; ButtonY=Track 4; ButtonStart=Start; ButtonBack=Insert Coin
sfrushrk,P1_BUTTON4,low,True,JOYCODE_1_RZAXIS_NEG_SWITCH,False,P1_PEDAL=Accelerate; P1_PEDAL2=Brake; P1_PADDLE=Steering; P1_BUTTON10=View 3; P1_BUTTON11=(Hold) Reverse Gear; P1_BUTTON12=Music; P1_BUTTON13=Track 1; P1_BUTTON14=Track 2; P1_BUTTON15=Track 3; P1_BUTTON16=Track 4; P1_BUTTON8=View 1; P1_BUTTON9=View 2; START=Start; COIN=Insert Coin,AxisLeftStick=Steering; AxisTriggerLeft=Brake; AxisTriggerRight=Accelerate; ButtonA=Track 2; ButtonB=Track 3; ButtonDpadDown=Music; ButtonDpadLeft=View 1; ButtonDpadRight=View 3; ButtonDpadUp=View 2; ButtonLeftShoulder=(Hold) Reverse Gear; ButtonX=Track 1; ButtonY=Track 4; ButtonStart=Start; ButtonBack=Insert Coin
sfrushrk,P1_BUTTON5,low,True,JOYCODE_1_RZAXIS_POS_SWITCH,False,P1_PEDAL=Accelerate; P1_PEDAL2=Brake; P1_PADDLE=Steering; P1_BUTTON10=View 3; P1_BUTTON11=(Hold) Reverse Gear; P1_BUTTON12=Music; P1_BUTTON13=Track 1; P1_BUTTON14=Track 2; P1_BUTTON15=Track 3; P1_BUTTON16=Track 4; P1_BUTTON8=View 1; P1_BUTTON9=View 2; START=Start; COIN=Insert Coin,AxisLeftStick=Steering; AxisTriggerLeft=Brake; AxisTriggerRight=Accelerate; ButtonA=Track 2; ButtonB=Track 3; ButtonDpadDown=Music; ButtonDpadLeft=View 1; ButtonDpadRight=View 3; ButtonDpadUp=View 2; ButtonLeftShoulder=(Hold) Reverse Gear; ButtonX=Track 1; ButtonY=Track 4; ButtonStart=Start; ButtonBack=Insert Coin
sfrushrk,P1_BUTTON6,low,True,JOYCODE_1_ZAXIS_NEG_SWITCH,False,P1_PEDAL=Accelerate; P1_PEDAL2=Brake; P1_PADDLE=Steering; P1_BUTTON10=View 3; P1_BUTTON11=(Hold) Reverse Gear; P1_BUTTON12=Music; P1_BUTTON13=Track 1; P1_BUTTON14=Track 2; P1_BUTTON15=Track 3; P1_BUTTON16=Track 4; P1_BUTTON8=View 1; P1_BUTTON9=View 2; START=Start; COIN=Insert Coin,AxisLeftStick=Steering; AxisTriggerLeft=Brake; AxisTriggerRight=Accelerate; ButtonA=Track 2; ButtonB=Track 3; ButtonDpadDown=Music; ButtonDpadLeft=View 1; ButtonDpadRight=View 3; ButtonDpadUp=View 2; ButtonLeftShoulder=(Hold) Reverse Gear; ButtonX=Track 1; ButtonY=Track 4; ButtonStart=Start; ButtonBack=Insert Coin
sfrushrk,P1_BUTTON7,low,True,JOYCODE_1_ZAXIS_POS_SWITCH,False,P1_PEDAL=Accelerate; P1_PEDAL2=Brake; P1_PADDLE=Steering; P1_BUTTON10=View 3; P1_BUTTON11=(Hold) Reverse Gear; P1_BUTTON12=Music; P1_BUTTON13=Track 1; P1_BUTTON14=Track 2; P1_BUTTON15=Track 3; P1_BUTTON16=Track 4; P1_BUTTON8=View 1; P1_BUTTON9=View 2; START=Start; COIN=Insert Coin,AxisLeftStick=Steering; AxisTriggerLeft=Brake; AxisTriggerRight=Accelerate; ButtonA=Track 2; ButtonB=Track 3; ButtonDpadDown=Music; ButtonDpadLeft=View 1; ButtonDpadRight=View 3; ButtonDpadUp=View 2; ButtonLeftShoulder=(Hold) Reverse Gear; ButtonX=Track 1; ButtonY=Track 4; ButtonStart=Start; ButtonBack=Insert Coin
sftm,P1_BUTTON6,low,True,JOYCODE_1_SLIDER2_NEG_SWITCH,False,P1_JOYSTICK=Move; P1_BUTTON1=Light Punch; P1_BUTTON2=Medium Punch; P1_BUTTON3=Heavy Kick; P1_BUTTON4=Light Kick; P1_BUTTON5=Medium Kick; START=Start; COIN=Insert Coin,AxisLeftStick=Move; ButtonA=Light Kick; ButtonB=Medium Kick; ButtonDpad=Move; ButtonLeftShoulder=Heavy Punch; ButtonRightShoulder=Heavy Kick; ButtonX=Light Punch; ButtonY=Medium Punch; ButtonStart=Start; ButtonBack=Insert Coin
shadowld,P1_BUTTON3,low,True,JOYCODE_1_BUTTON2,False,P1_JOYSTICK=Move; P1_BUTTON1=Attack; P1_BUTTON2=Jump; START=Start; COIN=Insert Coin,AxisLeftStick=Move; ButtonA=Jump; ButtonDpad=Move; ButtonX=Attack; ButtonStart=Start; ButtonBack=Insert Coin
shanhigw,P1_BUTTON3,low,True,JOYCODE_1_BUTTON2,False,P1_JOYSTICK=Move; P1_BUTTON1=Select; P1_BUTTON2=Cancel; START=Start; COIN=Insert Coin,AxisLeftStick=Move; ButtonA=Cancel; ButtonDpad=Move; ButtonX=Select; ButtonStart=Start; ButtonBack=Insert Coin
shanhigw,P1_BUTTON4,low,True,JOYCODE_1_BUTTON4,False,P1_JOYSTICK=Move; P1_BUTTON1=Select; P1_BUTTON2=Cancel; START=Start; COIN=Insert Coin,AxisLeftStick=Move; ButtonA=Cancel; ButtonDpad=Move; ButtonX=Select; ButtonStart=Start; ButtonBack=Insert Coin
sharrier,P1_BUTTON3,low,True,JOYCODE_1_BUTTON2,False,P1_AD_STICK_X=Move; P1_AD_STICK_Y=Move; P1_BUTTON1=Shoot; P1_BUTTON2=Shoot; START=Start; COIN=Insert Coin,AxisLeftStick=Move; ButtonA=Shoot; ButtonX=Shoot; ButtonStart=Start; ButtonBack=Insert Coin
shienryu,P1_BUTTON3,low,True,JOYCODE_1_BUTTON2,False,P1_JOYSTICK=Move; P1_BUTTON1=Shoot; P1_BUTTON2=Bomb; START=Start; COIN=Insert Coin,AxisLeftStick=Move; ButtonA=Bomb; ButtonDpad=Move; ButtonX=Shoot; ButtonStart=Start; ButtonBack=Insert Coin
shienryu,P1_BUTTON4,low,True,JOYCODE_1_BUTTON4,False,P1_JOYSTICK=Move; P1_BUTTON1=Shoot; P1_BUTTON2=Bomb; START=Start; COIN=Insert Coin,AxisLeftStick=Move; ButtonA=Bomb; ButtonDpad=Move; ButtonX=Shoot; ButtonStart=Start; ButtonBack=Insert Coin
shikigam,P1_BUTTON3,low,True,JOYCODE_1_BUTTON2,False,P1_JOYSTICK=Move; P1_BUTTON1=Shoot / (Hold) Homing; P1_BUTTON2=Bomb; START=Start; COIN=Insert Coin,AxisLeftStick=Move; ButtonA=Bomb; ButtonDpad=Move; ButtonX=Shoot / (Hold) Homing; ButtonStart=Start; ButtonBack=Insert Coin
shngmtkb,P1_BUTTON3,low,True,JOYCODE_1_BUTTON2,False,P1_JOYSTICK=Move; P1_BUTTON1=Select; P1_BUTTON2=Cancel / Help; START=Start; COIN=Insert Coin,AxisLeftStick=Move; ButtonA=Cancel / Help; ButtonDpad=Move; ButtonX=Select; ButtonStart=Start; ButtonBack=Insert Coin
shocktr2,P1_BUTTON4,low,True,JOYCODE_1_BUTTON4,False,P1_JOYSTICK=Move; P1_BUTTON1=Attack; P1_BUTTON2=Grenade; P1_BUTTON3=Jump; START=Start; COIN=Insert Coin,AxisLeftStick=Move; ButtonA=Grenade; ButtonB=Jump; ButtonDpad=Move; ButtonX=Attack; ButtonStart=Start; ButtonBack=Insert Coin
shocktro,P1_BUTTON4,low,True,JOYCODE_1_BUTTON4,False,P1_JOYSTICK=Move; P1_BUTTON1=Attack; P1_BUTTON2=Roll; P1_BUTTON3=Grenade; START=Start; COIN=Insert Coin,AxisLeftStick=Move; ButtonA=Roll; ButtonB=Grenade; ButtonDpad=Move; ButtonX=Attack; ButtonStart=Start; ButtonBack=Insert Coin
shootgal,P1_BUTTON2,low,True,JOYCODE_1_BUTTON3 OR MOUSECODE_1_BUTTON2,False,P1_LIGHTGUN_X=Move Crosshair; P1_LIGHTGUN_Y=Move Crosshair; P1_BUTTON1=Shoot; COIN=Insert Coin,AxisLeftStick=Move Crosshair; ButtonA=Shoot; ButtonStart=Start; ButtonBack=Insert Coin
showdown,P1_BUTTON4,low,True,JOYCODE_1_BUTTON6,False,P1_LIGHTGUN_X=Move; P1_LIGHTGUN_Y=Move; P1_BUTTON1=Shoot; P1_BUTTON7=Shoot; START=Start; COIN=Insert Coin,AxisLeftStick=Move; AxisTriggerRight=Shoot; ButtonA=Shoot; ButtonStart=Start; ButtonBack=Insert Coin
showdown,P1_BUTTON5,low,True,JOYCODE_1_BUTTON4,False,P1_LIGHTGUN_X=Move; P1_LIGHTGUN_Y=Move; P1_BUTTON1=Shoot; P1_BUTTON7=Shoot; START=Start; COIN=Insert Coin,AxisLeftStick=Move; AxisTriggerRight=Shoot; ButtonA=Shoot; ButtonStart=Start; ButtonBack=Insert Coin
showdown,P1_BUTTON6,low,True,JOYCODE_1_BUTTON3,False,P1_LIGHTGUN_X=Move; P1_LIGHTGUN_Y=Move; P1_BUTTON1=Shoot; P1_BUTTON7=Shoot; START=Start; COIN=Insert Coin,AxisLeftStick=Move; AxisTriggerRight=Shoot; ButtonA=Shoot; ButtonStart=Start; ButtonBack=Insert Coin
showdown,P1_BUTTON8,low,True,JOYCODE_1_BUTTON2,False,P1_LIGHTGUN_X=Move; P1_LIGHTGUN_Y=Move; P1_BUTTON1=Shoot; P1_BUTTON7=Shoot; START=Start; COIN=Insert Coin,AxisLeftStick=Move; AxisTriggerRight=Shoot; ButtonA=Shoot; ButtonStart=Start; ButtonBack=Insert Coin
shpeng,P1_BUTTON3,low,True,JOYCODE_1_BUTTON2,False,P1_JOYSTICK=Move; P1_BUTTON1=Jump; P1_BUTTON2=Hammer; START=Start; COIN=Insert Coin,AxisLeftStick=Move; ButtonA=Jump; ButtonDpad=Move; ButtonX=Hammer; ButtonStart=Start; ButtonBack=Insert Coin
shrike,P1_BUTTON3,low,True,JOYCODE_1_BUTTON2,False,P1_AD_STICK_X=Move; P1_AD_STICK_Y=Move; P1_BUTTON1=Left Laser; P1_BUTTON2=Right Laser; START=Start; COIN=Insert Coin,AxisLeftStick=Move; ButtonA=Right Laser; ButtonX=Left Laser; ButtonStart=Start; ButtonBack=Insert Coin
shrike,P1_BUTTON4,low,True,JOYCODE_1_BUTTON4,False,P1_AD_STICK_X=Move; P1_AD_STICK_Y=Move; P1_BUTTON1=Left Laser; P1_BUTTON2=Right Laser; START=Start; COIN=Insert Coin,AxisLeftStick=Move; ButtonA=Right Laser; ButtonX=Left Laser; ButtonStart=Start; ButtonBack=Insert Coin
shuffle,P1_BUTTON1,low,True,JOYCODE_1_BUTTON4,False,P1_TRACKBALL_X=Move; P1_TRACKBALL_Y=Move; START=Start; COIN=Start,AxisLeftStick=Move; ButtonStart=Start; ButtonBack=Insert Coin
shuuz,P1_BUTTON1,low,True,JOYCODE_1_BUTTON3,False,P1_TRACKBALL_X=Move/Throw(Up&Down); P1_TRACKBALL_Y=Move/Throw(Up&Down); P1_BUTTON2=Button; COIN=Insert Coin,AxisLeftStick=Move/Throw(Up&Down); ButtonA=Button; ButtonStart=Start; ButtonBack=Insert Coin
silvmil,P1_BUTTON3,low,True,JOYCODE_1_BUTTON2,False,P1_JOYSTICK=Move; P1_BUTTON1=Shoot; P1_BUTTON2=Special; START=Start; COIN=Insert Coin,AxisLeftStick=Move; ButtonA=Special; ButtonDpad=Move; ButtonX=Shoot; ButtonStart=Start; ButtonBack=Insert Coin
simpbowl,P1_BUTTON1,low,True,JOYCODE_1_BUTTON3,False,P1_JOYSTICK=Move / Bowl; P1_TRACKBALL_X=Move / Bowl; P1_TRACKBALL_Y=Move / Bowl; P1_BUTTON2=Button; START=Start; COIN=Insert Coin,AxisLeftStick=Move / Bowl; ButtonDpad=Move / Bowl; ButtonA=Button; ButtonStart=Start; ButtonBack=Insert Coin
simpbowl,P1_BUTTON3,low,True,JOYCODE_1_BUTTON2,False,P1_JOYSTICK=Move / Bowl; P1_TRACKBALL_X=Move / Bowl; P1_TRACKBALL_Y=Move / Bowl; P1_BUTTON2=Button; START=Start; COIN=Insert Coin,AxisLeftStick=Move / Bowl; ButtonDpad=Move / Bowl; ButtonA=Button; ButtonStart=Start; ButtonBack=Insert Coin
skullfng,P1_BUTTON1,low,True,JOYCODE_1_BUTTON3,False,P1_JOYSTICK=Move; P1_BUTTON2=Shoot; P1_BUTTON3=Special; START=Start; COIN=Insert Coin,AxisLeftStick=Move; ButtonA=Shoot; ButtonB=Special; ButtonDpad=Move; ButtonStart=Start; ButtonBack=Insert Coin
skullfng,P1_BUTTON4,low,True,JOYCODE_1_BUTTON4,False,P1_JOYSTICK=Move; P1_BUTTON2=Shoot; P1_BUTTON3=Special; START=Start; COIN=Insert Coin,AxisLeftStick=Move; ButtonA=Shoot; ButtonB=Special; ButtonDpad=Move; ButtonStart=Start; ButtonBack=Insert Coin
skyadvnt,P1_BUTTON3,low,True,JOYCODE_1_BUTTON2,False,P1_JOYSTICK=Move; P1_BUTTON1=Shot 1; P1_BUTTON2=Shot 2; START=Start; COIN=Insert Coin,AxisLeftStick=Move; ButtonA=Shot 2; ButtonDpad=Move; ButtonX=Shot 1; ButtonStart=Start; ButtonBack=Insert Coin
skyrobo,P1_BUTTON3,low,True,JOYCODE_1_BUTTON2,False,P1_JOYSTICK=Move; P1_BUTTON1=Shoot; P1_BUTTON2=Transform; START=Start; COIN=Insert Coin,AxisLeftStick=Move; ButtonA=Transform; ButtonDpad=Move; ButtonX=Shoot; ButtonStart=Start; ButtonBack=Insert Coin
slapshot,P1_BUTTON3,low,True,JOYCODE_1_BUTTON2,False,P1_JOYSTICK=Move; P1_BUTTON1=Shoot; P1_BUTTON2=Slice; START=Start; COIN=Insert Coin,AxisLeftStick=Move; ButtonA=Slice; ButtonDpad=Move; ButtonX=Shoot; ButtonStart=Start; ButtonBack=Insert Coin
sliver,P1_BUTTON1,low,True,JOYCODE_1_BUTTON3,False,P1_JOYSTICK=Move; P1_BUTTON2=Select; START=Start; COIN=Insert Coin,AxisLeftStick=Move; ButtonA=Select; ButtonDpad=Move; ButtonStart=Start; ButtonBack=Insert Coin
sliver,P1_BUTTON3,low,True,JOYCODE_1_BUTTON2,False,P1_JOYSTICK=Move; P1_BUTTON2=Select; START=Start; COIN=Insert Coin,AxisLeftStick=Move; ButtonA=Select; ButtonDpad=Move; ButtonStart=Start; ButtonBack=Insert Coin
slspirit,P1_BUTTON3,low,True,JOYCODE_1_BUTTON2,False,P1_JOYSTICK=Move; P1_BUTTON1=Shoot; P1_BUTTON2=Special; START=Start; COIN=Insert Coin,AxisLeftStick=Move; ButtonA=Special; ButtonDpad=Move; ButtonX=Shoot; ButtonStart=Start; ButtonBack=Insert Coin
slspirit,P1_BUTTON4,low,True,JOYCODE_1_BUTTON4,False,P1_JOYSTICK=Move; P1_BUTTON1=Shoot; P1_BUTTON2=Special; START=Start; COIN=Insert Coin,AxisLeftStick=Move; ButtonA=Special; ButtonDpad=Move; ButtonX=Shoot; ButtonStart=Start; ButtonBack=Insert Coin
smissw,P1_BUTTON2,low,True,JOYCODE_1_BUTTON1,False,P1_JOYSTICK=Move; P1_BUTTON1=Draw; START=Start; COIN=Insert Coin,AxisLeftStick=Move; ButtonDpad=Move; ButtonX=Draw; ButtonStart=Start; ButtonBack=Insert Coin
smleague,P1_BUTTON4,low,True,JOYCODE_1_BUTTON4,False,P1_JOYSTICK=Move; P1_BUTTON1=Bat / Pitch / Throw; P1_BUTTON2=Steal / Chase / Pick Off; P1_BUTTON3=Bunt / Change Player; START=Start; COIN=Insert Coin,AxisLeftStick=Move; ButtonA=Steal / Chase / Pick Off; ButtonB=Bunt / Change Player; ButtonDpad=Move; ButtonX=Bat / Pitch / Throw; ButtonStart=Start; ButtonBack=Insert Coin
sncwgltd,P1_BUTTON3,low,True,JOYCODE_1_BUTTON2,False,P1_JOYSTICK=Move; P1_BUTTON1=Shoot; P1_BUTTON2=Special; START=Start; COIN=Insert Coin,AxisLeftStick=Move; ButtonA=Special; ButtonDpad=Move; ButtonX=Shoot; ButtonStart=Start; ButtonBack=Insert Coin
snowboar,P1_BUTTON2,low,True,JOYCODE_1_BUTTON1,False,P1_JOYSTICK=Move; P1_BUTTON1=Run; START=Start; COIN=Insert Coin,AxisLeftStick=Move; ButtonDpad=Move; ButtonX=Run; ButtonStart=Start; ButtonBack=Insert Coin
snowboar,P1_BUTTON3,low,True,JOYCODE_1_BUTTON2,False,P1_JOYSTICK=Move; P1_BUTTON1=Run; START=Start; COIN=Insert Coin,AxisLeftStick=Move; ButtonDpad=Move; ButtonX=Run; ButtonStart=Start; ButtonBack=Insert Coin
snowbro3,P1_BUTTON3,low,True,JOYCODE_1_BUTTON2,False,P1_JOYSTICK=Move; P1_BUTTON1=Shoot; P1_BUTTON2=Jump; START=Start; COIN=Insert Coin,AxisLeftStick=Move; ButtonA=Jump; ButtonDpad=Move; ButtonX=Shoot; ButtonStart=Start; ButtonBack=Insert Coin
snowbros,P1_BUTTON3,low,True,JOYCODE_1_BUTTON2,False,P1_JOYSTICK=Move; P1_BUTTON1=Shoot; P1_BUTTON2=Jump; COIN=Insert Coin,AxisLeftStick=Move; ButtonA=Jump; ButtonDpad=Move; ButtonX=Shoot; ButtonBack=Insert Coin
socbrawl,P1_BUTTON3,low,True,JOYCODE_1_BUTTON2,False,P1_JOYSTICK=Move; P1_BUTTON1=Kick / Pass / Shoot; P1_BUTTON2=Tackle / Punch; COIN=Insert Coin,AxisLeftStick=Move; ButtonA=Tackle / Punch; ButtonDpad=Move; ButtonX=Kick / Pass / Shoot; ButtonBack=Insert Coin
socbrawl,P1_BUTTON4,low,True,JOYCODE_1_BUTTON4,False,P1_JOYSTICK=Move; P1_BUTTON1=Kick / Pass / Shoot; P1_BUTTON2=Tackle / Punch; COIN=Insert Coin,AxisLeftStick=Move; ButtonA=Tackle / Punch; ButtonDpad=Move; ButtonX=Kick / Pass / Shoot; ButtonBack=Insert Coin
sokyugrt,P1_BUTTON4,low,True,JOYCODE_1_BUTTON4,False,P1_JOYSTICK=Move; P1_BUTTON1=Shoot / (Hold) Lock on; P1_BUTTON2=Bomb; P1_BUTTON3=Change Weapon; COIN=Insert Coin,AxisLeftStick=Move; ButtonA=Bomb; ButtonB=Change Weapon; ButtonDpad=Move; ButtonX=Shoot / (Hold) Lock on; ButtonBack=Insert Coin
sonicbom,P1_BUTTON3,low,True,JOYCODE_1_BUTTON2,False,P1_JOYSTICK=Move; P1_BUTTON1=Shoot; P1_BUTTON2=Bomb; COIN=Insert Coin,AxisLeftStick=Move; ButtonA=Bomb; ButtonDpad=Move; ButtonX=Shoot; ButtonBack=Insert Coin
sonicwi2,P1_BUTTON3,low,True,JOYCODE_1_BUTTON2,False,P1_JOYSTICK=Move; P1_BUTTON1=Shoot; P1_BUTTON2=Special; COIN=Insert Coin,AxisLeftStick=Move; ButtonA=Special; ButtonDpad=Move; ButtonX=Shoot; ButtonBack=Insert Coin
sonicwi2,P1_BUTTON4,low,True,JOYCODE_1_BUTTON4,False,P1_JOYSTICK=Move; P1_BUTTON1=Shoot; P1_BUTTON2=Special; COIN=Insert Coin,AxisLeftStick=Move; ButtonA=Special; ButtonDpad=Move; ButtonX=Shoot; ButtonBack=Insert Coin
sonicwi3,P1_BUTTON3,low,True,JOYCODE_1_BUTTON2,False,P1_JOYSTICK=Move; P1_BUTTON1=Shoot; P1_BUTTON2=Special; COIN=Insert Coin,AxisLeftStick=Move; ButtonA=Special; ButtonDpad=Move; ButtonX=Shoot; ButtonBack=Insert Coin
sonicwi3,P1_BUTTON4,low,True,JOYCODE_1_BUTTON4,False,P1_JOYSTICK=Move; P1_BUTTON1=Shoot; P1_BUTTON2=Special; COIN=Insert Coin,AxisLeftStick=Move; ButtonA=Special; ButtonDpad=Move; ButtonX=Shoot; ButtonBack=Insert Coin
sotsugyo,P1_BUTTON1,low,True,JOYCODE_1_BUTTON3,False,P1_JOYSTICK=Move; P1_BUTTON2=A; P1_BUTTON3=B; START=Start; COIN=Insert Coin,AxisLeftStick=Move; ButtonA=A; ButtonB=B; ButtonDpad=Move; ButtonStart=Start; ButtonBack=Insert Coin
spacedx,P1_BUTTON2,low,True,JOYCODE_1_BUTTON1,False,P1_JOYSTICK=Move; P1_BUTTON1=Shoot; START=Start; COIN=Insert Coin,AxisLeftStick=Move; ButtonDpad=Move; ButtonX=Shoot; ButtonStart=Start; ButtonBack=Insert Coin
spacedx,P1_BUTTON3,low,True,JOYCODE_1_BUTTON2,False,P1_JOYSTICK=Move; P1_BUTTON1=Shoot; START=Start; COIN=Insert Coin,AxisLeftStick=Move; ButtonDpad=Move; ButtonX=Shoot; ButtonStart=Start; ButtonBack=Insert Coin
spang,P1_BUTTON2,low,True,JOYCODE_1_BUTTON1,False,P1_JOYSTICK=Move; P1_BUTTON1=Shoot; START=Start; COIN=Insert Coin,AxisLeftStick=Move; ButtonDpad=Move; ButtonX=Shoot; ButtonStart=Start; ButtonBack=Insert Coin
sparkz,P1_BUTTON3,low,True,JOYCODE_1_BUTTON2,False,P1_JOYSTICK=Move; P1_BUTTON1=Rotate; P1_BUTTON2=Rotate; START=Start; COIN=Insert Coin,AxisLeftStick=Move; ButtonA=Rotate; ButtonDpad=Move; ButtonX=Rotate; ButtonStart=Start; ButtonBack=Insert Coin
spatter,P1_BUTTON1,low,True,JOYCODE_1_BUTTON3,False,P1_JOYSTICK=Move; P1_BUTTON2=Bump; START=Start; COIN=Insert Coin,AxisLeftStick=Move; AxisTriggerRight=Shoot; ButtonA=Bump; ButtonDpad=Move; ButtonStart=Start; ButtonBack=Insert Coin
spbactn,P1_BUTTON3,low,True,JOYCODE_1_BUTTON3,False,P1_BUTTON1=Left Flipper; P1_BUTTON2=Right Flipper; P1_BUTTON4=Launch; START=Start; COIN=Insert Coin,ButtonA=Launch; ButtonLeftShoulder=Left Flipper; ButtonRightShoulder=Right Flipper; ButtonStart=Start; ButtonBack=Insert Coin
spcinv95,P1_BUTTON2,low,True,JOYCODE_1_BUTTON1,False,P1_JOYSTICK=Move; P1_BUTTON1=Shoot; START=Start; COIN=Insert Coin,AxisLeftStick=Move; ButtonDpad=Move; ButtonX=Shoot; ButtonStart=Start; ButtonBack=Insert Coin
spcinv95,P1_BUTTON3,low,True,JOYCODE_1_BUTTON2,False,P1_JOYSTICK=Move; P1_BUTTON1=Shoot; START=Start; COIN=Insert Coin,AxisLeftStick=Move; ButtonDpad=Move; ButtonX=Shoot; ButtonStart=Start; ButtonBack=Insert Coin
spcinv95,P1_BUTTON4,low,True,JOYCODE_1_BUTTON4,False,P1_JOYSTICK=Move; P1_BUTTON1=Shoot; START=Start; COIN=Insert Coin,AxisLeftStick=Move; ButtonDpad=Move; ButtonX=Shoot; ButtonStart=Start; ButtonBack=Insert Coin
speedbal,P1_BUTTON3,low,True,JOYCODE_1_BUTTON2,False,P1_BUTTON1=Left Flipper; P1_BUTTON2=Right Flipper; START=Start; COIN=Insert Coin,ButtonA=Right Flipper; ButtonLeftShoulder=Left Flipper; ButtonRightShoulder=Right Flipper; ButtonX=Left Flipper; ButtonStart=Start; ButtonBack=Insert Coin
speedbal,P1_BUTTON4,low,True,JOYCODE_1_BUTTON4,False,P1_BUTTON1=Left Flipper; P1_BUTTON2=Right Flipper; START=Start; COIN=Insert Coin,ButtonA=Right Flipper; ButtonLeftShoulder=Left Flipper; ButtonRightShoulder=Right Flipper; ButtonX=Left Flipper; ButtonStart=Start; ButtonBack=Insert Coin
speedfrk,P1_BUTTON1,low,True,JOYCODE_1_SLIDER2_NEG_SWITCH,False,P1_DIAL=Steering; START=Start; COIN=Insert Coin,AxisLeftStick=Steering; ButtonA=2nd; ButtonB=4th; ButtonX=3rd; ButtonY=1st; ButtonStart=Start; ButtonBack=Insert Coin
speedup,P1_BUTTON4,low,True,JOYCODE_1_BUTTON2,False,P1_PEDAL=Accelerate; P1_PADDLE=Steering; P1_BUTTON1=Brake; P1_BUTTON2=Change Gear; P1_BUTTON3=View; START=Start; COIN=Insert Coin,AxisLeftStick=Steering; AxisTriggerLeft=Brake; AxisTriggerRight=Accelerate; ButtonX=Change Gear; ButtonY=View; ButtonStart=Start; ButtonBack=Insert Coin
speedup,P1_BUTTON5,low,True,JOYCODE_1_BUTTON6,False,P1_PEDAL=Accelerate; P1_PADDLE=Steering; P1_BUTTON1=Brake; P1_BUTTON2=Change Gear; P1_BUTTON3=View; START=Start; COIN=Insert Coin,AxisLeftStick=Steering; AxisTriggerLeft=Brake; AxisTriggerRight=Accelerate; ButtonX=Change Gear; ButtonY=View; ButtonStart=Start; ButtonBack=Insert Coin
spider,P1_BUTTON2,low,True,JOYCODE_1_BUTTON1,False,P1_JOYSTICK=Move; P1_BUTTON1=Draw; START=Start; COIN=Insert Coin,AxisLeftStick=Move; ButtonDpad=Move; ButtonX=Draw; ButtonStart=Start; ButtonBack=Insert Coin
spidern,P1_BUTTON2,low,True,JOYCODE_1_BUTTON1,False,P1_JOYSTICK=Move; P1_BUTTON1=Draw; START=Start; COIN=Insert Coin,AxisLeftStick=Move; ButtonDpad=Move; ButtonX=Draw; ButtonStart=Start; ButtonBack=Insert Coin
spinmast,P1_BUTTON4,low,True,JOYCODE_1_BUTTON4,False,P1_JOYSTICK=Move; P1_BUTTON1=Attack; P1_BUTTON2=Jump; P1_BUTTON3=Special; START=Start; COIN=Insert Coin,AxisLeftStick=Move; ButtonA=Jump; ButtonB=Special; ButtonDpad=Move; ButtonX=Attack; ButtonStart=Start; ButtonBack=Insert Coin
splatter,P1_BUTTON3,low,True,JOYCODE_1_BUTTON2,False,P1_JOYSTICK=Move; P1_BUTTON1=Attack; P1_BUTTON2=Jump; START=Start; COIN=Insert Coin,AxisLeftStick=Move; ButtonA=Jump; ButtonDpad=Move; ButtonX=Attack; ButtonStart=Start; ButtonBack=Insert Coin
sprint8,P1_BUTTON1,low,True,JOYCODE_1_SLIDER2_NEG_SWITCH,False,P1_DIAL=Steering; P1_BUTTON2=Change Gear; START=Start; COIN=Insert Coin,AxisLeftStick=Steering; ButtonA=Change Gear; ButtonDpad=Select Track; ButtonStart=Start; ButtonBack=Insert Coin
spuzbobl,P1_BUTTON2,low,True,JOYCODE_1_BUTTON1,False,P1_JOYSTICK=Move; P1_BUTTON1=Shoot; START=Start; COIN=Insert Coin,AxisLeftStick=Move; ButtonDpad=Move; ButtonX=Shoot; ButtonStart=Start; ButtonBack=Insert Coin
spuzbobl,P1_BUTTON3,low,True,JOYCODE_1_BUTTON2,False,P1_JOYSTICK=Move; P1_BUTTON1=Shoot; START=Start; COIN=Insert Coin,AxisLeftStick=Move; ButtonDpad=Move; ButtonX=Shoot; ButtonStart=Start; ButtonBack=Insert Coin
sqix,P1_BUTTON2,low,True,JOYCODE_1_BUTTON1,False,P1_JOYSTICK=Move; P1_BUTTON1=Draw; START=Start; COIN=Insert Coin,AxisLeftStick=Move; AxisTriggerRight=Stroke Power; ButtonDpad=Move; ButtonX=Draw; ButtonStart=Start; ButtonBack=Insert Coin
ssideki,P1_BUTTON3,low,True,JOYCODE_1_BUTTON2,False,P1_JOYSTICK=Move; P1_BUTTON1=Shoot / Long Kick / Slide; P1_BUTTON2=Pass / Tackle; START=Start; COIN=Insert Coin,AxisLeftStick=Move; ButtonA=Pass / Tackle; ButtonDpad=Move; ButtonX=Shoot / Long Kick / Slide; ButtonStart=Start; ButtonBack=Insert Coin
ssideki,P1_BUTTON4,low,True,JOYCODE_1_BUTTON4,False,P1_JOYSTICK=Move; P1_BUTTON1=Shoot / Long Kick / Slide; P1_BUTTON2=Pass / Tackle; START=Start; COIN=Insert Coin,AxisLeftStick=Move; ButtonA=Pass / Tackle; ButtonDpad=Move; ButtonX=Shoot / Long Kick / Slide; ButtonStart=Start; ButtonBack=Insert Coin
ssideki2,P1_BUTTON4,low,True,JOYCODE_1_BUTTON4,False,P1_JOYSTICK=Move; P1_BUTTON1=Shoot / Low Pass / Slide; P1_BUTTON2=High Pass / Tackle; P1_BUTTON3=Short Kick / Change Player; START=Start; COIN=Insert Coin,AxisLeftStick=Move; ButtonA=High Pass / Tackle; ButtonB=Short Kick / Change Player; ButtonDpad=Move; ButtonX=Shoot / Low Pass / Slide; ButtonStart=Start; ButtonBack=Insert Coin
ssideki3,P1_BUTTON4,low,True,JOYCODE_1_BUTTON4,False,P1_JOYSTICK=Move; P1_BUTTON1=Shoot / Low Pass / Slide; P1_BUTTON2=High Pass / Tackle; P1_BUTTON3=Short Pass/Change Player; START=Start; COIN=Insert Coin,AxisLeftStick=Move; ButtonA=High Pass / Tackle; ButtonB=Short Pass/Change Player; ButtonDpad=Move; ButtonX=Shoot / Low Pass / Slide; ButtonStart=Start; ButtonBack=Insert Coin
ssideki4,P1_BUTTON4,low,True,JOYCODE_1_BUTTON4,False,P1_JOYSTICK=Move; P1_BUTTON1=Shoot / Slide; P1_BUTTON2=High Pass / Tackle; P1_BUTTON3=Short Pass/Change Player; START=Start; COIN=Insert Coin,AxisLeftStick=Move; ButtonA=High Pass / Tackle; ButtonB=Short Pass/Change Player; ButtonDpad=Move; ButtonX=Shoot / Slide; ButtonStart=Start; ButtonBack=Insert Coin
ssingles,P1_BUTTON2,low,True,JOYCODE_1_BUTTON1,False,P1_JOYSTICK=Move; P1_BUTTON1=Shoot; START=Start; COIN=Insert Coin,AxisLeftStick=Move; ButtonDpad=Move; ButtonX=Shoot; ButtonStart=Start; ButtonBack=Insert Coin
ssingles,P1_BUTTON3,low,True,JOYCODE_1_BUTTON2,False,P1_JOYSTICK=Move; P1_BUTTON1=Shoot; START=Start; COIN=Insert Coin,AxisLeftStick=Move; ButtonDpad=Move; ButtonX=Shoot; ButtonStart=Start; ButtonBack=Insert Coin
ssingles,P1_BUTTON4,low,True,JOYCODE_1_BUTTON4,False,P1_JOYSTICK=Move; P1_BUTTON1=Shoot; START=Start; COIN=Insert Coin,AxisLeftStick=Move; ButtonDpad=Move; ButtonX=Shoot; ButtonStart=Start; ButtonBack=Insert Coin
sss,P1_BUTTON3,low,True,JOYCODE_1_BUTTON2,False,P1_JOYSTICK=Move; P1_BUTTON1=Jump / Grab; P1_BUTTON2=(Hold) Spin / Flip; START=Start; COIN=Insert Coin,AxisLeftStick=Move; ButtonA=(Hold) Spin / Flip; ButtonDpad=Move; ButtonX=Jump / Grab; ButtonStart=Start; ButtonBack=Insert Coin
sss,P1_BUTTON4,low,True,JOYCODE_1_BUTTON4,False,P1_JOYSTICK=Move; P1_BUTTON1=Jump / Grab; P1_BUTTON2=(Hold) Spin / Flip; START=Start; COIN=Insert Coin,AxisLeftStick=Move; ButtonA=(Hold) Spin / Flip; ButtonDpad=Move; ButtonX=Jump / Grab; ButtonStart=Start; ButtonBack=Insert Coin
sstriker,P1_BUTTON3,low,True,JOYCODE_1_BUTTON2,False,P1_JOYSTICK=Move; P1_BUTTON1=Shoot; P1_BUTTON2=Special; START=Start; COIN=Insert Coin,AxisLeftStick=Move; ButtonA=Special; ButtonDpad=Move; ButtonX=Shoot; ButtonStart=Start; ButtonBack=Insert Coin
stactics,P1_BUTTON7,low,True,JOYCODE_1_BUTTON6,False,P1_JOYSTICK=Move; P1_BUTTON1=Shoot; P1_BUTTON2=Missile Base 1; P1_BUTTON3=Missile Base 2; P1_BUTTON4=Missile Base 3; P1_BUTTON5=Missile Base 4; P1_BUTTON6=Missile Base 5; START=Start; COIN=Insert Coin,AxisLeftStick=Move; AxisTriggerRight=Shoot; ButtonA=Missile Base 2; ButtonB=Missile Base 3; ButtonDpad=Move; ButtonLeftShoulder=Missile Base 5; ButtonX=Missile Base 1; ButtonY=Missile Base 4; ButtonStart=Start; ButtonBack=Insert Coin
stadhr96,P1_BUTTON4,low,True,JOYCODE_1_BUTTON4,False,P1_JOYSTICK=Move; P1_BUTTON1=(Tap) Dash / Special; P1_BUTTON2=Bat / Pitch; P1_BUTTON3=Bunt / Time Out; START=Start; COIN=Insert Coin,AxisLeftStick=Move; ButtonA=Bat / Pitch; ButtonB=Bunt / Time Out; ButtonDpad=Move; ButtonX=(Tap) Dash / Special; ButtonStart=Start; ButtonBack=Insert Coin
stakwin,P1_BUTTON3,low,True,JOYCODE_1_BUTTON2,False,P1_JOYSTICK=Move; P1_BUTTON1=Speed Up / Slow Down; P1_BUTTON2=Whip; START=Start; COIN=Insert Coin,AxisLeftStick=Move; ButtonA=Whip; ButtonDpad=Move; ButtonX=Speed Up / Slow Down; ButtonStart=Start; ButtonBack=Insert Coin
stakwin,P1_BUTTON4,low,True,JOYCODE_1_BUTTON4,False,P1_JOYSTICK=Move; P1_BUTTON1=Speed Up / Slow Down; P1_BUTTON2=Whip; START=Start; COIN=Insert Coin,AxisLeftStick=Move; ButtonA=Whip; ButtonDpad=Move; ButtonX=Speed Up / Slow Down; ButtonStart=Start; ButtonBack=Insert Coin
stakwin2,P1_BUTTON4,low,True,JOYCODE_1_BUTTON4,False,P1_JOYSTICK=Move; P1_BUTTON1=Speed Up / Slow Down; P1_BUTTON2=Whip; P1_BUTTON3=Special; START=Start; COIN=Insert Coin,AxisLeftStick=Move; ButtonA=Whip; ButtonB=Special; ButtonDpad=Move; ButtonX=Speed Up / Slow Down; ButtonStart=Start; ButtonBack=Insert Coin
starblad,P1_BUTTON2,low,True,JOYCODE_1_BUTTON1,False,P1_AD_STICK_X=Move Crosshair; P1_AD_STICK_Y=Move Crosshair; P1_BUTTON1=Shoot; START=Start; COIN=Insert Coin,AxisLeftStick=Move Crosshair; ButtonX=Shoot; ButtonStart=Start; ButtonBack=Insert Coin
starblad,P1_BUTTON3,low,True,JOYCODE_1_BUTTON2,False,P1_AD_STICK_X=Move Crosshair; P1_AD_STICK_Y=Move Crosshair; P1_BUTTON1=Shoot; START=Start; COIN=Insert Coin,AxisLeftStick=Move Crosshair; ButtonX=Shoot; ButtonStart=Start; ButtonBack=Insert Coin
starblad,P1_BUTTON4,low,True,JOYCODE_1_BUTTON4,False,P1_AD_STICK_X=Move Crosshair; P1_AD_STICK_Y=Move Crosshair; P1_BUTTON1=Shoot; START=Start; COIN=Insert Coin,AxisLeftStick=Move Crosshair; ButtonX=Shoot; ButtonStart=Start; ButtonBack=Insert Coin
starswep,P1_BUTTON3,low,True,JOYCODE_1_BUTTON2,False,P1_JOYSTICK=Move; P1_BUTTON1=Place; P1_BUTTON2=Rotate; START=Start; COIN=Insert Coin,AxisLeftStick=Move; ButtonA=Rotate; ButtonDpad=Move; ButtonX=Place; ButtonStart=Start; ButtonBack=Insert Coin
starwars,P1_BUTTON1,low,True,JOYCODE_1_BUTTON3,False,P1_AD_STICK_X=Move Crosshair; P1_AD_STICK_Y=Move Crosshair; P1_BUTTON2=Shoot; COIN=Insert Coin,AxisLeftStick=Move Crosshair; ButtonA=Shoot; ButtonStart=Start; ButtonBack=Insert Coin
starwars,P1_BUTTON3,low,True,JOYCODE_1_BUTTON2,False,P1_AD_STICK_X=Move Crosshair; P1_AD_STICK_Y=Move Crosshair; P1_BUTTON2=Shoot; COIN=Insert Coin,AxisLeftStick=Move Crosshair; ButtonA=Shoot; ButtonStart=Start; ButtonBack=Insert Coin
starwars,P1_BUTTON4,low,True,JOYCODE_1_BUTTON4,False,P1_AD_STICK_X=Move Crosshair; P1_AD_STICK_Y=Move Crosshair; P1_BUTTON2=Shoot; COIN=Insert Coin,AxisLeftStick=Move Crosshair; ButtonA=Shoot; ButtonStart=Start; ButtonBack=Insert Coin
steeltal,P1_BUTTON4,low,True,JOYCODE_1_BUTTON4,False,P1_AD_STICK_X=Move; P1_AD_STICK_Y=Move; P1_AD_STICK_Z=Altitude / Rotate; P1_BUTTON1=Machine Gun; P1_BUTTON2=Missiles; P1_BUTTON3=Zoom,AxisLeftStick=Move; AxisRightStick=Altitude / Rotate; AxisTriggerLeft=Zoom; AxisTriggerRight=Missiles; ButtonRightShoulder=Machine Gun; ButtonStart=Start; ButtonBack=Insert Coin
stg,P1_BUTTON3,low,True,JOYCODE_1_BUTTON2,False,P1_JOYSTICK=Move; P1_BUTTON1=Shoot; P1_BUTTON2=Special; START=Start; COIN=Insert Coin,AxisLeftStick=Move; ButtonA=Special; ButtonDpad=Move; ButtonX=Shoot; ButtonStart=Start; ButtonBack=Insert Coin
stlforce,P1_BUTTON3,low,True,JOYCODE_1_BUTTON2,False,P1_JOYSTICK=Move; P1_BUTTON1=Shoot; P1_BUTTON2=Grenade; START=Start; COIN=Insert Coin,AxisLeftStick=Move; ButtonA=Grenade; ButtonDpad=Move; ButtonX=Shoot; ButtonStart=Start; ButtonBack=Insert Coin
stmblade,P1_BUTTON3,low,True,JOYCODE_1_BUTTON2,False,P1_JOYSTICK=Move; P1_BUTTON1=Shoot; P1_BUTTON2=Bomb; START=Start; COIN=Insert Coin,AxisLeftStick=Move; ButtonA=Bomb; ButtonDpad=Move; ButtonX=Shoot; ButtonStart=Start; ButtonBack=Insert Coin
stoffy,P1_BUTTON1,low,True,JOYCODE_1_BUTTON3,False,P1_JOYSTICK=Move; P1_BUTTON2=Bomb; START=Start; COIN=Insert Coin,AxisLeftStick=Move; ButtonA=Bomb; ButtonDpad=Move; ButtonStart=Start; ButtonBack=Insert Coin
stoffy,P1_BUTTON3,low,True,JOYCODE_1_BUTTON2,False,P1_JOYSTICK=Move; P1_BUTTON2=Bomb; START=Start; COIN=Insert Coin,AxisLeftStick=Move; ButtonA=Bomb; ButtonDpad=Move; ButtonStart=Start; ButtonBack=Insert Coin
strhoop,P1_BUTTON3,low,True,JOYCODE_1_BUTTON2,False,P1_JOYSTICK=Move; P1_BUTTON1=Shoot / Block; P1_BUTTON2=Pass / Steal; START=Start; COIN=Insert Coin,AxisLeftStick=Move; ButtonA=Pass / Steal; ButtonDpad=Move; ButtonX=Shoot / Block; ButtonStart=Start; ButtonBack=Insert Coin
strhoop,P1_BUTTON4,low,True,JOYCODE_1_BUTTON4,False,P1_JOYSTICK=Move; P1_BUTTON1=Shoot / Block; P1_BUTTON2=Pass / Steal; START=Start; COIN=Insert Coin,AxisLeftStick=Move; ButtonA=Pass / Steal; ButtonDpad=Move; ButtonX=Shoot / Block; ButtonStart=Start; ButtonBack=Insert Coin
strider,P1_BUTTON3,low,True,JOYCODE_1_BUTTON2,False,P1_JOYSTICK=Move; P1_BUTTON1=Attack; P1_BUTTON2=Jump; START=Start; COIN=Insert Coin,AxisLeftStick=Move; ButtonA=Jump; ButtonDpad=Move; ButtonX=Attack; ButtonStart=Start; ButtonBack=Insert Coin
stunrun,P1_BUTTON2,low,True,JOYCODE_1_BUTTON4,False,P1_AD_STICK_X=Steering; P1_AD_STICK_Y=Steering; P1_BUTTON1=Shockwave; START=Shoot; COIN=Insert Coin,AxisLeftStick=Steering; ButtonA=Shoot; ButtonX=Shockwave; ButtonStart=Start; ButtonBack=Insert Coin
supduck,P1_BUTTON1,low,True,JOYCODE_1_BUTTON3,False,P1_JOYSTICK=Move; P1_BUTTON2=Jump; START=Start; COIN=Insert Coin,AxisLeftStick=Move; ButtonA=Jump; ButtonDpad=Move; ButtonStart=Start; ButtonBack=Insert Coin
supduck,P1_BUTTON3,low,True,JOYCODE_1_BUTTON2,False,P1_JOYSTICK=Move; P1_BUTTON2=Jump; START=Start; COIN=Insert Coin,AxisLeftStick=Move; ButtonA=Jump; ButtonDpad=Move; ButtonStart=Start; ButtonBack=Insert Coin
supduck,P1_BUTTON4,low,True,JOYCODE_1_BUTTON4,False,P1_JOYSTICK=Move; P1_BUTTON2=Jump; START=Start; COIN=Insert Coin,AxisLeftStick=Move; ButtonA=Jump; ButtonDpad=Move; ButtonStart=Start; ButtonBack=Insert Coin
superspy,P1_BUTTON4,low,True,JOYCODE_1_BUTTON4,False,P1_JOYSTICK=Move; P1_BUTTON1=Punch; P1_BUTTON2=Kick; P1_BUTTON3=Change Weapon; START=Start; COIN=Insert Coin,AxisLeftStick=Move; ButtonA=Kick; ButtonB=Change Weapon; ButtonDpad=Move; ButtonX=Punch; ButtonStart=Start; ButtonBack=Insert Coin
superx,P1_BUTTON3,low,True,JOYCODE_1_BUTTON2,False,P1_JOYSTICK=Move; P1_BUTTON1=Shoot; P1_BUTTON2=Bomb; START=Start; COIN=Insert Coin,AxisLeftStick=Move; ButtonA=Bomb; ButtonDpad=Move; ButtonX=Shoot; ButtonStart=Start; ButtonBack=Insert Coin
superx,P1_BUTTON4,low,True,JOYCODE_1_BUTTON4,False,P1_JOYSTICK=Move; P1_BUTTON1=Shoot; P1_BUTTON2=Bomb; START=Start; COIN=Insert Coin,AxisLeftStick=Move; ButtonA=Bomb; ButtonDpad=Move; ButtonX=Shoot; ButtonStart=Start; ButtonBack=Insert Coin
suplup,P1_BUTTON2,low,True,JOYCODE_1_BUTTON1,False,P1_JOYSTICK=Move; P1_BUTTON1=Shoot; START=Start; COIN=Insert Coin,AxisLeftStick=Move; ButtonDpad=Move; ButtonX=Shoot; ButtonStart=Start; ButtonBack=Insert Coin
suplup,P1_BUTTON3,low,True,JOYCODE_1_BUTTON2,False,P1_JOYSTICK=Move; P1_BUTTON1=Shoot; START=Start; COIN=Insert Coin,AxisLeftStick=Move; ButtonDpad=Move; ButtonX=Shoot; ButtonStart=Start; ButtonBack=Insert Coin
suplup,P1_BUTTON4,low,True,JOYCODE_1_BUTTON4,False,P1_JOYSTICK=Move; P1_BUTTON1=Shoot; START=Start; COIN=Insert Coin,AxisLeftStick=Move; ButtonDpad=Move; ButtonX=Shoot; ButtonStart=Start; ButtonBack=Insert Coin
supmodel,P1_BUTTON2,low,True,JOYCODE_1_BUTTON1,False,P1_JOYSTICK=Move; P1_BUTTON1=Draw; START=Start; COIN=Insert Coin,AxisLeftStick=Move; ButtonDpad=Move; ButtonX=Draw; ButtonStart=Start; ButtonBack=Insert Coin
supmodl2,P1_BUTTON2,low,True,JOYCODE_1_BUTTON1,False,P1_JOYSTICK=Move; P1_BUTTON1=Draw; START=Start; COIN=Insert Coin,AxisLeftStick=Move; ButtonDpad=Move; ButtonX=Draw; ButtonStart=Start; ButtonBack=Insert Coin
suprslam,P1_BUTTON4,low,True,JOYCODE_1_BUTTON4,False,P1_JOYSTICK=Move; P1_BUTTON1=Pass / Intercept; P1_BUTTON2=Shoot / Block; P1_BUTTON3=Super Slam / Tricks; START=Start; COIN=Insert Coin,AxisLeftStick=Move; ButtonA=Shoot / Block; ButtonB=Super Slam / Tricks; ButtonDpad=Move; ButtonX=Pass / Intercept; ButtonStart=Start; ButtonBack=Insert Coin
suprtrio,P1_BUTTON3,low,True,JOYCODE_1_BUTTON2,False,P1_JOYSTICK=Move; P1_BUTTON1=Attack; P1_BUTTON2=Jump; START=Start; COIN=Insert Coin,AxisLeftStick=Move; ButtonA=Jump; ButtonDpad=Move; ButtonX=Attack; ButtonStart=Start; ButtonBack=Insert Coin
sws98,P1_BUTTON3,low,True,JOYCODE_1_BUTTON2,False,P1_JOYSTICK=Move; P1_BUTTON1=Run / Pick Off; P1_BUTTON2=Bat / Pitch / Field; P1_BUTTON4=Timeout; START=Start; COIN=Insert Coin,AxisLeftStick=Move; ButtonA=Bat / Pitch / Field; ButtonDpad=Move; ButtonX=Run / Pick Off; ButtonY=Timeout; ButtonStart=Start; ButtonBack=Insert Coin
sws99,P1_BUTTON3,low,True,JOYCODE_1_BUTTON2,False,P1_JOYSTICK=Move; P1_BUTTON1=Run / Pick Off; P1_BUTTON2=Bat / Pitch / Field; P1_BUTTON4=Timeout; START=Start; COIN=Insert Coin,AxisLeftStick=Move; ButtonA=Bat / Pitch / Field; ButtonDpad=Move; ButtonX=Run / Pick Off; ButtonY=Timeout; ButtonStart=Start; ButtonBack=Insert Coin
sxyreac2,P1_BUTTON3,low,True,JOYCODE_1_BUTTON2,False,P1_JOYSTICK=Move Shot Position; P1_PADDLE=Move Shot Position; P1_BUTTON1=Select; P1_BUTTON2=Fire Balls; START=Start; COIN=Insert Coin,AxisLeftStick=Move Shot Position; ButtonA=Fire Balls; ButtonDpad=Move Shot Position; ButtonX=Select; ButtonStart=Start; ButtonBack=Insert Coin
sxyreact,P1_BUTTON3,low,True,JOYCODE_1_BUTTON2,False,P1_JOYSTICK=Move Shot Position; P1_PADDLE=Move Shot Position; P1_BUTTON1=Select; P1_BUTTON2=Fire Balls; START=Start; COIN=Insert Coin,AxisLeftStick=Move Shot Position; ButtonA=Fire Balls; ButtonDpad=Move Shot Position; ButtonX=Select; ButtonStart=Start; ButtonBack=Insert Coin
tankfrce,P1_BUTTON2,low,True,JOYCODE_1_BUTTON1,False,P1_JOYSTICK=Move; P1_BUTTON1=Shoot; START=Start; COIN=Insert Coin,AxisLeftStick=Move; ButtonDpad=Move; ButtonX=Shoot; ButtonStart=Start; ButtonBack=Insert Coin
tankfrce,P1_BUTTON3,low,True,JOYCODE_1_BUTTON2,False,P1_JOYSTICK=Move; P1_BUTTON1=Shoot; START=Start; COIN=Insert Coin,AxisLeftStick=Move; ButtonDpad=Move; ButtonX=Shoot; ButtonStart=Start; ButtonBack=Insert Coin
tankfrce4,P1_BUTTON1,low,True,JOYCODE_1_BUTTON1,False,P1_JOYSTICK=Move; COIN=Insert Coin,AxisLeftStick=Move; ButtonDpad=Move; ButtonX=Shoot; ButtonStart=Start; ButtonBack=Insert Coin
targeth,P1_BUTTON2,low,True,JOYCODE_1_BUTTON1 OR MOUSECODE_1_BUTTON2,False,P1_LIGHTGUN_X=Move Crosshair; P1_LIGHTGUN_Y=Move Crosshair; P1_BUTTON1=Shoot; START=Start; COIN=Insert Coin,AxisLeftStick=Move Crosshair; ButtonX=Shoot; ButtonStart=Start; ButtonBack=Insert Coin
tbyahhoo,P1_BUTTON3,low,True,JOYCODE_1_BUTTON2,False,P1_JOYSTICK=Move; P1_BUTTON1=Shoot / (Hold) Charge; P1_BUTTON2=Bomb; START=Start; COIN=Insert Coin,AxisLeftStick=Move; ButtonA=Bomb; ButtonDpad=Move; ButtonX=Shoot / (Hold) Charge; ButtonStart=Start; ButtonBack=Insert Coin
tceptor,P1_BUTTON3,low,True,JOYCODE_1_BUTTON2,False,P1_BUTTON1=Shoot; P1_BUTTON2=Missile; COIN=Insert Coin,AxisLeftStick=Move; ButtonA=Missile; ButtonDpad=Move; ButtonX=Shoot; ButtonStart=Start; ButtonBack=Insert Coin
tceptor,P1_BUTTON4,low,True,JOYCODE_1_BUTTON4,False,P1_BUTTON1=Shoot; P1_BUTTON2=Missile; COIN=Insert Coin,AxisLeftStick=Move; ButtonA=Missile; ButtonDpad=Move; ButtonX=Shoot; ButtonStart=Start; ButtonBack=Insert Coin
tceptor2,P1_BUTTON3,low,True,JOYCODE_1_BUTTON2,False,P1_BUTTON1=Shoot; P1_BUTTON2=Missile; COIN=Insert Coin,AxisLeftStick=Move; ButtonA=Missile; ButtonDpad=Move; ButtonX=Shoot; ButtonStart=Start; ButtonBack=Insert Coin
tceptor2,P1_BUTTON4,low,True,JOYCODE_1_BUTTON4,False,P1_BUTTON1=Shoot; P1_BUTTON2=Missile; COIN=Insert Coin,AxisLeftStick=Move; ButtonA=Missile; ButtonDpad=Move; ButtonX=Shoot; ButtonStart=Start; ButtonBack=Insert Coin
tcobra2,P1_BUTTON3,low,True,JOYCODE_1_BUTTON2,False,P1_JOYSTICK=Move; P1_BUTTON1=Shoot; P1_BUTTON2=Bomb; START=Start; COIN=Insert Coin,AxisLeftStick=Move; ButtonA=Bomb; ButtonDpad=Move; ButtonX=Shoot; ButtonStart=Start; ButtonBack=Insert Coin
tcobra2,P1_BUTTON4,low,True,JOYCODE_1_BUTTON4,False,P1_JOYSTICK=Move; P1_BUTTON1=Shoot; P1_BUTTON2=Bomb; START=Start; COIN=Insert Coin,AxisLeftStick=Move; ButtonA=Bomb; ButtonDpad=Move; ButtonX=Shoot; ButtonStart=Start; ButtonBack=Insert Coin
tdfever,P1_BUTTON1,low,True,JOYCODE_1_BUTTON3 OR JOYCODE_1_BUTTON6,False,P1_JOYSTICK=Move; P1_DIAL=Rotate Throw/Kick Position; P1_BUTTON2=Throw / Run; START=Start; COIN=Insert Coin,AxisLeftStick=Move; AxisRightStick=Rotate Throw/Kick Position; AxisTriggerLeft=Rotate Left; AxisTriggerRight=Rotate Right; ButtonA=Throw / Run; ButtonDpad=Move; ButtonLeftShoulder=Throw / Run; ButtonStart=Start; ButtonBack=Insert Coin
tdfever2,P1_BUTTON1,low,True,JOYCODE_1_BUTTON3 OR JOYCODE_1_BUTTON6,False,P1_JOYSTICK=Move; P1_DIAL=Rotate Throw/Kick Position; P1_BUTTON2=Throw / Run; START=Start; COIN=Insert Coin,AxisLeftStick=Move; AxisRightStick=Rotate Throw/Kick Position; AxisTriggerLeft=Rotate Left; AxisTriggerRight=Rotate Right; ButtonA=Throw / Run; ButtonDpad=Move; ButtonLeftShoulder=Throw / Run; ButtonStart=Start; ButtonBack=Insert Coin
tdragon2,P1_BUTTON3,low,True,JOYCODE_1_BUTTON2,False,P1_JOYSTICK=Move; P1_BUTTON1=Shoot; P1_BUTTON2=Bomb; START=Start; COIN=Insert Coin,AxisLeftStick=Move; ButtonA=Bomb; ButtonDpad=Move; ButtonX=Shoot; ButtonStart=Start; ButtonBack=Insert Coin
tekipaki,P1_BUTTON2,low,True,JOYCODE_1_BUTTON1,False,P1_JOYSTICK=Move; P1_BUTTON1=Rotate; START=Start; COIN=Insert Coin,AxisLeftStick=Move; ButtonDpad=Move; ButtonX=Rotate; ButtonStart=Start; ButtonBack=Insert Coin
tektagt,P1_BUTTON3,low,True,JOYCODE_1_BUTTON6,False,P1_JOYSTICK=Move; P1_BUTTON1=Left Punch; P1_BUTTON2=Right Punch; P1_BUTTON4=Left Kick; P1_BUTTON5=Right Kick; START=Start; COIN=Insert Coin,AxisLeftStick=Move; ButtonA=Left Kick; ButtonB=Right Kick; ButtonDpad=Move; ButtonX=Left Punch; ButtonY=Right Punch; ButtonStart=Start; ButtonBack=Insert Coin
tengai,P1_BUTTON3,low,True,JOYCODE_1_BUTTON2,False,P1_JOYSTICK=Move; P1_BUTTON1=Shoot; P1_BUTTON2=Bomb; START=Start; COIN=Insert Coin,AxisLeftStick=Move; ButtonA=Bomb; ButtonDpad=Move; ButtonX=Shoot; ButtonStart=Start; ButtonBack=Insert Coin
tenkomor,P1_BUTTON1,low,True,JOYCODE_1_BUTTON1,False,P1_JOYSTICK=Move; START=Start; COIN=Insert Coin,AxisLeftStick=Move; ButtonDpad=Move; ButtonX=Shoot; ButtonStart=Start; ButtonBack=Insert Coin
terraf,P1_BUTTON3,low,True,JOYCODE_1_BUTTON2,False,P1_JOYSTICK=Move; P1_BUTTON1=Shoot; P1_BUTTON2=Bomb; START=Start; COIN=Insert Coin,AxisLeftStick=Move; ButtonA=Bomb; ButtonDpad=Move; ButtonX=Shoot; ButtonStart=Start; ButtonBack=Insert Coin
tetris2,P1_BUTTON3,low,True,JOYCODE_1_BUTTON2,False,P1_JOYSTICK_DOWN=Move; P1_JOYSTICK_LEFT=Move; P1_JOYSTICK_RIGHT=Move; P1_BUTTON1=Spin Piece; P1_BUTTON2=Spin Piece; START=Start; COIN=Insert Coin,AxisLeftStick=Move; ButtonA=Spin Piece; ButtonDpad=Move; ButtonX=Spin Piece; ButtonStart=Start; ButtonBack=Insert Coin
tetrisp,P1_BUTTON3,low,True,JOYCODE_1_BUTTON2,False,P1_JOYSTICK=Move; P1_BUTTON1=Rotate Left; P1_BUTTON2=Rotate Right; START=Start; COIN=Insert Coin,AxisLeftStick=Move; ButtonA=Rotate Right; ButtonDpad=Move; ButtonX=Rotate Left; ButtonStart=Start; ButtonBack=Insert Coin
tetrisp,P1_BUTTON4,low,True,JOYCODE_1_BUTTON4,False,P1_JOYSTICK=Move; P1_BUTTON1=Rotate Left; P1_BUTTON2=Rotate Right; START=Start; COIN=Insert Coin,AxisLeftStick=Move; ButtonA=Rotate Right; ButtonDpad=Move; ButtonX=Rotate Left; ButtonStart=Start; ButtonBack=Insert Coin
tetrisp,P1_BUTTON5,low,True,JOYCODE_1_BUTTON6,False,P1_JOYSTICK=Move; P1_BUTTON1=Rotate Left; P1_BUTTON2=Rotate Right; START=Start; COIN=Insert Coin,AxisLeftStick=Move; ButtonA=Rotate Right; ButtonDpad=Move; ButtonX=Rotate Left; ButtonStart=Start; ButtonBack=Insert Coin
tgm2,P1_BUTTON3,low,True,JOYCODE_1_BUTTON2,False,P1_JOYSTICK=Move; P1_BUTTON1=Rotate Left; P1_BUTTON2=Rotate Right; START=Start; COIN=Insert Coin,AxisLeftStick=Move; ButtonA=Rotate Right; ButtonDpad=Move; ButtonX=Rotate Left; ButtonStart=Start; ButtonBack=Insert Coin
tgm2p,P1_BUTTON3,low,True,JOYCODE_1_BUTTON2,False,P1_JOYSTICK=Move; P1_BUTTON1=Rotate Left; P1_BUTTON2=Rotate Right; START=Start; COIN=Insert Coin,AxisLeftStick=Move; ButtonA=Rotate Right; ButtonDpad=Move; ButtonX=Rotate Left; ButtonStart=Start; ButtonBack=Insert Coin
tgmj,P1_BUTTON3,low,True,JOYCODE_1_BUTTON2,False,P1_JOYSTICK=Move; P1_BUTTON1=Rotate Left; P1_BUTTON2=Rotate Right; START=Start; COIN=Insert Coin,AxisLeftStick=Move; ButtonA=Rotate Right; ButtonDpad=Move; ButtonX=Rotate Left; ButtonStart=Start; ButtonBack=Insert Coin
tharrier,P1_BUTTON3,low,True,JOYCODE_1_BUTTON2,False,P1_JOYSTICK=Move; P1_BUTTON1=Shoot; P1_BUTTON2=Bomb; START=Start; COIN=Insert Coin,AxisLeftStick=Move; ButtonA=Bomb; ButtonDpad=Move; ButtonX=Shoot; ButtonStart=Start; ButtonBack=Insert Coin
theend,P1_BUTTON2,low,True,JOYCODE_1_BUTTON1,False,P1_JOYSTICK_LEFT=Move; P1_JOYSTICK_RIGHT=Move; P1_BUTTON1=Shoot; START=Start; COIN=Insert Coin,AxisLeftStick=Move; ButtonDpad=Move; ButtonX=Shoot; ButtonStart=Start; ButtonBack=Insert Coin
thunderh,P1_BUTTON3,low,True,JOYCODE_1_BUTTON2,False,P1_JOYSTICK=Move Crosshair; P1_BUTTON1=Shoot; P1_BUTTON2=Bomb; START=Start; COIN=Insert Coin,AxisLeftStick=Move Crosshair; ButtonA=Bomb; ButtonDpad=Move Crosshair; ButtonX=Shoot; ButtonStart=Start; ButtonBack=Insert Coin
thunderl,P1_BUTTON2,low,True,JOYCODE_1_BUTTON1,False,P1_JOYSTICK=Move; P1_BUTTON1=Button; START=Start; COIN=Insert Coin,AxisLeftStick=Move; ButtonDpad=Move; ButtonX=Button; ButtonStart=Start; ButtonBack=Insert Coin
thunt,P1_BUTTON2,low,True,JOYCODE_1_BUTTON1,False,P1_JOYSTICK=Move; P1_BUTTON1=Button; START=Start; COIN=Insert Coin,AxisLeftStick=Move; ButtonDpad=Move; ButtonX=Button; ButtonStart=Start; ButtonBack=Insert Coin
thunt,P1_BUTTON3,low,True,JOYCODE_1_BUTTON2,False,P1_JOYSTICK=Move; P1_BUTTON1=Button; START=Start; COIN=Insert Coin,AxisLeftStick=Move; ButtonDpad=Move; ButtonX=Button; ButtonStart=Start; ButtonBack=Insert Coin
thunt,P1_BUTTON4,low,True,JOYCODE_1_BUTTON4,False,P1_JOYSTICK=Move; P1_BUTTON1=Button; START=Start; COIN=Insert Coin,AxisLeftStick=Move; ButtonDpad=Move; ButtonX=Button; ButtonStart=Start; ButtonBack=Insert Coin
timescan,P1_BUTTON3,low,True,JOYCODE_1_BUTTON2,False,P1_JOYSTICK_UP=Tilt; P1_JOYSTICK_LEFT=Tilt; P1_JOYSTICK_RIGHT=Tilt; P1_BUTTON1=Left Flipper; P1_BUTTON2=Right Flipper; START=Start; COIN=Insert Coin,AxisLeftStick=Tilt; ButtonA=Right Flipper; ButtonDpad=Tilt; ButtonLeftShoulder=Left Flipper; ButtonRightShoulder=Right Flipper; ButtonX=Left Flipper; ButtonStart=Start; ButtonBack=Insert Coin
tinklpit,P1_BUTTON3,low,True,JOYCODE_1_BUTTON2,False,P1_JOYSTICK=Move; P1_BUTTON1=Throw; P1_BUTTON2=(Hold) Use Bell; START=Start; COIN=Insert Coin,AxisLeftStick=Move; ButtonA=(Hold) Use Bell; ButtonDpad=Move; ButtonX=Throw; ButtonStart=Start; ButtonBack=Insert Coin
tinstar,P1_BUTTON2,low,True,JOYCODE_1_SLIDER1_NEG_SWITCH,False,P1_JOYSTICKLEFT=Move; P1_JOYSTICKRIGHT=Aim; P1_BUTTON1=Shoot; START=Start; COIN=Insert Coin,AxisLeftStick=Move; AxisRightStick=Aim; AxisTriggerRight=Shoot; ButtonLeftShoulder=Jump; ButtonStart=Start; ButtonBack=Insert Coin
tkmmpzdm,P1_BUTTON3,low,True,JOYCODE_1_BUTTON2,False,P1_JOYSTICK=Move; P1_BUTTON1=Rotate Right; P1_BUTTON2=Rotate Left; START=Start; COIN=Insert Coin,AxisLeftStick=Move; ButtonA=Rotate Left; ButtonDpad=Move; ButtonX=Rotate Right; ButtonStart=Start; ButtonBack=Insert Coin
tmek,P1_BUTTON2,low,True,JOYCODE_1_BUTTON5,False,P1_AD_STICK_X=Left Track; P1_AD_STICK_Y=Right Track; P1_BUTTON1=Shoot; START=Start; COIN=Insert Coin,AxisLeftStick=Left Track; AxisRightStick=Right Track; AxisTriggerLeft=Secondary Fire; AxisTriggerRight=Shoot; ButtonA=Special; ButtonStart=Start; ButtonBack=Insert Coin
toffy,P1_BUTTON1,low,True,JOYCODE_1_BUTTON3,False,P1_JOYSTICK=Move; P1_BUTTON2=Bomb; START=Start; COIN=Insert Coin,AxisLeftStick=Move; ButtonA=Bomb; ButtonDpad=Move; ButtonStart=Start; ButtonBack=Insert Coin
toffy,P1_BUTTON3,low,True,JOYCODE_1_BUTTON2,False,P1_JOYSTICK=Move; P1_BUTTON2=Bomb; START=Start; COIN=Insert Coin,AxisLeftStick=Move; ButtonA=Bomb; ButtonDpad=Move; ButtonStart=Start; ButtonBack=Insert Coin
tokkae,P1_BUTTON3,low,True,JOYCODE_1_BUTTON2,False,P1_JOYSTICK=Move; P1_BUTTON1=Rotate; P1_BUTTON2=Speed Up; START=Start; COIN=Insert Coin,AxisLeftStick=Move; ButtonA=Speed Up; ButtonDpad=Move; ButtonX=Rotate; ButtonStart=Start; ButtonBack=Insert Coin
tokyowar,P1_BUTTON4,low,True,JOYCODE_1_SLIDER1_NEG_SWITCH,False,P1_PADDLE=Move; START=View Change; COIN=Insert Coin,AxisLeftStick=Move; ButtonLeftShoulder=Left Gun; ButtonRightShoulder=Right Gun; ButtonY=View Change; ButtonStart=Start; ButtonBack=Insert Coin
tokyowar,P1_BUTTON5,low,True,JOYCODE_1_SLIDER2_NEG_SWITCH,False,P1_PADDLE=Move; START=View Change; COIN=Insert Coin,AxisLeftStick=Move; ButtonLeftShoulder=Left Gun; ButtonRightShoulder=Right Gun; ButtonY=View Change; ButtonStart=Start; ButtonBack=Insert Coin
topdrive,P1_BUTTON2,low,True,JOYCODE_1_BUTTON1,False,P1_JOYSTICK=Move; P1_BUTTON1=Accelerate; START=Start; COIN=Insert Coin,AxisLeftStick=Move; AxisTriggerRight=Accelerate; ButtonDpad=Move; ButtonX=Accelerate; ButtonStart=Start; ButtonBack=Insert Coin
topdrive,P1_BUTTON3,low,True,JOYCODE_1_BUTTON2,False,P1_JOYSTICK=Move; P1_BUTTON1=Accelerate; START=Start; COIN=Insert Coin,AxisLeftStick=Move; AxisTriggerRight=Accelerate; ButtonDpad=Move; ButtonX=Accelerate; ButtonStart=Start; ButtonBack=Insert Coin
tophuntr,P1_BUTTON4,low,True,JOYCODE_1_BUTTON4,False,P1_JOYSTICK=Move; P1_BUTTON1=Attack / Stretch / Throw; P1_BUTTON2=Jump; P1_BUTTON3=Change Lanes; START=Start; COIN=Insert Coin,AxisLeftStick=Move; ButtonA=Jump; ButtonB=Change Lanes; ButtonDpad=Move; ButtonX=Attack / Stretch / Throw; ButtonStart=Start; ButtonBack=Insert Coin
toppyrap,P1_BUTTON3,low,True,JOYCODE_1_BUTTON2,False,P1_JOYSTICK=Move; P1_BUTTON1=Shoot; P1_BUTTON2=Jump; START=Start; COIN=Insert Coin,AxisLeftStick=Move; ButtonA=Jump; ButtonDpad=Move; ButtonX=Shoot; ButtonStart=Start; ButtonBack=Insert Coin
tornbase,P1_BUTTON2,low,True,JOYCODE_1_SLIDER1_NEG_SWITCH,False,P1_JOYSTICK_UP=Slow Pitch; P1_JOYSTICK_DOWN=Pitch Right; P1_JOYSTICK_LEFT=Pitch Fast; P1_JOYSTICK_RIGHT=Pitch Right; P1_BUTTON1=Outfield Right; COIN=Insert Coin,ButtonA=Pitch Right; ButtonB=Pitch Right; ButtonLeftShoulder=Outfield Left; ButtonRightShoulder=Outfield Right; ButtonX=Pitch Fast; ButtonY=Slow Pitch; ButtonStart=Start; ButtonBack=Insert Coin
tornbase,P1_BUTTON3,low,True,JOYCODE_1_SLIDER2_NEG_SWITCH,False,P1_JOYSTICK_UP=Slow Pitch; P1_JOYSTICK_DOWN=Pitch Right; P1_JOYSTICK_LEFT=Pitch Fast; P1_JOYSTICK_RIGHT=Pitch Right; P1_BUTTON1=Outfield Right; COIN=Insert Coin,ButtonA=Pitch Right; ButtonB=Pitch Right; ButtonLeftShoulder=Outfield Left; ButtonRightShoulder=Outfield Right; ButtonX=Pitch Fast; ButtonY=Slow Pitch; ButtonStart=Start; ButtonBack=Insert Coin
toryumon,P1_BUTTON2,low,True,JOYCODE_1_BUTTON1,False,P1_JOYSTICK=Move; P1_BUTTON1=Spin Piece; START=Start; COIN=Insert Coin,AxisLeftStick=Move; ButtonDpad=Move; ButtonX=Spin Piece; ButtonStart=Start; ButtonBack=Insert Coin
toryumon,P1_BUTTON3,low,True,JOYCODE_1_BUTTON2,False,P1_JOYSTICK=Move; P1_BUTTON1=Spin Piece; START=Start; COIN=Insert Coin,AxisLeftStick=Move; ButtonDpad=Move; ButtonX=Spin Piece; ButtonStart=Start; ButtonBack=Insert Coin
totlvice,P1_BUTTON2,low,True,JOYCODE_1_BUTTON1 OR MOUSECODE_1_BUTTON2,False,P1_LIGHTGUN_X=Move Crosshair; P1_LIGHTGUN_Y=Move Crosshair; P1_BUTTON1=Shoot; START=Start; COIN=Insert Coin,AxisLeftStick=Move Crosshair; ButtonX=Shoot; ButtonStart=Start; ButtonBack=Insert Coin
toto,P1_BUTTON3,low,True,JOYCODE_1_BUTTON2,False,P1_JOYSTICK=Move; P1_BUTTON1=Shoot; P1_BUTTON2=Jump; START=Start; COIN=Insert Coin,AxisLeftStick=Move; ButtonA=Jump; ButtonDpad=Move; ButtonX=Shoot; ButtonStart=Start; ButtonBack=Insert Coin
touchgo,P1_BUTTON2,low,True,JOYCODE_1_BUTTON1,False,P1_JOYSTICK=Move; P1_BUTTON1=Jump / Shoot; START=Start; COIN=Insert Coin,AxisLeftStick=Move; ButtonDpad=Move; ButtonX=Jump / Shoot; ButtonStart=Start; ButtonBack=Insert Coin
touchgo,P1_BUTTON3,low,True,JOYCODE_1_BUTTON2,False,P1_JOYSTICK=Move; P1_BUTTON1=Jump / Shoot; START=Start; COIN=Insert Coin,AxisLeftStick=Move; ButtonDpad=Move; ButtonX=Jump / Shoot; ButtonStart=Start; ButtonBack=Insert Coin
toyland,P1_BUTTON3,low,True,JOYCODE_1_BUTTON2,False,P1_JOYSTICK=Move; P1_BUTTON1=Shoot; P1_BUTTON2=Jump; START=Start; COIN=Insert Coin,AxisLeftStick=Move; ButtonA=Jump; ButtonDpad=Move; ButtonX=Shoot; ButtonStart=Start; ButtonBack=Insert Coin
toyland,P1_BUTTON4,low,True,JOYCODE_1_BUTTON4,False,P1_JOYSTICK=Move; P1_BUTTON1=Shoot; P1_BUTTON2=Jump; START=Start; COIN=Insert Coin,AxisLeftStick=Move; ButtonA=Jump; ButtonDpad=Move; ButtonX=Shoot; ButtonStart=Start; ButtonBack=Insert Coin
tpgolf,P1_BUTTON3,low,True,JOYCODE_1_BUTTON2,False,P1_JOYSTICK=Move; P1_BUTTON1=Power Select / Select 1; P1_BUTTON2=Select 2; START=Start; COIN=Insert Coin,AxisLeftStick=Move; ButtonA=Select 2; ButtonDpad=Move; ButtonX=Power Select / Select 1; ButtonStart=Start; ButtonBack=Insert Coin
tpgolf,P1_BUTTON4,low,True,JOYCODE_1_BUTTON4,False,P1_JOYSTICK=Move; P1_BUTTON1=Power Select / Select 1; P1_BUTTON2=Select 2; START=Start; COIN=Insert Coin,AxisLeftStick=Move; ButtonA=Select 2; ButtonDpad=Move; ButtonX=Power Select / Select 1; ButtonStart=Start; ButtonBack=Insert Coin
trally,P1_BUTTON3,low,True,JOYCODE_1_BUTTON2,False,P1_JOYSTICK=Move; P1_BUTTON1=Accelerate; P1_BUTTON2=Brake; START=Start; COIN=Insert Coin,AxisLeftStick=Move; AxisTriggerLeft=Brake; AxisTriggerRight=Accelerate; ButtonA=Brake; ButtonDpad=Move; ButtonX=Accelerate; ButtonStart=Start; ButtonBack=Insert Coin
trally,P1_BUTTON4,low,True,JOYCODE_1_BUTTON4,False,P1_JOYSTICK=Move; P1_BUTTON1=Accelerate; P1_BUTTON2=Brake; START=Start; COIN=Insert Coin,AxisLeftStick=Move; AxisTriggerLeft=Brake; AxisTriggerRight=Accelerate; ButtonA=Brake; ButtonDpad=Move; ButtonX=Accelerate; ButtonStart=Start; ButtonBack=Insert Coin
trstar,P1_BUTTON4,low,True,JOYCODE_1_BUTTON4,False,P1_JOYSTICK=Move; P1_BUTTON1=Weak Punch; P1_BUTTON2=Medium Punch; P1_BUTTON3=Hard Punch; START=Start; COIN=Insert Coin,AxisLeftStick=Move; ButtonA=Medium Punch; ButtonB=Hard Punch; ButtonDpad=Move; ButtonX=Weak Punch; ButtonStart=Start; ButtonBack=Insert Coin
truxton2,P1_BUTTON3,low,True,JOYCODE_1_BUTTON2,False,P1_JOYSTICK=Move; P1_BUTTON1=Shoot; P1_BUTTON2=Bomb; START=Start; COIN=Insert Coin,AxisLeftStick=Move; ButtonA=Bomb; ButtonDpad=Move; ButtonX=Shoot; ButtonStart=Start; ButtonBack=Insert Coin
tryout,P1_BUTTON1,low,True,JOYCODE_1_BUTTON3,False,P1_JOYSTICK=Move; P1_BUTTON2=Bat; START=Start; COIN=Insert Coin,AxisLeftStick=Move; ButtonA=Bat; ButtonDpad=Move; ButtonStart=Start; ButtonBack=Insert Coin
tstrike,P1_BUTTON3,low,True,JOYCODE_1_BUTTON2,False,P1_JOYSTICK=Move; P1_BUTTON1=Shoot; P1_BUTTON2=Missiles; START=Start; COIN=Insert Coin,AxisLeftStick=Move; ButtonA=Missiles; ButtonDpad=Move; ButtonX=Shoot; ButtonStart=Start; ButtonBack=Insert Coin
ttchamp,P1_BUTTON3,low,True,JOYCODE_1_BUTTON2,False,P1_JOYSTICK=Move; P1_BUTTON1=Shot Power; P1_BUTTON2=Spin Power; START=Start; COIN=Insert Coin,AxisLeftStick=Move; ButtonA=Spin Power; ButtonDpad=Move; ButtonX=Shot Power; ButtonStart=Start; ButtonBack=Insert Coin
turfmast,P1_BUTTON4,low,True,JOYCODE_1_BUTTON4,False,P1_JOYSTICK=Move; P1_BUTTON1=Swing / Power Select; P1_BUTTON2=Hook; P1_BUTTON3=Slice; START=Start; COIN=Insert Coin,AxisLeftStick=Move; ButtonA=Hook; ButtonB=Slice; ButtonDpad=Move; ButtonX=Swing / Power Select; ButtonStart=Start; ButtonBack=Insert Coin
turrett,P1_BUTTON3,low,True,JOYCODE_1_BUTTON5,False,P1_AD_STICK_X=Move; P1_AD_STICK_Y=Move; P1_BUTTON1=Shoot; P1_BUTTON2=Change Weapon; START=Start; COIN=Insert Coin,AxisLeftStick=Move; ButtonA=Change Weapon; ButtonX=Shoot; ButtonStart=Start; ButtonBack=Insert Coin
turrett,P1_BUTTON4,low,True,JOYCODE_1_BUTTON6,False,P1_AD_STICK_X=Move; P1_AD_STICK_Y=Move; P1_BUTTON1=Shoot; P1_BUTTON2=Change Weapon; START=Start; COIN=Insert Coin,AxisLeftStick=Move; ButtonA=Change Weapon; ButtonX=Shoot; ButtonStart=Start; ButtonBack=Insert Coin
turrett,P1_BUTTON5,low,True,JOYCODE_1_BUTTON4,False,P1_AD_STICK_X=Move; P1_AD_STICK_Y=Move; P1_BUTTON1=Shoot; P1_BUTTON2=Change Weapon; START=Start; COIN=Insert Coin,AxisLeftStick=Move; ButtonA=Change Weapon; ButtonX=Shoot; ButtonStart=Start; ButtonBack=Insert Coin
turrett,P1_BUTTON6,low,True,JOYCODE_1_BUTTON2,False,P1_AD_STICK_X=Move; P1_AD_STICK_Y=Move; P1_BUTTON1=Shoot; P1_BUTTON2=Change Weapon; START=Start; COIN=Insert Coin,AxisLeftStick=Move; ButtonA=Change Weapon; ButtonX=Shoot; ButtonStart=Start; ButtonBack=Insert Coin
twcup98,P1_BUTTON4,low,True,JOYCODE_1_BUTTON4,False,P1_JOYSTICK=Move; P1_BUTTON1=Short Pass / Tackle; P1_BUTTON2=Long Pass / Slide Tackle; P1_BUTTON3=Shoot / Change Player; START=Start; COIN=Insert Coin,AxisLeftStick=Move; ButtonA=Long Pass / Slide Tackle; ButtonB=Shoot / Change Player; ButtonDpad=Move; ButtonX=Short Pass / Tackle; ButtonStart=Start; ButtonBack=Insert Coin
twinadv,P1_BUTTON3,low,True,JOYCODE_1_BUTTON2,False,P1_JOYSTICK=Move; P1_BUTTON1=A; P1_BUTTON2=B; START=Start; COIN=Insert Coin,AxisLeftStick=Move; ButtonA=B; ButtonDpad=Move; ButtonX=A; ButtonStart=Start; ButtonBack=Insert Coin
twinbeeb,P1_BUTTON2,low,True,JOYCODE_1_BUTTON2,False,P1_JOYSTICK=Move; P1_BUTTON1=Shoot; P1_BUTTON3=Bomb; START=Start; COIN=Insert Coin,AxisLeftStick=Move; ButtonA=Bomb; ButtonDpad=Move; ButtonX=Shoot; ButtonStart=Start; ButtonBack=Insert Coin
twinbrat,P1_BUTTON2,low,True,JOYCODE_1_BUTTON1,False,P1_JOYSTICK=Move; P1_BUTTON1=Shoot; START=Start; COIN=Insert Coin,AxisLeftStick=Move; ButtonDpad=Move; ButtonX=Shoot; ButtonStart=Start; ButtonBack=Insert Coin
twinbrat,P1_BUTTON3,low,True,JOYCODE_1_BUTTON2,False,P1_JOYSTICK=Move; P1_BUTTON1=Shoot; START=Start; COIN=Insert Coin,AxisLeftStick=Move; ButtonDpad=Move; ButtonX=Shoot; ButtonStart=Start; ButtonBack=Insert Coin
twinkle,P1_BUTTON3,low,True,JOYCODE_1_BUTTON2,False,P1_JOYSTICK=Move; P1_BUTTON1=A; P1_BUTTON2=B; START=Start; COIN=Insert Coin,AxisLeftStick=Move; ButtonA=B; ButtonDpad=Move; ButtonX=A; ButtonStart=Start; ButtonBack=Insert Coin
twinqix,P1_BUTTON2,low,True,JOYCODE_1_BUTTON1,False,P1_JOYSTICK=Move; P1_BUTTON1=Button; START=Start; COIN=Insert Coin,AxisLeftStick=Move; ButtonDpad=Move; ButtonX=Button; ButtonStart=Start; ButtonBack=Insert Coin
twinqix,P1_BUTTON3,low,True,JOYCODE_1_BUTTON2,False,P1_JOYSTICK=Move; P1_BUTTON1=Button; START=Start; COIN=Insert Coin,AxisLeftStick=Move; ButtonDpad=Move; ButtonX=Button; ButtonStart=Start; ButtonBack=Insert Coin
twinqix,P1_BUTTON4,low,True,JOYCODE_1_BUTTON4,False,P1_JOYSTICK=Move; P1_BUTTON1=Button; START=Start; COIN=Insert Coin,AxisLeftStick=Move; ButtonDpad=Move; ButtonX=Button; ButtonStart=Start; ButtonBack=Insert Coin
twinspri,P1_BUTTON3,low,True,JOYCODE_1_BUTTON2,False,P1_JOYSTICK=Move; P1_BUTTON1=Shoot; P1_BUTTON2=Bomb; START=Start; COIN=Insert Coin,AxisLeftStick=Move; ButtonA=Bomb; ButtonDpad=Move; ButtonX=Shoot; ButtonStart=Start; ButtonBack=Insert Coin
twinspri,P1_BUTTON4,low,True,JOYCODE_1_BUTTON4,False,P1_JOYSTICK=Move; P1_BUTTON1=Shoot; P1_BUTTON2=Bomb; START=Start; COIN=Insert Coin,AxisLeftStick=Move; ButtonA=Bomb; ButtonDpad=Move; ButtonX=Shoot; ButtonStart=Start; ButtonBack=Insert Coin
twotiger,P1_BUTTON3,low,True,JOYCODE_1_SLIDER2_NEG_SWITCH,False,P1_AD_STICK_X=Move; P1_BUTTON1=Shoot; P1_BUTTON2=Bomb; START=Start; COIN=Insert Coin,AxisLeftStick=Move; ButtonA=Bomb; ButtonX=Shoot; ButtonStart=Start; ButtonBack=Insert Coin
twsoc96,P1_BUTTON4,low,True,JOYCODE_1_BUTTON4,False,P1_JOYSTICK=Move; P1_BUTTON1=Short Pass / Slide / Tackle; P1_BUTTON2=Shoot / Change Player; P1_BUTTON3=Long Pass; START=Start; COIN=Insert Coin,AxisLeftStick=Move; ButtonA=Shoot / Change Player; ButtonB=Long Pass; ButtonDpad=Move; ButtonX=Short Pass / Slide / Tackle; ButtonStart=Start; ButtonBack=Insert Coin
undrfire,P1_BUTTON3,low,True,JOYCODE_1_BUTTON2 OR MOUSECODE_1_BUTTON3,False,P1_LIGHTGUN_X=Move Crosshair; P1_LIGHTGUN_Y=Move Crosshair; P1_BUTTON1=Shoot; P1_BUTTON2=Bomb; START=Start; COIN=Insert Coin,AxisLeftStick=Move Crosshair; ButtonA=Bomb; ButtonX=Shoot; ButtonStart=Start; ButtonBack=Insert Coin
unsquad,P1_BUTTON3,low,True,JOYCODE_1_BUTTON2,False,P1_JOYSTICK=Move; P1_BUTTON1=Shoot; P1_BUTTON2=Alt Weapon; START=Start; COIN=Insert Coin,AxisLeftStick=Move; ButtonA=Alt Weapon; ButtonDpad=Move; ButtonX=Shoot; ButtonStart=Start; ButtonBack=Insert Coin
uopoko,P1_BUTTON2,low,True,JOYCODE_1_BUTTON1,False,P1_JOYSTICK=Launch Ball; P1_BUTTON1=Button; START=Start; COIN=Insert Coin,AxisLeftStick=Launch Ball; ButtonDpad=Launch Ball; ButtonX=Button; ButtonStart=Start; ButtonBack=Insert Coin
uopoko,P1_BUTTON3,low,True,JOYCODE_1_BUTTON2,False,P1_JOYSTICK=Launch Ball; P1_BUTTON1=Button; START=Start; COIN=Insert Coin,AxisLeftStick=Launch Ball; ButtonDpad=Launch Ball; ButtonX=Button; ButtonStart=Start; ButtonBack=Insert Coin
valkyrie,P1_BUTTON3,low,True,JOYCODE_1_BUTTON2,False,P1_JOYSTICK=Move; P1_BUTTON1=Attack; P1_BUTTON2=Jump; START=Start; COIN=Insert Coin,AxisLeftStick=Move; ButtonA=Jump; ButtonDpad=Move; ButtonX=Attack; ButtonStart=Start; ButtonBack=Insert Coin
vamphalf,P1_BUTTON4,low,True,JOYCODE_1_BUTTON4,False,P1_JOYSTICK=Move; P1_BUTTON1=Attack; P1_BUTTON2=Jump; P1_BUTTON3=Special; START=Start; COIN=Insert Coin,AxisLeftStick=Move; ButtonA=Jump; ButtonB=Special; ButtonDpad=Move; ButtonX=Attack; ButtonStart=Start; ButtonBack=Insert Coin
vampire,P1_BUTTON2,low,True,JOYCODE_1_BUTTON1,False,P1_JOYSTICK=Move; P1_BUTTON1=Decoy; START=Start; COIN=Insert Coin,AxisLeftStick=Move; ButtonDpad=Move; ButtonX=Decoy; ButtonStart=Start; ButtonBack=Insert Coin
vaportrx,P1_BUTTON1,low,True,JOYCODE_1_SLIDER2_NEG_SWITCH,False,P1_AD_STICK_X=Move; P1_AD_STICK_Y=Move; P1_BUTTON2=Shoot; P1_BUTTON4=Shoot; P1_BUTTON5=Left View; P1_BUTTON6=Right View; COIN=Insert Coin,AxisLeftStick=Move; ButtonA=Shoot; ButtonDpadLeft=Left View; ButtonDpadRight=Right View; ButtonRightShoulder=Accelerate; ButtonX=Shoot; ButtonStart=Start; ButtonBack=Insert Coin
vaportrx,P1_BUTTON3,low,True,JOYCODE_1_SLIDER2_NEG_SWITCH,False,P1_AD_STICK_X=Move; P1_AD_STICK_Y=Move; P1_BUTTON2=Shoot; P1_BUTTON4=Shoot; P1_BUTTON5=Left View; P1_BUTTON6=Right View; COIN=Insert Coin,AxisLeftStick=Move; ButtonA=Shoot; ButtonDpadLeft=Left View; ButtonDpadRight=Right View; ButtonRightShoulder=Accelerate; ButtonX=Shoot; ButtonStart=Start; ButtonBack=Insert Coin
varth,P1_BUTTON3,low,True,JOYCODE_1_BUTTON2,False,P1_JOYSTICK=Move; P1_BUTTON1=Shoot; P1_BUTTON2=Bomb; START=Start; COIN=Insert Coin,AxisLeftStick=Move; ButtonA=Bomb; ButtonDpad=Move; ButtonX=Shoot; ButtonStart=Start; ButtonBack=Insert Coin
vasara,P1_BUTTON3,low,True,JOYCODE_1_BUTTON2,False,P1_JOYSTICK=Move; P1_BUTTON1=Shoot / (Hold) Charge; P1_BUTTON2=Bomb; START=Start; COIN=Insert Coin,AxisLeftStick=Move; ButtonA=Bomb; ButtonDpad=Move; ButtonX=Shoot / (Hold) Charge; ButtonStart=Start; ButtonBack=Insert Coin
vasara2,P1_BUTTON3,low,True,JOYCODE_1_BUTTON2,False,P1_JOYSTICK=Move; P1_BUTTON1=Shoot / (Hold) Charge; P1_BUTTON2=Special; START=Start; COIN=Insert Coin,AxisLeftStick=Move; ButtonA=Special; ButtonDpad=Move; ButtonX=Shoot / (Hold) Charge; ButtonStart=Start; ButtonBack=Insert Coin
vblokbrk,P1_BUTTON3,low,True,JOYCODE_1_BUTTON2,False,P1_JOYSTICK=Move; P1_DIAL=Move; P1_BUTTON1=Jump; P1_BUTTON2=(Hold) Move Faster; START=Start; COIN=Insert Coin,AxisLeftStick=Move; ButtonA=(Hold) Move Faster; ButtonDpad=Move; ButtonX=Jump; ButtonStart=Start; ButtonBack=Insert Coin
vformula,P1_BUTTON2,low,True,JOYCODE_1_BUTTON4,False,P1_JOYSTICK_UP=VR1 / RED; P1_JOYSTICK_DOWN=VR2 / BLUE; P1_JOYSTICK_LEFT=VR3 / YELLOW; P1_JOYSTICK_RIGHT=VR4 / GREEN; P1_BUTTON1=Shift Up; P1_BUTTON3=Shift Down; START=Start; COIN=Insert Coin,AxisLeftStick=Steering; AxisTriggerLeft=Brake; AxisTriggerRight=Accelerate; ButtonB=Shift Down; ButtonDpad=Steering; ButtonDpadDown=VR2 / BLUE; ButtonDpadLeft=VR3 / YELLOW; ButtonDpadRight=VR4 / GREEN; ButtonDpadUp=VR1 / RED; ButtonLeftShoulder=Shift Down; ButtonRightShoulder=Shift Up; ButtonX=Shift Up; ButtonStart=Start; ButtonBack=Insert Coin
vgoalsoc,P1_BUTTON4,low,True,JOYCODE_1_BUTTON4,False,P1_JOYSTICK=Move; P1_BUTTON1=Shoot / Long Pass / Tackle; P1_BUTTON2=Shoot / Short Pass / Slide; P1_BUTTON3=High Ball; START=Start; COIN=Insert Coin,AxisLeftStick=Move; ButtonA=Shoot / Short Pass / Slide; ButtonB=High Ball; ButtonDpad=Move; ButtonX=Shoot / Long Pass / Tackle; ButtonStart=Start; ButtonBack=Insert Coin
vidvince,P1_BUTTON1,low,True,JOYCODE_1_BUTTON3,False,P1_JOYSTICK=Move; P1_BUTTON2=Pick Up / Drop; COIN=Insert Coin,AxisLeftStick=Move; ButtonA=Pick Up / Drop; ButtonDpad=Move; ButtonStart=Start; ButtonBack=Insert Coin
viewpoin,P1_BUTTON3,low,True,JOYCODE_1_BUTTON2,False,P1_JOYSTICK=Move; P1_BUTTON1=Shoot / (Hold) Charge; P1_BUTTON2=Bomb; START=Start; COIN=Insert Coin,AxisLeftStick=Move; ButtonA=Bomb; ButtonDpad=Move; ButtonX=Shoot / (Hold) Charge; ButtonStart=Start; ButtonBack=Insert Coin
viewpoin,P1_BUTTON4,low,True,JOYCODE_1_BUTTON4,False,P1_JOYSTICK=Move; P1_BUTTON1=Shoot / (Hold) Charge; P1_BUTTON2=Bomb; START=Start; COIN=Insert Coin,AxisLeftStick=Move; ButtonA=Bomb; ButtonDpad=Move; ButtonX=Shoot / (Hold) Charge; ButtonStart=Start; ButtonBack=Insert Coin
viostorm,P1_BUTTON3,low,True,JOYCODE_1_BUTTON2,False,P1_JOYSTICK=Move; P1_BUTTON1=Attack; P1_BUTTON2=Jump; START=Start; COIN=Insert Coin,AxisLeftStick=Move; ButtonA=Jump; ButtonDpad=Move; ButtonX=Attack; ButtonStart=Start; ButtonBack=Insert Coin
viprp1,P1_BUTTON3,low,True,JOYCODE_1_BUTTON2,False,P1_JOYSTICK=Move; P1_BUTTON1=Shoot; P1_BUTTON2=Bomb; START=Start; COIN=Insert Coin,AxisLeftStick=Move; ButtonA=Bomb; ButtonDpad=Move; ButtonX=Shoot; ButtonStart=Start; ButtonBack=Insert Coin
vivdolls,P1_BUTTON2,low,True,JOYCODE_1_BUTTON1,False,P1_JOYSTICK=Move; P1_AD_STICK_X=Move; P1_AD_STICK_Y=Move; P1_BUTTON1=Draw; START=Start; COIN=Insert Coin,AxisLeftStick=Move; ButtonDpad=Move; ButtonX=Draw; ButtonStart=Start; ButtonBack=Insert Coin
vivdolls,P1_BUTTON3,low,True,JOYCODE_1_BUTTON2,False,P1_JOYSTICK=Move; P1_AD_STICK_X=Move; P1_AD_STICK_Y=Move; P1_BUTTON1=Draw; START=Start; COIN=Insert Coin,AxisLeftStick=Move; ButtonDpad=Move; ButtonX=Draw; ButtonStart=Start; ButtonBack=Insert Coin
vivdolls,P1_BUTTON4,low,True,JOYCODE_1_BUTTON4,False,P1_JOYSTICK=Move; P1_AD_STICK_X=Move; P1_AD_STICK_Y=Move; P1_BUTTON1=Draw; START=Start; COIN=Insert Coin,AxisLeftStick=Move; ButtonDpad=Move; ButtonX=Draw; ButtonStart=Start; ButtonBack=Insert Coin
vivdolls,P1_BUTTON5,low,True,JOYCODE_1_BUTTON5,False,P1_JOYSTICK=Move; P1_AD_STICK_X=Move; P1_AD_STICK_Y=Move; P1_BUTTON1=Draw; START=Start; COIN=Insert Coin,AxisLeftStick=Move; ButtonDpad=Move; ButtonX=Draw; ButtonStart=Start; ButtonBack=Insert Coin
vivdolls,P1_BUTTON6,low,True,JOYCODE_1_BUTTON6,False,P1_JOYSTICK=Move; P1_AD_STICK_X=Move; P1_AD_STICK_Y=Move; P1_BUTTON1=Draw; START=Start; COIN=Insert Coin,AxisLeftStick=Move; ButtonDpad=Move; ButtonX=Draw; ButtonStart=Start; ButtonBack=Insert Coin
vivdolls,P1_BUTTON7,low,True,JOYCODE_1_SLIDER1_NEG_SWITCH,False,P1_JOYSTICK=Move; P1_AD_STICK_X=Move; P1_AD_STICK_Y=Move; P1_BUTTON1=Draw; START=Start; COIN=Insert Coin,AxisLeftStick=Move; ButtonDpad=Move; ButtonX=Draw; ButtonStart=Start; ButtonBack=Insert Coin
vivdolls,P1_BUTTON8,low,True,JOYCODE_1_SLIDER2_NEG_SWITCH,False,P1_JOYSTICK=Move; P1_AD_STICK_X=Move; P1_AD_STICK_Y=Move; P1_BUTTON1=Draw; START=Start; COIN=Insert Coin,AxisLeftStick=Move; ButtonDpad=Move; ButtonX=Draw; ButtonStart=Start; ButtonBack=Insert Coin
wallc,P1_BUTTON1,low,True,JOYCODE_1_BUTTON3,False,P1_DIAL=Move; P1_BUTTON2=Button; START=Start; COIN=Insert Coin,AxisLeftStick=Move; ButtonA=Button; ButtonDpad=Move; ButtonStart=Start; ButtonBack=Insert Coin
warfa,P1_BUTTON1,low,True,JOYCODE_1_BUTTON1,False,P1_AD_STICK_X=Look; P1_BUTTON2=Shoot; P1_BUTTON4=View; START=Start; COIN=Insert Coin,AxisLeftStick=Move; AxisRightStick=Look; AxisTriggerRight=Shoot; ButtonY=View; ButtonStart=Start; ButtonBack=Insert Coin
warfa,P1_BUTTON3,low,True,JOYCODE_1_BUTTON2,False,P1_AD_STICK_X=Look; P1_BUTTON2=Shoot; P1_BUTTON4=View; START=Start; COIN=Insert Coin,AxisLeftStick=Move; AxisRightStick=Look; AxisTriggerRight=Shoot; ButtonY=View; ButtonStart=Start; ButtonBack=Insert Coin
warriorb,P1_BUTTON3,low,True,JOYCODE_1_BUTTON2,False,P1_JOYSTICK=Move; P1_BUTTON1=Attack; P1_BUTTON2=Magic; START=Start; COIN=Insert Coin,AxisLeftStick=Move; ButtonA=Magic; ButtonDpad=Move; ButtonX=Attack; ButtonStart=Start; ButtonBack=Insert Coin
watrball,P1_BUTTON2,low,True,JOYCODE_1_BUTTON1,False,P1_JOYSTICK=Move; P1_BUTTON1=Shoot; START=Start; COIN=Insert Coin,AxisLeftStick=Move; ButtonDpad=Move; ButtonX=Shoot; ButtonStart=Start; ButtonBack=Insert Coin
waveshrk,P1_BUTTON6,low,True,JOYCODE_1_BUTTON6,False,P1_JOYSTICK_LEFT=Turn Harder; P1_JOYSTICK_RIGHT=Turn Harder; P1_PEDAL=Accelerate; P1_PADDLE=Turn; START=Start / View; COIN=Insert Coin,AxisLeftStick=Turn; AxisRightStick=Turn Harder; AxisTriggerRight=Accelerate; ButtonStart=Start / View; ButtonBack=Insert Coin
waveshrk,P1_BUTTON7,low,True,JOYCODE_1_BUTTON5,False,P1_JOYSTICK_LEFT=Turn Harder; P1_JOYSTICK_RIGHT=Turn Harder; P1_PEDAL=Accelerate; P1_PADDLE=Turn; START=Start / View; COIN=Insert Coin,AxisLeftStick=Turn; AxisRightStick=Turn Harder; AxisTriggerRight=Accelerate; ButtonStart=Start / View; ButtonBack=Insert Coin
wb3,P1_BUTTON3,low,True,JOYCODE_1_BUTTON2,False,P1_JOYSTICK=Move; P1_BUTTON1=Attack; P1_BUTTON2=Jump; START=Start; COIN=Insert Coin,AxisLeftStick=Move; ButtonA=Jump; ButtonDpad=Move; ButtonX=Attack; ButtonStart=Start; ButtonBack=Insert Coin
wbeachvl,P1_BUTTON3,low,True,JOYCODE_1_BUTTON2,False,P1_JOYSTICK=Move; P1_BUTTON1=Hit Ball; P1_BUTTON2=Jump; START=Start; COIN=Insert Coin,AxisLeftStick=Move; ButtonA=Jump; ButtonDpad=Move; ButtonX=Hit Ball; ButtonStart=Start; ButtonBack=Insert Coin
wh1,P1_BUTTON4,low,True,JOYCODE_1_BUTTON4,False,P1_JOYSTICK=Move; P1_BUTTON1=Punch; P1_BUTTON2=Kick; P1_BUTTON3=Throw; START=Start; COIN=Insert Coin,AxisLeftStick=Move; ButtonA=Kick; ButtonB=Throw; ButtonDpad=Move; ButtonX=Punch; ButtonStart=Start; ButtonBack=Insert Coin
wh2,P1_BUTTON4,low,True,JOYCODE_1_BUTTON4,False,P1_JOYSTICK=Move; P1_BUTTON1=Punch; P1_BUTTON2=Kick; P1_BUTTON3=Throw; START=Start; COIN=Insert Coin,AxisLeftStick=Move; ButtonA=Kick; ButtonB=Throw; ButtonDpad=Move; ButtonX=Punch; ButtonStart=Start; ButtonBack=Insert Coin
wh2j,P1_BUTTON4,low,True,JOYCODE_1_BUTTON4,False,P1_JOYSTICK=Move; P1_BUTTON1=Punch; P1_BUTTON2=Kick; P1_BUTTON3=Throw; START=Start; COIN=Insert Coin,AxisLeftStick=Move; ButtonA=Kick; ButtonB=Throw; ButtonDpad=Move; ButtonX=Punch; ButtonStart=Start; ButtonBack=Insert Coin
wheelfir,P1_BUTTON2,low,True,JOYCODE_1_BUTTON1,False,P1_PEDAL=Accelerate; P1_PEDAL2=Brake; P1_PADDLE=Steering; P1_BUTTON1=(Hold) Go Faster; P1_BUTTON3=Turbo; START=Start; COIN=Insert Coin,AxisLeftStick=Steering; AxisTriggerLeft=Brake; AxisTriggerRight=Accelerate; ButtonB=Turbo; ButtonDpad=Steering; ButtonX=(Hold) Go Faster; ButtonStart=Start; ButtonBack=Insert Coin
willow,P1_BUTTON3,low,True,JOYCODE_1_BUTTON2,False,P1_JOYSTICK=Move; P1_BUTTON1=Attack; P1_BUTTON2=Jump; START=Start; COIN=Insert Coin,AxisLeftStick=Move; ButtonA=Jump; ButtonDpad=Move; ButtonX=Attack; ButtonStart=Start; ButtonBack=Insert Coin
winterht,P1_BUTTON3,low,True,JOYCODE_1_BUTTON2,False,P1_JOYSTICK=Move; P1_BUTTON1=A Button; P1_BUTTON2=B Button; START=Start; COIN=Insert Coin,AxisLeftStick=Move; ButtonA=B Button; ButtonDpad=Move; ButtonX=A Button; ButtonStart=Start; ButtonBack=Insert Coin
winterht,P1_BUTTON4,low,True,JOYCODE_1_BUTTON4,False,P1_JOYSTICK=Move; P1_BUTTON1=A Button; P1_BUTTON2=B Button; START=Start; COIN=Insert Coin,AxisLeftStick=Move; ButtonA=B Button; ButtonDpad=Move; ButtonX=A Button; ButtonStart=Start; ButtonBack=Insert Coin
wivernwg,P1_BUTTON4,low,True,JOYCODE_1_BUTTON4,False,P1_JOYSTICK=Move; P1_BUTTON1=Shoot; P1_BUTTON2=Shield; P1_BUTTON3=Special; START=Start; COIN=Insert Coin,AxisLeftStick=Move; ButtonA=Shield; ButtonB=Special; ButtonDpad=Move; ButtonX=Shoot; ButtonStart=Start; ButtonBack=Insert Coin
wjammers,P1_BUTTON3,low,True,JOYCODE_1_BUTTON2,False,P1_JOYSTICK=Move; P1_BUTTON1=Throw / Slide; P1_BUTTON2=High Throw; START=Start; COIN=Insert Coin,AxisLeftStick=Move; ButtonA=High Throw; ButtonDpad=Move; ButtonX=Throw / Slide; ButtonStart=Start; ButtonBack=Insert Coin
wjammers,P1_BUTTON4,low,True,JOYCODE_1_BUTTON4,False,P1_JOYSTICK=Move; P1_BUTTON1=Throw / Slide; P1_BUTTON2=High Throw; START=Start; COIN=Insert Coin,AxisLeftStick=Move; ButtonA=High Throw; ButtonDpad=Move; ButtonX=Throw / Slide; ButtonStart=Start; ButtonBack=Insert Coin
wldcourt,P1_BUTTON3,low,True,JOYCODE_1_BUTTON2,False,P1_JOYSTICK=Move; P1_BUTTON1=Forehand; P1_BUTTON2=Slice; START=Start; COIN=Insert Coin,AxisLeftStick=Move; ButtonA=Slice; ButtonDpad=Move; ButtonX=Forehand; ButtonStart=Start; ButtonBack=Insert Coin
worldadv,P1_BUTTON3,low,True,JOYCODE_1_BUTTON2,False,P1_JOYSTICK=Move; P1_BUTTON1=Select; P1_BUTTON2=Cancel / Move; START=Start; COIN=Insert Coin,AxisLeftStick=Move; ButtonA=Cancel / Move; ButtonDpad=Move; ButtonX=Select; ButtonStart=Start; ButtonBack=Insert Coin
worldadv,P1_BUTTON4,low,True,JOYCODE_1_BUTTON4,False,P1_JOYSTICK=Move; P1_BUTTON1=Select; P1_BUTTON2=Cancel / Move; START=Start; COIN=Insert Coin,AxisLeftStick=Move; ButtonA=Cancel / Move; ButtonDpad=Move; ButtonX=Select; ButtonStart=Start; ButtonBack=Insert Coin
wow,P1_BUTTON2,low,True,JOYCODE_1_BUTTON1,False,P1_JOYSTICK=Move; P1_BUTTON1=Shoot; START=Start; COIN=Insert Coin,AxisLeftStick=Move; ButtonDpad=Move; ButtonX=Shoot; ButtonStart=Start; ButtonBack=Insert Coin
wownfant,P1_BUTTON2,low,True,JOYCODE_1_BUTTON1,False,P1_JOYSTICK=Move; P1_BUTTON1=Draw; START=Start; COIN=Insert Coin,AxisLeftStick=Move; ButtonDpad=Move; ButtonX=Draw; ButtonStart=Start; ButtonBack=Insert Coin
wrestwar,P1_BUTTON3,low,True,JOYCODE_1_BUTTON2,False,P1_JOYSTICK=Move; P1_BUTTON1=Punch; P1_BUTTON2=Kick; START=Start; COIN=Insert Coin,AxisLeftStick=Move; ButtonA=Kick; ButtonDpad=Move; ButtonX=Punch; ButtonStart=Start; ButtonBack=Insert Coin
wrofaero,P1_BUTTON3,low,True,JOYCODE_1_BUTTON2,False,P1_JOYSTICK=Move; P1_BUTTON1=Shoot; P1_BUTTON2=Option; START=Start; COIN=Insert Coin,AxisLeftStick=Move; ButtonA=Option; ButtonDpad=Move; ButtonX=Shoot; ButtonStart=Start; ButtonBack=Insert Coin
wulybuly,P1_BUTTON4,low,True,JOYCODE_1_BUTTON4,False,P1_JOYSTICK=Move; P1_BUTTON1=Red; P1_BUTTON2=Green; P1_BUTTON3=Blue; START=Start; COIN=Insert Coin,AxisLeftStick=Move; ButtonA=Green; ButtonB=Blue; ButtonDpad=Move; ButtonX=Red; ButtonStart=Start; ButtonBack=Insert Coin
wwanpanm,P1_BUTTON3,low,True,JOYCODE_1_BUTTON2,False,P1_JOYSTICK_LEFT=Move; P1_JOYSTICK_RIGHT=Move; P1_BUTTON1=Horn; P1_BUTTON2=Attack; COIN=Insert Coin,AxisLeftStick=Move; ButtonA=Attack; ButtonDpad=Move; ButtonX=Horn; ButtonStart=Start; ButtonBack=Insert Coin
wwestern,P1_BUTTON2,low,True,JOYCODE_1_SLIDER1_NEG_SWITCH,False,P1_JOYSTICKLEFT=Move; P1_JOYSTICKRIGHT=Aim; P1_BUTTON1=Shoot; START=Start; COIN=Insert Coin,AxisLeftStick=Move; AxisRightStick=Aim; AxisTriggerRight=Shoot; ButtonDpad=Move; ButtonStart=Start; ButtonBack=Insert Coin
xevi3dg,P1_BUTTON3,low,True,JOYCODE_1_BUTTON2,False,P1_JOYSTICK=Move; P1_BUTTON1=Shoot; P1_BUTTON2=Bomb; START=Start; COIN=Insert Coin,AxisLeftStick=Move; ButtonA=Bomb; ButtonDpad=Move; ButtonX=Shoot; ButtonStart=Start; ButtonBack=Insert Coin
xiistag,P1_BUTTON3,low,True,JOYCODE_1_BUTTON2,False,P1_JOYSTICK=Move; P1_BUTTON1=Shoot; P1_BUTTON2=Bomb; START=Start; COIN=Insert Coin,AxisLeftStick=Move; ButtonA=Bomb; ButtonDpad=Move; ButtonX=Shoot; ButtonStart=Start; ButtonBack=Insert Coin
xmultipl,P1_BUTTON2,low,True,JOYCODE_1_BUTTON1,False,P1_JOYSTICK=Move; P1_BUTTON1=Shoot; START=Start; COIN=Insert Coin,AxisLeftStick=Move; ButtonDpad=Move; ButtonX=Shoot; ButtonStart=Start; ButtonBack=Insert Coin
xmultipl,P1_BUTTON3,low,True,JOYCODE_1_BUTTON2,False,P1_JOYSTICK=Move; P1_BUTTON1=Shoot; START=Start; COIN=Insert Coin,AxisLeftStick=Move; ButtonDpad=Move; ButtonX=Shoot; ButtonStart=Start; ButtonBack=Insert Coin
xmultipl,P1_BUTTON4,low,True,JOYCODE_1_BUTTON4,False,P1_JOYSTICK=Move; P1_BUTTON1=Shoot; START=Start; COIN=Insert Coin,AxisLeftStick=Move; ButtonDpad=Move; ButtonX=Shoot; ButtonStart=Start; ButtonBack=Insert Coin
xybots,P1_BUTTON2,low,True,JOYCODE_1_ZAXIS_NEG_SWITCH,False,P1_JOYSTICK=Move; P1_BUTTON1=Shoot; START=Start; COIN=Insert Coin,AxisLeftStick=Move; AxisTriggerRight=Shoot; ButtonA=Shoot; ButtonDpad=Move; ButtonRightStick=Rotate Camera; ButtonStart=Start; ButtonBack=Insert Coin
xybots,P1_BUTTON3,low,True,JOYCODE_1_ZAXIS_POS_SWITCH,False,P1_JOYSTICK=Move; P1_BUTTON1=Shoot; START=Start; COIN=Insert Coin,AxisLeftStick=Move; AxisTriggerRight=Shoot; ButtonA=Shoot; ButtonDpad=Move; ButtonRightStick=Rotate Camera; ButtonStart=Start; ButtonBack=Insert Coin
yorijori,P1_BUTTON2,low,True,JOYCODE_1_BUTTON1,False,P1_JOYSTICK=Move; P1_BUTTON1=Select; START=Start; COIN=Insert Coin,AxisLeftStick=Move; ButtonDpad=Move; ButtonX=Select; ButtonStart=Start; ButtonBack=Insert Coin
yorijori,P1_BUTTON3,low,True,JOYCODE_1_BUTTON2,False,P1_JOYSTICK=Move; P1_BUTTON1=Select; START=Start; COIN=Insert Coin,AxisLeftStick=Move; ButtonDpad=Move; ButtonX=Select; ButtonStart=Start; ButtonBack=Insert Coin
yorijori,P1_BUTTON4,low,True,JOYCODE_1_BUTTON4,False,P1_JOYSTICK=Move; P1_BUTTON1=Select; START=Start; COIN=Insert Coin,AxisLeftStick=Move; ButtonDpad=Move; ButtonX=Select; ButtonStart=Start; ButtonBack=Insert Coin
yukon,P1_BUTTON4,low,True,JOYCODE_1_BUTTON6,False,P1_LIGHTGUN_X=Move Crosshair; P1_LIGHTGUN_Y=Move Crosshair; P1_BUTTON1=Shoot; P1_BUTTON5=Gold Chips; P1_BUTTON6=Blue Chips; P1_BUTTON7=Red Chips; P1_BUTTON8=White Chips; START=Start; COIN=Insert Coin,AxisLeftStick=Move Crosshair; AxisTriggerRight=Shoot; ButtonA=Blue Chips; ButtonB=Red Chips; ButtonX=Gold Chips; ButtonY=White Chips; ButtonStart=Start; ButtonBack=Insert Coin
yutnori,P1_BUTTON2,low,True,JOYCODE_1_BUTTON1,False,P1_JOYSTICK=Move; P1_BUTTON1=Select; START=Start; COIN=Insert Coin,AxisLeftStick=Move; ButtonDpad=Move; ButtonX=Select; ButtonStart=Start; ButtonBack=Insert Coin
yutnori,P1_BUTTON3,low,True,JOYCODE_1_BUTTON2,False,P1_JOYSTICK=Move; P1_BUTTON1=Select; START=Start; COIN=Insert Coin,AxisLeftStick=Move; ButtonDpad=Move; ButtonX=Select; ButtonStart=Start; ButtonBack=Insert Coin
zedblade,P1_BUTTON3,low,True,JOYCODE_1_BUTTON2,False,P1_JOYSTICK=Move; P1_BUTTON1=Shoot; P1_BUTTON2=Bomb; START=Start; COIN=Insert Coin,AxisLeftStick=Move; ButtonA=Bomb; ButtonDpad=Move; ButtonX=Shoot; ButtonStart=Start; ButtonBack=Insert Coin
zedblade,P1_BUTTON4,low,True,JOYCODE_1_BUTTON4,False,P1_JOYSTICK=Move; P1_BUTTON1=Shoot; P1_BUTTON2=Bomb; START=Start; COIN=Insert Coin,AxisLeftStick=Move; ButtonA=Bomb; ButtonDpad=Move; ButtonX=Shoot; ButtonStart=Start; ButtonBack=Insert Coin
zintrckb,P1_BUTTON3,low,True,JOYCODE_1_BUTTON2,False,P1_JOYSTICK=Move; P1_BUTTON1=A Button; P1_BUTTON2=B Button; START=Start; COIN=Insert Coin,AxisLeftStick=Move; ButtonA=B Button; ButtonDpad=Move; ButtonX=A Button; ButtonStart=Start; ButtonBack=Insert Coin
zintrckb,P1_BUTTON4,low,True,JOYCODE_1_BUTTON4,False,P1_JOYSTICK=Move; P1_BUTTON1=A Button; P1_BUTTON2=B Button; START=Start; COIN=Insert Coin,AxisLeftStick=Move; ButtonA=B Button; ButtonDpad=Move; ButtonX=A Button; ButtonStart=Start; ButtonBack=Insert Coin
zipzap,P1_BUTTON2,low,True,JOYCODE_1_BUTTON1,False,P1_JOYSTICK=Move; P1_BUTTON1=Release / Shoot; START=Start; COIN=Insert Coin,AxisLeftStick=Move; ButtonDpad=Move; ButtonX=Release / Shoot; ButtonStart=Start; ButtonBack=Insert Coin
zipzap,P1_BUTTON3,low,True,JOYCODE_1_BUTTON2,False,P1_JOYSTICK=Move; P1_BUTTON1=Release / Shoot; START=Start; COIN=Insert Coin,AxisLeftStick=Move; ButtonDpad=Move; ButtonX=Release / Shoot; ButtonStart=Start; ButtonBack=Insert Coin
znpwfv,P1_BUTTON4,low,True,JOYCODE_1_BUTTON4,False,P1_JOYSTICK=Move; P1_BUTTON1=Attack; P1_BUTTON2=Grapple; P1_BUTTON3=Reverse; START=Start; COIN=Insert Coin,AxisLeftStick=Move; ButtonA=Grapple; ButtonB=Reverse; ButtonDpad=Move; ButtonX=Attack; ButtonStart=Start; ButtonBack=Insert Coin
zooo,P1_BUTTON3,low,True,JOYCODE_1_BUTTON2,False,P1_JOYSTICK=Move; P1_BUTTON1=Select; P1_BUTTON2=Hint; START=Start; COIN=Insert Coin,AxisLeftStick=Move; ButtonA=Hint; ButtonDpad=Move; ButtonX=Select; ButtonStart=Start; ButtonBack=Insert Coin
zupapa,P1_BUTTON3,low,True,JOYCODE_1_BUTTON2,False,P1_JOYSTICK=Move; P1_BUTTON1=Punch; P1_BUTTON2=Jump; START=Start; COIN=Insert Coin,AxisLeftStick=Move; ButtonA=Jump; ButtonDpad=Move; ButtonX=Punch; ButtonStart=Start; ButtonBack=Insert Coin
zupapa,P1_BUTTON4,low,True,JOYCODE_1_BUTTON4,False,P1_JOYSTICK=Move; P1_BUTTON1=Punch; P1_BUTTON2=Jump; START=Start; COIN=Insert Coin,AxisLeftStick=Move; ButtonA=Jump; ButtonDpad=Move; ButtonX=Punch; ButtonStart=Start; ButtonBack=Insert Coin
blstroid,P2_BUTTON2,low,False,JOYCODE_2_BUTTON3 OR JOYCODE_1_SLIDER2_NEG_SWITCH,True,P1_DIAL=Move; P1_BUTTON1=Shoot; P1_BUTTON2=Thrust; P1_BUTTON3=Transform; COIN=Insert Coin,AxisLeftStick=Move; AxisTriggerRight=Thrust; ButtonA=Shoot; ButtonB=Transform; ButtonDpad=Move; ButtonX=Thrust; ButtonStart=Start; ButtonBack=Insert Coin
brkball,P2_BUTTON4,low,False,JOYCODE_1_BUTTON2,True,P1_JOYSTICK=Move; P1_BUTTON1=Left Flipper; P1_BUTTON2=Right Flipper; START=Start; COIN=Insert Coin,AxisLeftStick=Move; ButtonA=Right Flipper; ButtonDpad=Move; ButtonLeftShoulder=Left Flipper; ButtonRightShoulder=Right Flipper; ButtonX=Left Flipper; ButtonStart=Start; ButtonBack=Insert Coin
curvebal,P2_BUTTON1,low,False,JOYCODE_1_BUTTON3,True,P1_BUTTON1=Bat; P1_BUTTON2=Bunt; COIN=Insert Coin,ButtonA=Bat; ButtonB=Pitch Right; ButtonX=Pitch Left; ButtonY=Bunt; ButtonStart=Start; ButtonBack=Insert Coin
curvebal,P2_BUTTON2,low,False,JOYCODE_1_BUTTON2,True,P1_BUTTON1=Bat; P1_BUTTON2=Bunt; COIN=Insert Coin,ButtonA=Bat; ButtonB=Pitch Right; ButtonX=Pitch Left; ButtonY=Bunt; ButtonStart=Start; ButtonBack=Insert Coin
driveyes,P2_BUTTON3,low,False,JOYCODE_1_BUTTON6,True,P1_PEDAL=Accelerate; P1_PEDAL2=Brake; P1_PADDLE=Steering; COIN=Insert Coin; P1_BUTTON2=Green Button; P1_BUTTON1=Red Button,AxisLeftStick=Steering; AxisTriggerLeft=Brake; AxisTriggerRight=Accelerate; ButtonA=Green Button; ButtonRightShoulder=Clutch; ButtonX=Red Button; ButtonY=View Change; ButtonStart=Start; ButtonBack=Insert Coin
firetrk,P2_BUTTON1,low,False,JOYCODE_1_BUTTON2,True,P1_DIAL=Steering; P1_BUTTON1=Accelerate; P1_BUTTON2=Horn; P1_BUTTON3=Select Track; START=Start; COIN=Insert Coin,AxisLeftStick=Steering; AxisTriggerRight=Accelerate; ButtonB=Bell; ButtonX=Select Track; ButtonY=Horn; ButtonStart=Start; ButtonBack=Insert Coin
funcube,P2_BUTTON1,low,False,JOYCODE_1_BUTTON1,True,P1_BUTTON2=Change Game; COIN=Insert Coin,AxisLeftStick=Move Cursor; AxisTriggerRight=Touch; ButtonA=Touch; ButtonX=Change Game; ButtonStart=Start; ButtonBack=Insert Coin
funcube,P2_BUTTON2,low,False,JOYCODE_1_BUTTON2,True,P1_BUTTON2=Change Game; COIN=Insert Coin,AxisLeftStick=Move Cursor; AxisTriggerRight=Touch; ButtonA=Touch; ButtonX=Change Game; ButtonStart=Start; ButtonBack=Insert Coin
funcube2,P2_BUTTON1,low,False,JOYCODE_1_BUTTON1,True,P1_BUTTON2=Change Game; COIN=Insert Coin,AxisLeftStick=Move Cursor; AxisTriggerRight=Touch; ButtonA=Touch; ButtonX=Change Game; ButtonStart=Start; ButtonBack=Insert Coin
funcube2,P2_BUTTON2,low,False,JOYCODE_1_BUTTON2,True,P1_BUTTON2=Change Game; COIN=Insert Coin,AxisLeftStick=Move Cursor; AxisTriggerRight=Touch; ButtonA=Touch; ButtonX=Change Game; ButtonStart=Start; ButtonBack=Insert Coin
funcube3,P2_BUTTON1,low,False,JOYCODE_1_BUTTON1,True,P1_BUTTON2=Change Game; COIN=Insert Coin,AxisLeftStick=Move Cursor; AxisTriggerRight=Touch; ButtonA=Touch; ButtonX=Change Game; ButtonStart=Start; ButtonBack=Insert Coin
funcube3,P2_BUTTON2,low,False,JOYCODE_1_BUTTON2,True,P1_BUTTON2=Change Game; COIN=Insert Coin,AxisLeftStick=Move Cursor; AxisTriggerRight=Touch; ButtonA=Touch; ButtonX=Change Game; ButtonStart=Start; ButtonBack=Insert Coin
funcube4,P2_BUTTON1,low,False,JOYCODE_1_BUTTON1,True,P1_BUTTON2=Change Game; COIN=Insert Coin,AxisLeftStick=Move Cursor; AxisTriggerRight=Touch; ButtonA=Touch; ButtonX=Change Game; ButtonStart=Start; ButtonBack=Insert Coin
funcube4,P2_BUTTON2,low,False,JOYCODE_1_BUTTON2,True,P1_BUTTON2=Change Game; COIN=Insert Coin,AxisLeftStick=Move Cursor; AxisTriggerRight=Touch; ButtonA=Touch; ButtonX=Change Game; ButtonStart=Start; ButtonBack=Insert Coin
funcube5,P2_BUTTON1,low,False,JOYCODE_1_BUTTON1,True,P1_BUTTON2=Change Game; COIN=Insert Coin,AxisLeftStick=Move Cursor; AxisTriggerRight=Touch; ButtonA=Touch; ButtonX=Change Game; ButtonStart=Start; ButtonBack=Insert Coin
funcube5,P2_BUTTON2,low,False,JOYCODE_1_BUTTON2,True,P1_BUTTON2=Change Game; COIN=Insert Coin,AxisLeftStick=Move Cursor; AxisTriggerRight=Touch; ButtonA=Touch; ButtonX=Change Game; ButtonStart=Start; ButtonBack=Insert Coin
grainbow,P2_BUTTON3,low,False,JOYCODE_1_BUTTON2,True,P1_JOYSTICK=Move; P1_BUTTON1=Attack; P1_BUTTON2=Jump; START=Start; COIN=Insert Coin,AxisLeftStick=Move; ButtonA=Jump; ButtonDpad=Move; ButtonX=Attack; ButtonStart=Start; ButtonBack=Insert Coin
lastbld2,P2_BUTTON3,low,False,JOYCODE_1_BUTTON2 OR JOYCODE_1_BUTTON6,True,P1_JOYSTICK=Move; P1_BUTTON1=Light Slash; P1_BUTTON2=Strong Slash; P1_BUTTON3=Throw; P1_BUTTON4=Deflect / Block; START=Start; COIN=Insert Coin,AxisLeftStick=Move; ButtonA=Strong Slash; ButtonB=Kick; ButtonDpad=Move; ButtonRightShoulder=Throw; ButtonX=Light Slash; ButtonY=Deflect / Block; ButtonStart=Start; ButtonBack=Insert Coin
lastbld2,P2_BUTTON4,low,False,JOYCODE_1_BUTTON4 OR JOYCODE_1_BUTTON6,True,P1_JOYSTICK=Move; P1_BUTTON1=Light Slash; P1_BUTTON2=Strong Slash; P1_BUTTON3=Throw; P1_BUTTON4=Deflect / Block; START=Start; COIN=Insert Coin,AxisLeftStick=Move; ButtonA=Strong Slash; ButtonB=Kick; ButtonDpad=Move; ButtonRightShoulder=Throw; ButtonX=Light Slash; ButtonY=Deflect / Block; ButtonStart=Start; ButtonBack=Insert Coin
mhavoc,P2_BUTTON1,low,False,JOYCODE_1_BUTTON3,True,P1_DIAL=Move; P1_BUTTON1=Shield; P1_BUTTON2=Shoot / Jump; COIN=Insert Coin,AxisLeftStick=Move; ButtonA=Shoot / Jump; ButtonDpad=Move; ButtonX=Shield; ButtonStart=Start; ButtonBack=Insert Coin
mhavoc,P2_BUTTON2,low,False,JOYCODE_1_BUTTON1,True,P1_DIAL=Move; P1_BUTTON1=Shield; P1_BUTTON2=Shoot / Jump; COIN=Insert Coin,AxisLeftStick=Move; ButtonA=Shoot / Jump; ButtonDpad=Move; ButtonX=Shield; ButtonStart=Start; ButtonBack=Insert Coin
sbowling,P2_BUTTON1,low,False,JOYCODE_1_BUTTON3,True,P1_TRACKBALL_X=Move / Bowl Ball; P1_TRACKBALL_Y=Move / Bowl Ball; P1_BUTTON1=Button; START=Start; COIN=Insert Coin,AxisLeftStick=Move / Bowl Ball; ButtonA=Button; ButtonStart=Start; ButtonBack=Insert Coin
sidearms,P2_BUTTON1,low,False,JOYCODE_1_BUTTON3,True,P1_JOYSTICK=Move; P1_BUTTON1=Shoot Left; P1_BUTTON2=Shoot Right; P1_BUTTON3=Change Weapon; START=Start; COIN=Insert Coin,AxisLeftStick=Move; ButtonA=Shoot Right; ButtonB=Change Weapon; ButtonDpad=Move; ButtonX=Shoot Left; ButtonStart=Start; ButtonBack=Insert Coin
sidearms,P2_BUTTON2,low,False,JOYCODE_1_BUTTON1,True,P1_JOYSTICK=Move; P1_BUTTON1=Shoot Left; P1_BUTTON2=Shoot Right; P1_BUTTON3=Change Weapon; START=Start; COIN=Insert Coin,AxisLeftStick=Move; ButtonA=Shoot Right; ButtonB=Change Weapon; ButtonDpad=Move; ButtonX=Shoot Left; ButtonStart=Start; ButtonBack=Insert Coin
sidearms,P2_BUTTON3,low,False,JOYCODE_1_BUTTON2,True,P1_JOYSTICK=Move; P1_BUTTON1=Shoot Left; P1_BUTTON2=Shoot Right; P1_BUTTON3=Change Weapon; START=Start; COIN=Insert Coin,AxisLeftStick=Move; ButtonA=Shoot Right; ButtonB=Change Weapon; ButtonDpad=Move; ButtonX=Shoot Left; ButtonStart=Start; ButtonBack=Insert Coin
tmek,P2_BUTTON1,low,False,JOYCODE_1_SLIDER1_NEG_SWITCH,True,P1_AD_STICK_X=Left Track; P1_AD_STICK_Y=Right Track; P1_BUTTON1=Shoot; START=Start; COIN=Insert Coin,AxisLeftStick=Left Track; AxisRightStick=Right Track; AxisTriggerLeft=Secondary Fire; AxisTriggerRight=Shoot; ButtonA=Special; ButtonStart=Start; ButtonBack=Insert Coin
tmek,P2_BUTTON2,low,False,JOYCODE_1_BUTTON1,True,P1_AD_STICK_X=Left Track; P1_AD_STICK_Y=Right Track; P1_BUTTON1=Shoot; START=Start; COIN=Insert Coin,AxisLeftStick=Left Track; AxisRightStick=Right Track; AxisTriggerLeft=Secondary Fire; AxisTriggerRight=Shoot; ButtonA=Special; ButtonStart=Start; ButtonBack=Insert Coin
warfa,P2_BUTTON1,low,False,JOYCODE_1_BUTTON3,True,P1_AD_STICK_X=Look; P1_BUTTON2=Shoot; P1_BUTTON4=View; START=Start; COIN=Insert Coin,AxisLeftStick=Move; AxisRightStick=Look; AxisTriggerRight=Shoot; ButtonY=View; ButtonStart=Start; ButtonBack=Insert Coin
